timestamp,timestamp_sample,accel_device_id,gyro_device_id,delta_angle[0],delta_angle[1],delta_angle[2],delta_velocity[0],delta_velocity[1],delta_velocity[2],delta_angle_dt,delta_velocity_dt,delta_velocity_clipping,accel_calibration_count,gyro_calibration_count
1715966,1715243,2490386,2490386,-3.8388393e-06,1.1503452e-05,4.7903327e-06,0.00055277033,-0.00023648208,-0.038694493,3954,3954,0,1,1
2218214,2217497,2490386,2490386,-1.2171217e-05,1.4022142e-05,1.4103492e-05,0.00058579206,-1.1604606e-05,-0.03862147,3954,3954,0,1,1
2716534,2715799,2490386,2490386,-6.0274624e-06,1.26021905e-05,1.959348e-05,0.00060774415,-0.00020216618,-0.03878436,3956,3956,0,1,1
3218762,3218054,2490386,2490386,-1.0224146e-05,1.0684721e-05,-6.565685e-06,0.000983608,0.00021107834,-0.038664058,3955,3955,0,1,1
3717066,3716355,2490386,2490386,9.2258415e-06,2.14107e-05,1.4074007e-05,-6.977044e-05,0.00036525138,-0.038750898,3955,3955,0,1,1
4219325,4218612,2490386,2490386,-4.75415e-06,9.948106e-06,1.5743008e-05,0.00029504913,3.3949924e-05,-0.038758397,3955,3955,0,1,1
4717612,4716914,2490386,2490386,-2.8216632e-06,4.707846e-06,1.1435232e-05,0.00068860693,0.00011551882,-0.03886242,3954,3954,0,1,1
5215929,5215217,2490386,2490386,-7.5966404e-06,7.942072e-06,9.367898e-06,0.0005982938,-0.0002226182,-0.03862796,3954,3954,0,1,1
5718217,5717475,2490386,2490386,-2.3081773e-06,1.063869e-06,1.5040961e-05,0.0007166851,5.245768e-05,-0.03872081,3954,3954,0,1,1
6216546,6215780,2490386,2490386,-8.332495e-06,9.395693e-06,1.4574325e-05,0.00050151703,-0.00013319677,-0.038623005,3956,3956,0,1,1
6718739,6718038,2490386,2490386,-1.0167638e-05,1.21747225e-05,1.6426593e-05,0.00038583146,-0.00020228088,-0.03858804,3955,3955,0,1,1
7217047,7216342,2490386,2490386,-5.593926e-06,5.8731016e-06,1.010204e-05,0.00045045736,-0.00034196558,-0.038724337,3955,3955,0,1,1
7719370,7718601,2490386,2490386,-1.0935883e-05,9.52555e-06,4.8980914e-06,0.0005474449,-0.00016801243,-0.038555272,3954,3954,0,1,1
8217609,8216906,2490386,2490386,-8.397313e-06,1.4138971e-05,4.274289e-06,0.0007185811,7.5924936e-06,-0.0386046,3954,3954,0,1,1
8715923,8715212,2490386,2490386,-1.5629255e-05,1.3667082e-05,7.841326e-06,0.0005172561,-0.00015751405,-0.03880601,3955,3955,0,1,1
9218177,9217472,2490386,2490386,-1.2211276e-05,-9.782779e-06,1.6566963e-05,0.00031580543,0.00035171414,-0.039040435,3955,3955,0,1,1
9716487,9715779,2490386,2490386,-1.10375395e-05,7.659388e-06,3.391091e-05,0.00074823987,-0.00022047262,-0.038673993,3956,3956,0,1,1
10218803,10218038,2490386,2490386,-5.5442524e-06,1.1366585e-05,3.3566846e-07,0.0006539791,-0.00020952367,-0.038658813,3954,3954,0,1,1
10717047,10716345,2490386,2490386,-7.990645e-06,1.5295784e-05,9.806751e-06,0.0006036147,-0.00018849617,-0.03868758,3955,3955,0,1,1
11219312,11218606,2490386,2490386,-6.203761e-06,1.0668122e-05,1.4021825e-05,0.00043898015,-0.00014956648,-0.03860322,3955,3955,0,1,1
11717613,11716913,2490386,2490386,-5.6951803e-06,8.335254e-06,1.982189e-05,0.0005641464,-0.00014230337,-0.038652867,3955,3955,0,1,1
12215928,12215220,2490386,2490386,-1.5325113e-05,1.2271733e-05,2.0161551e-05,0.0004231906,4.893534e-05,-0.03858035,3953,3953,0,1,1
12718201,12717482,2490386,2490386,-6.9640173e-06,8.118198e-06,5.097853e-06,0.00022442706,-0.00030984485,-0.03861546,3955,3955,0,1,1
13216507,13215790,2490386,2490386,-9.326775e-06,2.036446e-05,4.591794e-05,0.0007618776,-0.00032453498,-0.038530637,3955,3955,0,1,1
13718784,13718054,2490386,2490386,-8.434985e-06,1.3229604e-05,-1.8549526e-06,0.00039485743,5.281103e-05,-0.038780462,3957,3957,0,1,1
14217062,14216360,2490386,2490386,-1.3703355e-05,1.1420597e-05,-5.4736634e-06,0.0002287441,-0.00023614237,-0.038541738,3955,3955,0,1,1
14719338,14718623,2490386,2490386,-7.8657087e-07,1.9707699e-05,-6.348647e-06,0.00096055795,-8.4700245e-05,-0.03847694,3955,3955,0,1,1
15217718,15216931,2490386,2490386,-6.788709e-06,2.249629e-05,1.5250445e-05,0.0006131009,-0.000111190784,-0.03878106,3954,3954,0,1,1
15715954,15715240,2490386,2490386,5.6763033e-06,1.711019e-05,2.2944749e-05,0.00026372573,-6.382235e-05,-0.03869896,3955,3955,0,1,1
16218212,16217503,2490386,2490386,-3.6083722e-05,-1.59666e-05,2.8126822e-05,-0.00016720421,-0.00062605436,-0.03893371,3954,3954,0,1,1
16716563,16715812,2490386,2490386,-5.6363456e-06,1.0676419e-05,-1.9604033e-05,0.0006154974,-0.0002229915,-0.038796265,3954,3954,0,1,1
17218807,17218076,2490386,2490386,-1.5247908e-05,1.2224272e-05,1.0788999e-05,0.0005327713,-0.00025283682,-0.03870293,3955,3955,0,1,1
17717151,17716385,2490386,2490386,-3.8242856e-06,1.9876185e-05,2.6357873e-05,0.00031677153,-0.00010607369,-0.038591407,3955,3955,0,1,1
18219355,18218650,2490386,2490386,-1.5130975e-05,3.0299398e-05,9.94199e-06,0.00028230078,-0.00034738012,-0.0387564,3955,3955,0,1,1
18717746,18716959,2490386,2490386,-1.107466e-05,1.2132573e-05,1.1959137e-06,0.00050077983,-9.897047e-05,-0.03853178,3947,3947,0,1,1
19215970,19215269,2490386,2490386,-4.8632755e-06,1.0991823e-05,1.48648e-05,0.00049019145,-0.00012052092,-0.038756467,3955,3955,0,1,1
19718257,19717534,2490386,2490386,-2.6397342e-05,5.2291907e-05,1.12109765e-05,0.00023547391,-0.0011446708,-0.038889647,3955,3955,0,1,1
20216546,20215844,2490386,2490386,6.5791714e-06,9.036213e-06,-2.0840214e-05,0.0005904423,7.189085e-05,-0.03851005,3955,3955,0,1,1
20718812,20718109,2490386,2490386,-1.2136659e-05,-1.5250417e-06,2.6032218e-05,0.0009085566,0.00022035767,-0.03867386,3955,3955,0,1,1
21217142,21216419,2490386,2490386,-7.4317163e-06,6.83104e-06,6.015856e-06,0.0004734234,-0.00036694005,-0.03870172,3955,3955,0,1,1
21719401,21718686,2490386,2490386,-1.1829003e-05,8.193878e-06,-2.4020476e-06,0.0005607811,-0.00031039646,-0.038352296,3955,3955,0,1,1
22217704,22216995,2490386,2490386,-1.1347782e-05,-1.3014092e-05,6.797442e-06,0.00033986624,-0.00013211236,-0.038503844,3955,3955,0,1,1
22716017,22715305,2490386,2490386,-5.478343e-06,8.2085387e-07,6.6699017e-06,0.0004831677,-0.00010076539,-0.038738523,3954,3954,0,1,1
23218279,23217571,2490386,2490386,-6.136625e-06,1.001484e-05,1.3912003e-05,0.00059309334,-4.0561732e-05,-0.03859761,3955,3955,0,1,1
23716588,23715885,2490386,2490386,-7.146816e-06,1.5782663e-05,8.305214e-06,0.0007978041,-3.1778e-05,-0.038530953,3958,3958,0,1,1
24218915,24218148,2490386,2490386,-1.0146142e-05,1.3599295e-05,2.2335431e-05,0.0003576736,-0.00018602506,-0.038786758,3955,3955,0,1,1
24717170,24716460,2490386,2490386,-6.6255975e-06,1.2778257e-05,1.312787e-05,0.0006853402,-0.00011682555,-0.038653813,3955,3955,0,1,1
25219437,25218726,2490386,2490386,-1.1422476e-05,9.371734e-06,1.6708134e-05,0.00059199304,6.293538e-05,-0.03850347,3955,3955,0,1,1
25717806,25717037,2490386,2490386,7.4244685e-06,-9.4606355e-07,-6.1610925e-05,0.00041479807,-1.9657266e-05,-0.038267914,3954,3954,0,1,1
26216063,26215350,2490386,2490386,-1.0261463e-05,1.268345e-05,-1.1346045e-05,0.0005767989,-0.0003548059,-0.03855533,3956,3956,0,1,1
26718421,26717616,2490386,2490386,-1.6004975e-05,-1.3964424e-05,1.8510935e-05,0.0014126588,-0.00011990872,-0.03863484,3955,3955,0,1,1
27216649,27215928,2490386,2490386,-1.3586975e-05,-7.1183445e-06,5.3506988e-06,0.00085211464,-5.5059023e-05,-0.038819976,3955,3955,0,1,1
27718911,27718195,2490386,2490386,-2.039449e-06,1.58847e-05,3.282439e-05,0.0006287756,0.00015776587,-0.038595725,3956,3956,0,1,1
28217235,28216506,2490386,2490386,-2.5844463e-06,2.7379945e-05,7.174211e-05,0.00062111503,0.0007558822,-0.038868275,3955,3955,0,1,1
28719477,28718773,2490386,2490386,-9.026502e-06,1.14920895e-05,-1.1112266e-05,0.00077136356,-0.00039756656,-0.038848497,3955,3955,0,1,1
29217805,29217085,2490386,2490386,-1.3288018e-05,-6.805854e-06,2.626914e-05,0.0003500596,0.00019064813,-0.038958184,3955,3955,0,1,1
29716113,29715398,2490386,2490386,-7.1174145e-06,1.6383243e-05,9.768081e-06,0.0006053724,-0.00016361265,-0.03898987,3955,3955,0,1,1
30218378,30217665,2490386,2490386,-1.058623e-05,5.366348e-06,2.1304182e-05,0.00052564126,-0.00027551237,-0.038746417,3950,3950,0,1,1
30716678,30715978,2490386,2490386,-9.490219e-06,1.7821327e-05,1.6937758e-05,0.0006541809,-8.22779e-05,-0.038760316,3955,3955,0,1,1
31218955,31218245,2490386,2490386,-1.14824525e-05,1.630771e-05,7.398158e-06,0.0005625298,-0.00021169335,-0.03861583,3955,3955,0,1,1
31717271,31716558,2490386,2490386,-7.960055e-06,6.7758388e-06,1.0177183e-05,0.0004337652,-0.00017401806,-0.03854912,3954,3954,0,1,1
32219527,32218826,2490386,2490386,-5.679625e-06,1.7405464e-05,9.331732e-06,0.0004769166,-0.0002469936,-0.038734738,3955,3955,0,1,1
32717859,32717138,2490386,2490386,-1.3243118e-05,9.972236e-06,-1.8241933e-07,0.00077168026,-0.00032328008,-0.038882464,3954,3954,0,1,1
33216170,33215452,2490386,2490386,-1.3574234e-05,3.6913325e-06,1.7645083e-05,0.0008942912,-9.339608e-05,-0.03863067,3955,3955,0,1,1
33718442,33717719,2490386,2490386,-9.9806675e-06,1.9360914e-05,1.965857e-05,0.00046254756,-0.00011337042,-0.03894869,3954,3954,0,1,1
34216746,34216033,2490386,2490386,-7.975465e-06,7.895887e-06,1.3087241e-05,0.00052817754,-0.00012899995,-0.038689688,3955,3955,0,1,1
34719001,34718301,2490386,2490386,-1.079719e-05,1.4480943e-05,1.3226881e-05,0.0005521849,-0.00014345054,-0.03875616,3955,3955,0,1,1
35217375,35216615,2490386,2490386,-9.22712e-06,1.2336875e-05,1.9436833e-05,0.0003851041,-6.553288e-05,-0.03870303,3955,3955,0,1,1
35719586,35718883,2490386,2490386,-9.180819e-06,1.0437644e-05,7.022098e-06,0.0005603616,-0.00013306523,-0.03867086,3955,3955,0,1,1
36217940,36217196,2490386,2490386,-1.3604681e-05,1.2311372e-05,1.1797354e-05,0.0005372822,-0.00016961258,-0.038671114,3955,3955,0,1,1
36716251,36715510,2490386,2490386,-7.889405e-06,1.5318283e-05,1.3472523e-05,0.00048599407,-8.670889e-05,-0.038637888,3955,3955,0,1,1
37218552,37217779,2490386,2490386,-1.4299432e-05,1.4288623e-05,1.0301622e-05,0.000700392,-0.00019546787,-0.03840982,3955,3955,0,1,1
37716836,37716093,2490386,2490386,-6.916942e-06,6.032447e-06,7.0582164e-06,0.00041827967,-0.00015823236,-0.038971577,3955,3955,0,1,1
38219062,38218362,2490386,2490386,-4.5642923e-06,1.6495313e-05,1.0066854e-05,0.00041073957,-0.00010575924,-0.038554348,3955,3955,0,1,1
38717384,38716676,2490386,2490386,-1.0211746e-05,1.8310031e-05,1.7379802e-05,0.000508703,-0.00016530303,-0.0389857,3955,3955,0,1,1
39219702,39218945,2490386,2490386,-7.6205147e-06,2.2566079e-05,8.781422e-06,0.0006736517,-0.00014337874,-0.038185485,3955,3955,0,1,1
39717966,39717259,2490386,2490386,-5.7813186e-06,1.6515352e-05,-5.213749e-06,0.0008551608,-0.0003556886,-0.038447645,3955,3955,0,1,1
40216306,40215573,2490386,2490386,-1.430598e-06,5.5492077e-05,8.950988e-06,0.00061423203,0.00044812783,-0.03845663,3955,3955,0,1,1
40718569,40717843,2490386,2490386,-1.4386862e-05,6.5456634e-06,2.5179133e-05,0.0005488262,-0.00025189272,-0.038557418,3955,3955,0,1,1
41216877,41216158,2490386,2490386,-1.1289377e-05,2.0887444e-05,7.906044e-05,0.0008540472,-0.00010396382,-0.03888807,3956,3956,0,1,1
41719139,41718432,2490386,2490386,-1.6439486e-05,-5.4592433e-06,7.415403e-06,0.0019117295,0.00044832856,-0.038659733,3961,3961,0,1,1
42217453,42216741,2490386,2490386,-2.0531137e-05,9.592798e-06,3.1323307e-05,0.00033734224,-0.00014435922,-0.038806923,3955,3955,0,1,1
42719772,42719010,2490386,2490386,6.010546e-07,1.1946167e-05,4.9021974e-06,0.0007369938,0.00019200137,-0.038680334,3955,3955,0,1,1
43218051,43217325,2490386,2490386,-6.3638413e-06,1.9998153e-05,9.753773e-06,0.00051762024,-0.00039361796,-0.038659934,3955,3955,0,1,1
43716357,43715640,2490386,2490386,3.1564148e-06,-2.529595e-05,1.127762e-06,4.6906094e-05,-0.00015199241,-0.03835272,3955,3955,0,1,1
44218620,44217910,2490386,2490386,-4.0760674e-06,2.1560963e-05,1.47891005e-05,0.0013001941,-0.00011103517,-0.03879838,3955,3955,0,1,1
44716928,44716226,2490386,2490386,-1.0666467e-05,1.4517846e-05,-5.938241e-06,0.00090287754,-0.00013093263,-0.0386846,3956,3956,0,1,1
45219245,45218494,2490386,2490386,1.4526604e-06,8.909449e-06,4.9329727e-05,0.0003719053,-0.000865523,-0.039308105,3955,3955,0,1,1
45717512,45716810,2490386,2490386,-1.677426e-05,2.4292493e-05,3.430378e-05,0.00036529356,0.00022175272,-0.03817278,3955,3955,0,1,1
46219784,46219079,2490386,2490386,-1.067318e-05,1.1592501e-05,-5.603585e-06,0.0011957209,-0.00040988307,-0.038471855,3954,3954,0,1,1
46714157,46713440,2490386,2490386,-9.802232e-06,1.7426755e-05,1.827166e-05,0.0006613475,-0.00012425164,-0.038639236,3955,3955,0,1,1
47216420,47215714,2490386,2490386,-7.52343e-06,1.7849983e-05,1.8865712e-05,0.00067159167,-0.00014767195,-0.038749877,3959,3959,0,1,1
47718760,47717980,2490386,2490386,-7.1345503e-06,1.377144e-05,1.651801e-05,0.0006740596,-0.00012232854,-0.03871409,3955,3955,0,1,1
48216999,48216295,2490386,2490386,1.4861982e-05,5.0867115e-05,7.8881494e-05,0.0010340688,-0.000103931634,-0.0386265,3955,3955,0,1,1
48719268,48718565,2490386,2490386,1.9800713e-07,2.4435607e-05,7.4955446e-05,0.0012251363,0.0008138208,-0.03865573,3955,3955,0,1,1
49217581,49216880,2490386,2490386,-2.7026741e-05,5.8747373e-06,3.4768895e-05,0.00066119235,-0.00020804653,-0.03836011,3955,3955,0,1,1
49719883,49719150,2490386,2490386,-8.809641e-06,1.191735e-05,-7.879615e-08,0.0002355287,-7.485863e-05,-0.038704447,3955,3955,0,1,1
50214244,50213511,2490386,2490386,-6.2815843e-06,1.6441216e-05,8.703914e-06,0.00039169894,-0.00028844728,-0.038583666,3955,3955,0,1,1
50716549,50715781,2490386,2490386,-8.904044e-06,1.3459343e-05,1.469029e-05,0.00049914303,-0.00018098054,-0.038636185,3955,3955,0,1,1
51218758,51218051,2490386,2490386,-9.061318e-06,1.2212866e-05,2.1996759e-05,0.0005673148,0.000116653886,-0.038584664,3954,3954,0,1,1
51717139,51716367,2490386,2490386,-9.503512e-06,1.4375128e-05,1.279196e-05,0.00047032794,-0.00024103234,-0.038550816,3955,3955,0,1,1
52219360,52218638,2490386,2490386,-0.0018098847,9.43944e-05,0.0014723382,-0.0009373603,0.00074191357,-0.039731886,3955,3955,0,1,1
52717717,52716953,2490386,2490386,-0.002408594,-0.00055440905,0.00035582608,0.002016588,0.016543034,-0.0337274,3955,3955,0,1,1
53219925,53219222,2490386,2490386,-0.0021397774,-0.00027288718,0.00032065826,0.0011247677,0.026917838,-0.029844988,3954,3954,0,1,1
53714379,53713581,2490386,2490386,-0.0010538712,0.001194721,0.00045920457,-0.0019230922,0.03288411,-0.010828624,3955,3955,0,1,1
54216558,54215850,2490386,2490386,-0.0035226247,0.0021240644,-0.00091510656,0.0020698162,0.03288669,-0.017634407,3955,3955,0,1,1
54718831,54718119,2490386,2490386,-0.0013989523,0.0009814053,-0.00055309775,0.0016536814,0.0356571,-0.014489885,3955,3955,0,1,1
55217205,55216433,2490386,2490386,-5.7136378e-05,-0.00023870876,0.0001667026,0.0015022204,0.036830045,-0.0116526075,3955,3955,0,1,1
55719405,55718702,2490386,2490386,6.885714e-05,9.39708e-05,-1.433153e-05,0.0016862273,0.037722602,-0.010969045,3954,3954,0,1,1
56217723,56217017,2490386,2490386,3.0301564e-05,-7.5506185e-05,4.567072e-05,0.0017443801,0.037453674,-0.010726694,3955,3955,0,1,1
56720015,56719286,2490386,2490386,2.5088664e-05,-0.00018236594,0.0004128065,0.0027777788,0.037498325,-0.009889425,3955,3955,0,1,1
57214383,57213646,2490386,2490386,-9.091468e-05,-8.424226e-05,-8.416211e-05,0.001457388,0.037967503,-0.009737977,3955,3955,0,1,1
57716624,57715918,2490386,2490386,-0.00035313028,0.00022583938,-0.00031223716,0.0012870241,0.038039,-0.008608927,3957,3957,0,1,1
58218896,58218185,2490386,2490386,0.00019207026,-8.769429e-06,7.401519e-06,0.0010845386,0.03828531,-0.008230157,3955,3955,0,1,1
58717212,58716499,2490386,2490386,-0.00013548518,0.00021338595,-0.00020221376,0.00058453664,0.038359303,-0.008307709,3954,3954,0,1,1
59219473,59218769,2490386,2490386,-3.6132842e-05,5.309068e-05,-7.9743666e-05,0.0010028811,0.037892587,-0.009045106,3955,3955,0,1,1
59717791,59717083,2490386,2490386,0.00010300005,-0.00013728722,6.414923e-05,-0.00019047089,0.038684525,-0.0066729896,3955,3955,0,1,1
60220118,60219352,2490386,2490386,6.49381e-05,-0.00012829906,9.771087e-05,-0.00047097824,0.037341133,-0.0075651035,3955,3955,0,1,1
60714434,60713718,2490386,2490386,0.00017376189,-0.0001908613,7.272738e-05,-0.0017713326,0.037655078,-0.008816964,3961,3961,0,1,1
61216748,61215984,2490386,2490386,-5.8387446e-05,-0.00013611413,-7.770092e-05,-0.000100019395,0.038336013,-0.007825434,3958,3958,0,1,1
61718962,61718250,2490386,2490386,-0.00031573232,0.00020667962,-0.00022064874,-0.00065497647,0.038839623,-0.007124799,3955,3955,0,1,1
62217293,62216564,2490386,2490386,2.972608e-05,0.00023799959,-0.0001586796,-0.00038728816,0.038679283,-0.007651947,3955,3955,0,1,1
62719537,62718832,2490386,2490386,0.000294805,0.00013821493,-0.00015511832,-0.00065015256,0.038312733,-0.008676831,3955,3955,0,1,1
63217856,63217146,2490386,2490386,-0.00023903731,0.00015507016,-2.389309e-05,-0.0009999124,0.037836928,-0.009138093,3955,3955,0,1,1
63720137,63719414,2490386,2490386,0.00041898427,-0.0003586357,0.0011220351,0.0002996824,0.038054887,-0.00882371,3955,3955,0,1,1
64214477,64213772,2490386,2490386,0.0007355989,0.00024367508,0.00035377673,0.0041552316,0.037097346,-0.009223079,3948,3948,0,1,1
64716756,64716041,2490386,2490386,0.004848351,0.0014892351,-0.0011204742,0.0027925603,0.03189775,-0.017739907,3955,3955,0,1,1
65219016,65218309,2490386,2490386,0.0016707955,-0.001188396,0.0017533517,0.0015784865,0.015956357,-0.040264405,3955,3955,0,1,1
65717417,65716622,2490386,2490386,0.0015425341,-0.00087370945,-0.0014168416,0.0018846146,0.00013198613,-0.03893996,3954,3954,0,1,1
66219597,66218891,2490386,2490386,-0.0005322631,0.00014637713,-0.00043879251,-0.0018443511,0.0016926591,-0.03133167,3954,3954,0,1,1
66717927,66717206,2490386,2490386,-3.6126447e-05,-3.0871543e-06,0.00015813451,0.0017303312,-0.00076315517,-0.03910264,3955,3955,0,1,1
67220194,67219475,2490386,2490386,2.535914e-06,1.2110607e-05,6.514089e-05,0.000806745,-4.755233e-06,-0.038444947,3955,3955,0,1,1
67714537,67713835,2490386,2490386,-2.42448e-05,-6.7207334e-06,4.1910975e-05,0.0006218178,0.00035810354,-0.03877649,3955,3955,0,1,1
68216828,68216105,2490386,2490386,-6.5418703e-06,3.620682e-05,2.8861992e-05,0.00048891944,-0.00016515862,-0.03867296,3955,3955,0,1,1
68719100,68718375,2490386,2490386,-1.2850508e-05,1.6856335e-05,1.912682e-05,0.00055030966,0.00026900234,-0.03895018,3955,3955,0,1,1
69217404,69216690,2490386,2490386,-7.088538e-06,2.1530552e-05,9.209417e-06,0.0004801174,-4.9803384e-06,-0.038882542,3954,3954,0,1,1
69719660,69718961,2490386,2490386,-2.1296313e-05,1.9052184e-06,1.4367556e-05,0.00059898087,2.8507116e-05,-0.03859495,3955,3955,0,1,1
70217979,70217276,2490386,2490386,-7.8098465e-06,2.411397e-05,1.0355284e-05,0.0009905761,0.0001135246,-0.03875284,3954,3954,0,1,1
70720267,70719547,2490386,2490386,-7.4962845e-06,1.5095201e-05,-2.438737e-05,0.00032534538,-7.058172e-05,-0.0385021,3955,3955,0,1,1
71214607,71213908,2490386,2490386,-3.9993915e-06,1.9984007e-05,3.3595094e-05,0.0009390654,0.00043713863,-0.038537014,3955,3955,0,1,1
71716910,71716179,2490386,2490386,-1.009273e-05,2.8415408e-05,-2.311307e-06,0.0012149042,3.7662732e-05,-0.039274096,3955,3955,0,1,1
72219161,72218452,2490386,2490386,-1.5584057e-05,6.407614e-07,-1.8910068e-05,0.0009925516,0.00027710243,-0.038657997,3956,3956,0,1,1
72717469,72716767,2490386,2490386,-1.106411e-05,1.2396722e-05,-3.7389843e-06,0.00027309352,-0.00055387616,-0.038399078,3955,3955,0,1,1
73219811,73219038,2490386,2490386,-1.13610495e-05,5.6069723e-05,-1.1447823e-05,0.0008990164,-8.8634715e-06,-0.039009612,3955,3955,0,1,1
73718072,73717355,2490386,2490386,-2.1761354e-05,-4.8537735e-05,-5.4337488e-05,0.0019819369,-7.4117415e-05,-0.038158864,3955,3955,0,1,1
74216484,74215672,2490386,2490386,1.2097002e-05,-7.928942e-06,-1.2486653e-05,0.0010082469,-0.0001871628,-0.038657974,3955,3955,0,1,1
74714695,74713988,2490386,2490386,-2.344875e-05,-3.9363395e-06,-7.128641e-05,0.00084397336,-0.0006330797,-0.03938936,3955,3955,0,1,1
75217017,75216260,2490386,2490386,-1.0892214e-05,1.9915076e-05,-1.0921711e-05,0.001267052,-0.00016858711,-0.038934972,3953,3953,0,1,1
75715295,75714577,2490386,2490386,-3.96777e-06,2.876734e-05,3.9690047e-05,0.0010047151,0.0002579517,-0.038786225,3955,3955,0,1,1
76217634,76216849,2490386,2490386,-1.6593674e-05,9.309107e-06,1.532943e-05,0.0010132896,0.0004453694,-0.038456433,3955,3955,0,1,1
76719832,76719121,2490386,2490386,-5.4795414e-06,3.3537715e-05,1.1933718e-05,0.0004023338,-0.0005355599,-0.038620055,3955,3955,0,1,1
77218133,77217438,2490386,2490386,-9.896294e-06,1.2697197e-05,1.68106e-05,0.0005539763,5.7451267e-05,-0.038403064,3955,3955,0,1,1
77720427,77719715,2490386,2490386,-1.1766605e-05,5.6608465e-06,1.2084944e-05,0.0006210729,-0.00012787487,-0.038671132,3956,3956,0,1,1
78214794,78214073,2490386,2490386,-4.6362884e-06,1.2255808e-05,1.9300893e-05,0.00066085206,2.4387384e-05,-0.03864296,3956,3956,0,1,1
78717051,78716345,2490386,2490386,-1.4965884e-05,1.0505094e-05,1.3781632e-05,0.00035586592,-3.7360667e-05,-0.038733378,3955,3955,0,1,1
79215396,79214662,2490386,2490386,-6.3619214e-06,2.0564617e-05,6.0673597e-06,0.0007807745,-5.1865794e-05,-0.038602952,3955,3955,0,1,1
79717676,79716934,2490386,2490386,-8.498462e-06,1.5999498e-05,1.5392328e-05,0.00062391337,3.3203269e-06,-0.038782246,3954,3954,0,1,1
80219923,80219207,2490386,2490386,-6.7192996e-06,1.0728734e-05,1.5156996e-05,0.00071920455,-8.255758e-07,-0.038728103,3955,3955,0,1,1
80718246,80717525,2490386,2490386,-1.2640881e-05,1.2583775e-05,1.1054292e-05,0.0006811051,-4.802326e-07,-0.038582645,3955,3955,0,1,1
81216579,81215843,2490386,2490386,-8.833087e-06,1.41803985e-05,1.7425235e-05,0.0007481319,0.00011996028,-0.038506594,3955,3955,0,1,1
81714882,81714161,2490386,2490386,-8.457982e-06,1.4227412e-05,8.932268e-06,0.0004711514,-5.0866834e-06,-0.038595952,3955,3955,0,1,1
82217195,82216434,2490386,2490386,-1.0320918e-05,9.370324e-06,1.5098813e-05,0.0006677663,-7.9242345e-06,-0.038428847,3955,3955,0,1,1
82715462,82714752,2490386,2490386,-5.9294412e-05,7.1520575e-05,-0.000155413,0.0018872992,-0.0013874038,-0.03920201,3955,3955,0,1,1
83217732,83217025,2490386,2490386,-1.1163401e-06,-0.00010246994,0.00016100319,0.0001410993,4.4534132e-05,-0.03889192,3955,3955,0,1,1
83720033,83719299,2490386,2490386,-1.04067885e-05,0.00012619735,-6.443968e-05,0.00024435675,-0.00028590296,-0.038628705,3956,3956,0,1,1
84218321,84217615,2490386,2490386,1.18501e-05,2.5420848e-05,-0.00028706406,0.002063003,-0.0010732552,-0.03829038,3954,3954,0,1,1
84720603,84719889,2490386,2490386,8.25691e-05,-0.00015992357,0.0001412912,0.00057327317,0.0008189615,-0.03854757,3955,3955,0,1,1
85214975,85214251,2490386,2490386,5.23056e-05,-7.671981e-05,0.00017458494,0.00056576845,0.0014050293,-0.03786437,3955,3955,0,1,1
85717236,85716524,2490386,2490386,-1.7577875e-05,-8.4596286e-05,0.00020130079,-0.0016954754,-0.00032892448,-0.036578067,3955,3955,0,1,1
86215562,86214842,2490386,2490386,1.2533939e-06,6.116998e-05,1.4221632e-05,0.000139256,0.00048201854,-0.038600873,3954,3954,0,1,1
86717816,86717116,2490386,2490386,3.0638175e-06,4.6958317e-05,-5.715795e-05,0.0005137001,0.00040770147,-0.038780276,3955,3955,0,1,1
87220099,87219389,2490386,2490386,-1.5155686e-05,3.2370277e-05,7.31832e-05,0.0013548256,0.0014477852,-0.03985413,3947,3947,0,1,1
87718484,87717707,2490386,2490386,0.00047009264,0.0022819585,0.00115574,-0.0028968018,0.004990061,-0.04292623,3955,3955,0,1,1
88220683,88219984,2490386,2490386,-0.002894508,-0.00074217404,0.0054211314,0.0034484065,0.010657906,-0.031448834,3958,3958,0,1,1
88715050,88714344,2490386,2490386,-0.0010816319,-0.0024340528,0.0072548916,0.0041579716,0.0013072654,-0.038557455,3955,3955,0,1,1
89217322,89216616,2490386,2490386,-0.0015586134,-0.0012905034,0.004686942,0.0030174947,0.009135856,-0.042104725,3955,3955,0,1,1
89715641,89714933,2490386,2490386,0.00020551316,-1.7032235e-05,-0.0021175768,0.007882029,0.005987965,-0.036821503,3955,3955,0,1,1
90217982,90217204,2490386,2490386,0.00032929494,0.0008371143,-0.0031164377,0.00453318,0.0031861153,-0.035119265,3953,3953,0,1,1
90716288,90715527,2490386,2490386,-0.0002591082,0.0010750422,-0.0031393366,0.0021340686,0.0019878268,-0.037022136,3963,3963,0,1,1
91218584,91217792,2490386,2490386,0.0013902909,-0.00013958752,-0.004728684,0.0011421875,-0.0016205802,-0.038455945,3956,3956,0,1,1
91720791,91720061,2490386,2490386,0.00016449236,-0.0010996213,-0.0009385312,0.001710567,0.0017904958,-0.04547552,3955,3955,0,1,1
92215123,92214423,2490386,2490386,0.00088902924,-0.0004602926,-0.0010569756,-0.002156983,-0.0017611,-0.042697098,3953,3953,0,1,1
92717421,92716695,2490386,2490386,9.187074e-05,0.00040179805,6.8951136e-05,0.004394968,0.0017068479,-0.03397754,3955,3955,0,1,1
93215728,93215012,2490386,2490386,-0.00016394239,0.0006911969,0.0012654471,0.002055621,0.00040791888,-0.03423437,3955,3955,0,1,1
93718050,93717285,2490386,2490386,-0.0004985583,0.00042616774,-0.00016996762,-0.00043058608,-0.0011444893,-0.036902286,3955,3955,0,1,1
94216326,94215602,2490386,2490386,0.0010205666,0.0001381103,0.0013741456,-0.002140036,-0.004055918,-0.04123032,3954,3954,0,1,1
94718575,94717875,2490386,2490386,0.00047402564,0.00072149234,0.0022474218,-0.0053182445,-0.007739361,-0.037311275,3955,3955,0,1,1
95220859,95220147,2490386,2490386,-0.0017508246,-0.0011362702,0.0016617995,-0.0050441804,-0.005773246,-0.03549446,3955,3955,0,1,1
95715225,95714509,2490386,2490386,0.000104716135,0.0008934658,0.0023133683,-0.00926034,-0.00091792096,-0.041720394,3955,3955,0,1,1
96217560,96216781,2490386,2490386,0.0017199598,0.0012307529,-0.00042310948,-0.0011803095,-0.0031583447,-0.041152406,3954,3954,0,1,1
96715797,96715096,2490386,2490386,0.00011793944,0.0012230674,-0.0001273855,-0.0013080689,-0.0023826913,-0.036074787,3955,3955,0,1,1
97218073,97217366,2490386,2490386,0.00015287797,0.00021202257,-0.0001875852,-0.00066613825,-0.00029871182,-0.039112892,3954,3954,0,1,1
97716477,97715682,2490386,2490386,1.0448419e-05,3.5486624e-05,-1.5150179e-05,0.0013823196,-3.030173e-07,-0.039064687,3955,3955,0,1,1
98218663,98217953,2490386,2490386,-1.9163934e-05,1.632154e-06,-3.9322995e-06,0.0008911578,-0.00036935907,-0.03875502,3955,3955,0,1,1
98720950,98720225,2490386,2490386,-1.3588214e-05,9.404487e-06,1.4262313e-05,0.0009887257,-0.00037980144,-0.03868416,3955,3955,0,1,1
99215394,99214587,2490386,2490386,-1.3056381e-05,9.018783e-06,1.1027834e-05,0.0010301425,-0.00039668794,-0.038607076,3955,3955,0,1,1
99717561,99716858,2490386,2490386,-1.46686625e-05,8.031904e-06,1.195249e-05,0.0009917807,-0.00038164222,-0.038591072,3955,3955,0,1,1
100215877,100215175,2490386,2490386,-1.1003263e-05,1.4600337e-05,1.1484319e-05,0.0010090307,-0.00038938023,-0.03869972,3955,3955,0,1,1
100718184,100717446,2490386,2490386,-1.5288335e-05,1.1582827e-05,1.03733355e-05,0.0009978297,-0.00037097675,-0.03879212,3955,3955,0,1,1
101216466,101215761,2490386,2490386,-1.0055334e-05,8.178313e-06,1.3371666e-05,0.0010175902,-0.00034837538,-0.03862144,3954,3954,0,1,1
101718736,101718032,2490386,2490386,-1.226096e-05,1.0559296e-05,1.0768628e-05,0.0009807097,-0.0003625279,-0.038493227,3945,3945,0,1,1
102221025,102220307,2490386,2490386,-1.029476e-05,8.580343e-06,1.1630725e-05,0.00096900284,-0.00035811163,-0.038686384,3959,3959,0,1,1
102715508,102714664,2490386,2490386,-1.1265018e-05,9.709761e-06,1.2634731e-05,0.0010050988,-0.0003656086,-0.03857786,3954,3954,0,1,1
103217635,103216936,2490386,2490386,-9.370912e-06,1.1118732e-05,1.0804818e-05,0.0010282499,-0.00034570947,-0.038571574,3954,3954,0,1,1
103716032,103715253,2490386,2490386,-9.434737e-06,1.0232365e-05,1.2192035e-05,0.0010201866,-0.00034124914,-0.038578127,3955,3955,0,1,1
104218236,104217524,2490386,2490386,-1.2736811e-05,1.2776053e-05,1.08084105e-05,0.00096407655,-0.0003787184,-0.0386134,3955,3955,0,1,1
104716578,104715841,2490386,2490386,-8.553083e-06,1.2242046e-05,1.3193685e-05,0.0009884712,-0.00036823095,-0.038599085,3955,3955,0,1,1
105218837,105218113,2490386,2490386,-1.0278753e-05,1.2286852e-05,1.00820125e-05,0.0010139075,-0.00036557257,-0.0386359,3955,3955,0,1,1
105717127,105716430,2490386,2490386,-1.0350718e-05,1.0551369e-05,1.201219e-05,0.0010050517,-0.0003325607,-0.0385998,3955,3955,0,1,1
106215529,106214747,2490386,2490386,-1.3125362e-05,8.2870265e-06,1.0590166e-05,0.0009954188,-0.00034146445,-0.038535208,3955,3955,0,1,1
106717732,106717019,2490386,2490386,-1.2365932e-05,1.2904197e-05,1.0073163e-05,0.0009789761,-0.0003758006,-0.038622227,3955,3955,0,1,1
107216055,107215336,2490386,2490386,-1.2266803e-05,1.1459159e-05,1.2511073e-05,0.0009854157,-0.00038904196,-0.038603514,3955,3955,0,1,1
107718324,107717611,2490386,2490386,-1.1406014e-05,9.721816e-06,1.2456493e-05,0.0010359089,-0.00036076494,-0.038594108,3958,3958,0,1,1
108216624,108215925,2490386,2490386,-8.988168e-06,1.3635291e-05,9.911311e-06,0.00096795306,-0.0003533807,-0.0386539,3955,3955,0,1,1
108718923,108718197,2490386,2490386,-1.4221967e-05,1.2628408e-05,1.2831438e-05,0.00097189203,-0.0003578776,-0.03863645,3955,3955,0,1,1
109217305,109216514,2490386,2490386,-8.56009e-06,1.2696256e-05,1.2383763e-05,0.0009968041,-0.0003730598,-0.038641073,3955,3955,0,1,1
109715544,109714832,2490386,2490386,-1.3001302e-05,1.18608905e-05,1.1951429e-05,0.0009913725,-0.00036014582,-0.038632102,3955,3955,0,1,1
110217820,110217104,2490386,2490386,-1.4388191e-05,1.2388439e-05,1.0146348e-05,0.0009734999,-0.000371808,-0.038622092,3955,3955,0,1,1
110716141,110715421,2490386,2490386,-1.4013513e-05,1.1939731e-05,1.0495391e-05,0.0009502058,-0.000383563,-0.03862931,3955,3955,0,1,1
111218479,111217694,2490386,2490386,-1.1112024e-05,9.584031e-06,1.233768e-05,0.0009733889,-0.0003366938,-0.03868856,3955,3955,0,1,1
111716770,111716019,2490386,2490386,-7.678835e-06,1.0712366e-05,1.2119121e-05,0.0010220156,-0.00034172126,-0.03871221,3963,3963,0,1,1
112218984,112218284,2490386,2490386,-1.3633628e-05,1.2006629e-05,1.1455805e-05,0.0010001594,-0.00035535204,-0.038636975,3955,3955,0,1,1
112717322,112716601,2490386,2490386,-1.1405046e-05,1.1419369e-05,1.2751229e-05,0.0009954259,-0.00032161907,-0.038611773,3955,3955,0,1,1
113215624,113214919,2490386,2490386,-1.1407175e-05,1.1763254e-05,1.1524237e-05,0.0009986976,-0.00036050574,-0.038689144,3955,3955,0,1,1
113717923,113717192,2490386,2490386,-1.2651277e-05,1.4191159e-05,1.2296002e-05,0.001037115,-0.00034014796,-0.038595967,3955,3955,0,1,1
114216308,114215509,2490386,2490386,-1.0657753e-05,1.1216e-05,1.1160079e-05,0.0009935808,-0.00032079124,-0.03868178,3955,3955,0,1,1
114718600,114717782,2490386,2490386,-6.7372744e-06,1.1810725e-05,1.0002495e-05,0.0009890979,-0.00033460063,-0.038652696,3955,3955,0,1,1
115216806,115216100,2490386,2490386,-1.468304e-05,1.22665315e-05,9.659753e-06,0.0009538536,-0.0003565296,-0.03867556,3955,3955,0,1,1
115719079,115718372,2490386,2490386,-1.150789e-05,1.398027e-05,1.2039251e-05,0.000976268,-0.0003416557,-0.038694356,3955,3955,0,1,1
116217507,116216690,2490386,2490386,-1.1637561e-05,1.4484623e-05,1.1862531e-05,0.0010093972,-0.00034078193,-0.03866777,3955,3955,0,1,1
116715722,116715008,2490386,2490386,-1.1193824e-05,1.1869316e-05,1.3347785e-05,0.0009687258,-0.00035231866,-0.038606085,3955,3955,0,1,1
117217982,117217281,2490386,2490386,-1.2630385e-05,9.649042e-06,1.1835981e-05,0.0009951154,-0.00032692443,-0.038584318,3954,3954,0,1,1
117716397,117715600,2490386,2490386,-9.335439e-06,1.21804405e-05,1.0388214e-05,0.00097203255,-0.0003229638,-0.038648464,3955,3955,0,1,1
118218573,118217873,2490386,2490386,-1.15982375e-05,1.1712277e-05,1.06114885e-05,0.0010007926,-0.00036935968,-0.038691144,3955,3955,0,1,1
118716909,118716192,2490386,2490386,-8.951811e-06,1.1320592e-05,1.1732966e-05,0.0009847969,-0.00034659632,-0.038651854,3955,3955,0,1,1
119219167,119218465,2490386,2490386,-1.1779976e-05,1.1055507e-05,9.858e-06,0.0009811048,-0.00032998424,-0.038625937,3954,3954,0,1,1
119717491,119716784,2490386,2490386,-1.634055e-05,1.1234322e-05,1.1283284e-05,0.0009630486,-0.00034689833,-0.03861408,3955,3955,0,1,1
120215863,120215103,2490386,2490386,-1.2580996e-05,1.2997754e-05,1.08622535e-05,0.0009922445,-0.00034714077,-0.038630757,3955,3955,0,1,1
120718091,120717377,2490386,2490386,-1.2613147e-05,1.1882854e-05,1.0795169e-05,0.0009777026,-0.00033860467,-0.038614545,3955,3955,0,1,1
121216428,121215696,2490386,2490386,-1.357957e-05,1.3073537e-05,1.1057336e-05,0.0009749744,-0.00033453296,-0.038571022,3955,3955,0,1,1
121718701,121717970,2490386,2490386,-1.0780542e-05,1.2743895e-05,1.2506595e-05,0.0009916571,-0.00033041273,-0.03865646,3955,3955,0,1,1
122216990,122216289,2490386,2490386,-1.1352746e-05,1.3752742e-05,1.0741468e-05,0.00097596983,-0.00037332598,-0.038668845,3955,3955,0,1,1
122719289,122718564,2490386,2490386,-8.996172e-06,1.0683571e-05,1.0596804e-05,0.0009949659,-0.00033021733,-0.0386104,3955,3955,0,1,1
123217604,123216883,2490386,2490386,-1.0939074e-05,1.3705308e-05,1.1276843e-05,0.0009887872,-0.00033004128,-0.03856282,3955,3955,0,1,1
123715916,123715202,2490386,2490386,-9.578402e-06,9.517665e-06,1.2268283e-05,0.0009971408,-0.00032329565,-0.038615882,3951,3951,0,1,1
124218180,124217477,2490386,2490386,-1.15941475e-05,1.3334196e-05,1.1318315e-05,0.0010355309,-0.00029881654,-0.038637668,3955,3955,0,1,1
124716532,124715797,2490386,2490386,-1.0475138e-05,1.2388356e-05,1.1162435e-05,0.0009923661,-0.00030621662,-0.038616803,3956,3956,0,1,1
125218780,125218071,2490386,2490386,-1.588413e-05,1.331851e-05,1.2365131e-05,0.000975885,-0.00035454944,-0.038570378,3953,3953,0,1,1
125717097,125716391,2490386,2490386,-1.1131429e-05,1.0363446e-05,1.1531487e-05,0.001021399,-0.00030910596,-0.038618576,3955,3955,0,1,1
126219369,126218665,2490386,2490386,-1.0731218e-05,8.235924e-06,1.1457452e-05,0.0010269005,-0.0003565785,-0.03859554,3955,3955,0,1,1
126717681,126716985,2490386,2490386,-1.176738e-05,1.4819859e-05,1.275431e-05,0.0009775513,-0.00037219058,-0.03865224,3955,3955,0,1,1
127216039,127215305,2490386,2490386,-9.691275e-06,1.3363756e-05,1.406238e-05,0.0009860697,-0.00033097895,-0.038596157,3955,3955,0,1,1
127718296,127717579,2490386,2490386,-1.0255303e-05,1.0435481e-05,1.3577161e-05,0.00097204075,-0.00035634675,-0.038698405,3954,3954,0,1,1
128216632,128215899,2490386,2490386,-1.1812753e-05,1.248337e-05,1.3365055e-05,0.00094544387,-0.0003443453,-0.03865034,3954,3954,0,1,1
128718888,128718174,2490386,2490386,-1.0247295e-05,9.887131e-06,1.1703172e-05,0.0010252708,-0.0003363615,-0.03856959,3953,3953,0,1,1
129217201,129216494,2490386,2490386,-1.1842183e-05,9.388338e-06,8.137565e-06,0.0009875235,-0.00034102282,-0.03860558,3954,3954,0,1,1
129719530,129718770,2490386,2490386,-1.395643e-05,1.1960058e-05,8.429455e-06,0.0009436739,-0.0003613838,-0.038678106,3955,3955,0,1,1
130217802,130217090,2490386,2490386,-8.404418e-06,1.3658738e-05,1.3154544e-05,0.00095304265,-0.00033840947,-0.038618825,3955,3955,0,1,1
130716117,130715410,2490386,2490386,-1.2480133e-05,1.4683317e-05,1.3151957e-05,0.0009818901,-0.00034802337,-0.03865634,3955,3955,0,1,1
131218428,131217685,2490386,2490386,-1.2470649e-05,1.2120044e-05,1.0931393e-05,0.0010075856,-0.0003588756,-0.038626723,3955,3955,0,1,1
131716704,131716006,2490386,2490386,-1.3183376e-05,1.0086815e-05,1.1048344e-05,0.0009732362,-0.00034217915,-0.038606774,3951,3951,0,1,1
132219013,132218281,2490386,2490386,-1.4536571e-05,1.2380006e-05,1.2032463e-05,0.0009941712,-0.00029975106,-0.03853713,3949,3949,0,1,1
132717351,132716602,2490386,2490386,-1.3290554e-05,1.1950601e-05,1.0281625e-05,0.0009629834,-0.00033379,-0.03864648,3955,3955,0,1,1
133219577,133218877,2490386,2490386,-1.1072163e-05,1.2742486e-05,1.33891e-05,0.0009623917,-0.00033360333,-0.038682863,3954,3954,0,1,1
133717908,133717198,2490386,2490386,-9.287631e-06,1.244618e-05,1.2285836e-05,0.00096578506,-0.0003437059,-0.03869628,3955,3955,0,1,1
134216236,134215520,2490386,2490386,-9.815087e-06,1.31529805e-05,1.22612855e-05,0.0009925874,-0.00037677836,-0.03871268,3957,3957,0,1,1
134718504,134717795,2490386,2490386,-1.3674275e-05,1.0456908e-05,1.25271035e-05,0.0010166495,-0.00034764258,-0.038617745,3956,3956,0,1,1
135216826,135216115,2490386,2490386,-1.3286511e-05,1.1262477e-05,1.3810219e-05,0.0009660881,-0.00032994512,-0.038646247,3955,3955,0,1,1
135719094,135718391,2490386,2490386,-1.0073521e-05,1.1273606e-05,9.430128e-06,0.0009783129,-0.00033383473,-0.038730055,3955,3955,0,1,1
136217419,136216712,2490386,2490386,-1.2289031e-05,1.1082684e-05,1.3708589e-05,0.00097217923,-0.00033894868,-0.03862305,3955,3955,0,1,1
136719694,136718988,2490386,2490386,-1.0732196e-05,1.31543175e-05,1.4006557e-05,0.0010206384,-0.00034137454,-0.038680077,3955,3955,0,1,1
137218016,137217310,2490386,2490386,-1.4165326e-05,1.2738859e-05,1.08036265e-05,0.0010129823,-0.0003503719,-0.038620044,3955,3955,0,1,1
137716352,137715631,2490386,2490386,-1.1205381e-05,1.0989096e-05,1.3279605e-05,0.00096103176,-0.0003526138,-0.038618755,3955,3955,0,1,1
138214654,138213952,2490386,2490386,-1.2537205e-05,1.3899105e-05,1.3019319e-05,0.0009688287,-0.0003307237,-0.03862609,3954,3954,0,1,1
138716936,138716229,2490386,2490386,-9.8782075e-06,9.793077e-06,9.978675e-06,0.0009998167,-0.0003090596,-0.038565848,3950,3950,0,1,1
139219214,139218506,2490386,2490386,-1.1751883e-05,1.5119732e-05,1.0724129e-05,0.00096372614,-0.00036885086,-0.038672045,3955,3955,0,1,1
139717543,139716827,2490386,2490386,-1.4495989e-05,1.200479e-05,1.0210557e-05,0.0009397783,-0.00033746494,-0.038661294,3955,3955,0,1,1
140219809,140219104,2490386,2490386,-1.2720826e-05,1.1820233e-05,1.22588835e-05,0.0009788964,-0.0003309019,-0.03860275,3955,3955,0,1,1
140718140,140717428,2490386,2490386,-1.2491843e-05,1.2201814e-05,1.15060975e-05,0.0009913584,-0.00031939332,-0.03864554,3957,3957,0,1,1
141216521,141215750,2490386,2490386,-1.1930372e-05,1.07948445e-05,8.929685e-06,0.0009632733,-0.0003211346,-0.038623825,3957,3957,0,1,1
141714789,141714069,2490386,2490386,-1.1940302e-05,1.2475046e-05,1.4067297e-05,0.0009960323,-0.0003110642,-0.038599506,3954,3954,0,1,1
142217064,142216346,2490386,2490386,-1.0517715e-05,1.5081314e-05,1.5028243e-05,0.00097262603,-0.00035003238,-0.03869924,3955,3955,0,1,1
142719399,142718623,2490386,2490386,-1.1160649e-05,1.2071045e-05,1.5088035e-05,0.0009781106,-0.0003402559,-0.03870009,3955,3955,0,1,1
143217654,143216945,2490386,2490386,-1.150749e-05,1.4108613e-05,9.891592e-06,0.0009525744,-0.00035766404,-0.038654722,3955,3955,0,1,1
143719933,143719227,2490386,2490386,-1.2340382e-05,8.97982e-06,9.384272e-06,0.0009952952,-0.0003274101,-0.03869385,3960,3960,0,1,1
144218330,144217547,2490386,2490386,-1.4524114e-05,1.255013e-05,1.09386e-05,0.0009925022,-0.00034089986,-0.038642075,3957,3957,0,1,1
144716579,144715867,2490386,2490386,-8.152742e-06,1.27291605e-05,1.1347251e-05,0.00094113644,-0.00031243017,-0.03867622,3955,3955,0,1,1
145214934,145214189,2490386,2490386,-1.3272047e-05,1.4394046e-05,9.754951e-06,0.0009877293,-0.00034616844,-0.0387255,3955,3955,0,1,1
145717178,145716466,2490386,2490386,-1.4165088e-05,1.3200447e-05,9.022229e-06,0.0009567483,-0.00035289914,-0.03864471,3955,3955,0,1,1
146219459,146218744,2490386,2490386,-1.277423e-05,1.2688661e-05,1.4714166e-05,0.0009784243,-0.0003239834,-0.038549703,3955,3955,0,1,1
146717782,146717066,2490386,2490386,-1.2445186e-05,1.2075752e-05,9.457203e-06,0.0009548921,-0.00033506658,-0.03871377,3955,3955,0,1,1
147220059,147219344,2490386,2490386,-9.773497e-06,1.0046736e-05,1.2436053e-05,0.0010166918,-0.00032998386,-0.038646698,3956,3956,0,1,1
147718376,147717666,2490386,2490386,-1.4924505e-05,1.23623195e-05,1.1650793e-05,0.0009476126,-0.00035315246,-0.03868595,3955,3955,0,1,1
148216686,148215988,2490386,2490386,-1.0554981e-05,1.2681434e-05,1.15244875e-05,0.00094851217,-0.0003194062,-0.0386743,3955,3955,0,1,1
148715027,148714311,2490386,2490386,-1.2446161e-05,1.1201766e-05,1.0949626e-05,0.0009771347,-0.00035765892,-0.038679887,3955,3955,0,1,1
149217298,149216589,2490386,2490386,-1.0093251e-05,1.0125424e-05,1.2174848e-05,0.00096192217,-0.0003372155,-0.038669612,3955,3955,0,1,1
149719575,149718866,2490386,2490386,-1.3530275e-05,9.821196e-06,1.0010698e-05,0.0009801317,-0.0003163527,-0.03858185,3955,3955,0,1,1
150217887,150217189,2490386,2490386,-1.2786877e-05,1.195174e-05,1.2626114e-05,0.0009824268,-0.00034496636,-0.03868959,3955,3955,0,1,1
150720191,150719467,2490386,2490386,-9.879123e-06,1.2657526e-05,1.14662125e-05,0.0010331675,-0.0003301866,-0.03860004,3955,3955,0,1,1
151218491,151217790,2490386,2490386,-1.1770847e-05,1.1572627e-05,1.0233166e-05,0.0010128111,-0.00029402104,-0.03861805,3955,3955,0,1,1
151716855,151716112,2490386,2490386,-1.4708538e-05,1.0583473e-05,1.1452309e-05,0.0009887223,-0.00032236657,-0.038619548,3954,3954,0,1,1
152215145,152214436,2490386,2490386,-1.2639097e-05,1.2206933e-05,1.01975775e-05,0.00096947514,-0.00032463242,-0.038657542,3955,3955,0,1,1
152717417,152716714,2490386,2490386,-1.1916424e-05,1.0607386e-05,1.282622e-05,0.0009961288,-0.00031751688,-0.038583305,3955,3955,0,1,1
153215806,153215037,2490386,2490386,-1.2797968e-05,1.3612241e-05,1.1813958e-05,0.0009922942,-0.0003438353,-0.038635008,3955,3955,0,1,1
153718054,153717315,2490386,2490386,-1.2528093e-05,1.3170162e-05,1.02102795e-05,0.0009971547,-0.00033216615,-0.038645763,3955,3955,0,1,1
154220368,154219594,2490386,2490386,-1.4740936e-05,1.4176244e-05,1.1443826e-05,0.0009772932,-0.00033117327,-0.038604848,3955,3955,0,1,1
154718623,154717918,2490386,2490386,-9.8878e-06,1.10973e-05,1.5873535e-05,0.0009944699,-0.00034051354,-0.038670167,3956,3956,0,1,1
155217030,155216241,2490386,2490386,-1.337594e-05,1.2544253e-05,1.1951012e-05,0.0009906739,-0.0003522567,-0.0386736,3955,3955,0,1,1
155715272,155714564,2490386,2490386,-8.32182e-06,1.4559337e-05,1.0491466e-05,0.0009549714,-0.00037076016,-0.03866815,3954,3954,0,1,1
156217548,156216843,2490386,2490386,-1.08137765e-05,1.1743108e-05,1.2885479e-05,0.0010044245,-0.00030447604,-0.038647424,3955,3955,0,1,1
156715885,156715167,2490386,2490386,-1.1062702e-05,1.2898258e-05,1.1286444e-05,0.0010048558,-0.00029828498,-0.038570397,3955,3955,0,1,1
157218148,157217445,2490386,2490386,-1.2613793e-05,1.416852e-05,1.1119957e-05,0.00097629643,-0.00031910485,-0.038682826,3954,3954,0,1,1
157716470,157715769,2490386,2490386,-1.2622529e-05,1.1004835e-05,1.05417375e-05,0.0009571446,-0.00033371546,-0.038615324,3955,3955,0,1,1
158218757,158218048,2490386,2490386,-1.065236e-05,1.1102167e-05,9.993636e-06,0.0010030868,-0.00029856004,-0.03867223,3955,3955,0,1,1
158717076,158716373,2490386,2490386,-1.1234013e-05,1.1950709e-05,1.0205312e-05,0.0009579848,-0.00032758102,-0.038600285,3956,3956,0,1,1
159215517,159214696,2490386,2490386,-1.5417667e-05,1.1988354e-05,1.2632853e-05,0.00096500124,-0.00030454525,-0.03865454,3955,3955,0,1,1
159717676,159716975,2490386,2490386,-1.3400012e-05,1.2478557e-05,1.5066692e-05,0.0009720956,-0.0003406593,-0.03862855,3955,3955,0,1,1
160216014,160215299,2490386,2490386,-1.6759877e-05,1.4342949e-05,1.2640909e-05,0.0009481086,-0.0003085711,-0.038627118,3955,3955,0,1,1
160718305,160717584,2490386,2490386,-1.3298658e-05,1.3021483e-05,9.903224e-06,0.000950248,-0.00034075952,-0.038693056,3960,3960,0,1,1
161216688,161215903,2490386,2490386,-1.2792281e-05,1.31032175e-05,1.23844e-05,0.0009959475,-0.0003634034,-0.038694385,3955,3955,0,1,1
161718888,161718182,2490386,2490386,-1.3610468e-05,1.3352746e-05,1.1526715e-05,0.0009789059,-0.0003266955,-0.038728893,3954,3954,0,1,1
162217208,162216506,2490386,2490386,-1.3317439e-05,1.1338903e-05,1.1525704e-05,0.00096651027,-0.00033544528,-0.03861908,3955,3955,0,1,1
162715538,162714831,2490386,2490386,-9.769311e-06,1.40005295e-05,9.25832e-06,0.00096293224,-0.00032705933,-0.038694356,3956,3956,0,1,1
163217819,163217110,2490386,2490386,-1.0474245e-05,1.0627373e-05,9.997387e-06,0.000977023,-0.00034600982,-0.038617153,3953,3953,0,1,1
163716141,163715434,2490386,2490386,-1.1965868e-05,9.948529e-06,1.3534243e-05,0.0009773424,-0.00031026406,-0.03858373,3955,3955,0,1,1
164218426,164217714,2490386,2490386,-1.1449555e-05,1.2359014e-05,1.1275514e-05,0.0009859548,-0.00033967345,-0.038611654,3955,3955,0,1,1
164716753,164716038,2490386,2490386,-9.6828135e-06,1.21460935e-05,9.111539e-06,0.0009766034,-0.00034679257,-0.038710393,3955,3955,0,1,1
165219021,165218318,2490386,2490386,-1.01259475e-05,1.2373663e-05,1.1097654e-05,0.0009953933,-0.00031735937,-0.038621638,3955,3955,0,1,1
165717353,165716642,2490386,2490386,-1.247088e-05,1.5820948e-05,1.0950489e-05,0.0009566017,-0.00033380504,-0.038682804,3955,3955,0,1,1
166215693,166214967,2490386,2490386,-1.1906539e-05,1.10002275e-05,1.2332803e-05,0.0009964734,-0.00035164203,-0.03862543,3955,3955,0,1,1
166717948,166717247,2490386,2490386,-1.3938502e-05,1.1930563e-05,1.1528377e-05,0.0009540406,-0.0003184991,-0.038617395,3956,3956,0,1,1
167216283,167215571,2490386,2490386,-1.3603335e-05,1.5219346e-05,1.1329481e-05,0.0009957647,-0.00032319233,-0.0386914,3955,3955,0,1,1
167718554,167717851,2490386,2490386,-1.0060541e-05,1.2331713e-05,1.32512205e-05,0.0009912895,-0.00033819216,-0.0385617,3955,3955,0,1,1
168216891,168216176,2490386,2490386,-1.08632985e-05,1.2875258e-05,1.219016e-05,0.0009773296,-0.00034118549,-0.038696565,3955,3955,0,1,1
168719161,168718456,2490386,2490386,-1.0375077e-05,1.1284877e-05,9.517331e-06,0.0009587293,-0.00032842113,-0.038687605,3955,3955,0,1,1
169217527,169216781,2490386,2490386,-1.1511494e-05,1.1951451e-05,9.88247e-06,0.0010335448,-0.00034194504,-0.03858168,3955,3955,0,1,1
169715815,169715106,2490386,2490386,-7.714661e-06,1.3117515e-05,1.4020797e-05,0.0010041377,-0.00032651526,-0.038635552,3955,3955,0,1,1
170218144,170217386,2490386,2490386,-9.157986e-06,1.3975724e-05,1.1407904e-05,0.0009596927,-0.00034017806,-0.038719393,3955,3955,0,1,1
170716435,170715715,2490386,2490386,-1.4526358e-05,1.126929e-05,1.0819065e-05,0.00097100803,-0.0003454014,-0.03870442,3958,3958,0,1,1
171218751,171217992,2490386,2490386,-1.1554003e-05,1.3691808e-05,8.235122e-06,0.00096680823,-0.0003657652,-0.0386952,3955,3955,0,1,1
171717021,171716317,2490386,2490386,-1.3819475e-05,9.432584e-06,1.3971718e-05,0.000994794,-0.00031870053,-0.038608346,3955,3955,0,1,1
172219439,172218598,2490386,2490386,-1.1067632e-05,1.0653764e-05,1.10045385e-05,0.000987407,-0.0003220823,-0.038685266,3955,3955,0,1,1
172717628,172716923,2490386,2490386,-9.433623e-06,1.235778e-05,1.2447782e-05,0.0009686068,-0.00030803902,-0.038671855,3955,3955,0,1,1
173216040,173215249,2490386,2490386,-1.0100268e-05,1.1110494e-05,1.2775185e-05,0.0010183782,-0.0003389023,-0.038663942,3955,3955,0,1,1
173718232,173717529,2490386,2490386,-1.090292e-05,1.4350906e-05,1.0296772e-05,0.0009809817,-0.00037482215,-0.0386799,3955,3955,0,1,1
174216623,174215855,2490386,2490386,-1.2011826e-05,1.1471714e-05,9.364535e-06,0.0009822602,-0.00034336856,-0.038612034,3955,3955,0,1,1
174718862,174718135,2490386,2490386,-1.3373762e-05,1.0290216e-05,1.282191e-05,0.0010181961,-0.0003139383,-0.038610373,3955,3955,0,1,1
175217177,175216461,2490386,2490386,-1.3760594e-05,1.3357892e-05,9.638158e-06,0.0009190403,-0.00033926655,-0.038659334,3955,3955,0,1,1
175719468,175718742,2490386,2490386,-1.4202738e-05,1.0749862e-05,1.1891293e-05,0.0009761922,-0.00032945492,-0.03866255,3955,3955,0,1,1
176217791,176217068,2490386,2490386,-8.865122e-06,1.4731774e-05,1.0113548e-05,0.0009723917,-0.00032618127,-0.038705926,3956,3956,0,1,1
176716099,176715393,2490386,2490386,-1.2168386e-05,1.4478117e-05,1.13963715e-05,0.0010049046,-0.00033236816,-0.038599208,3954,3954,0,1,1
177218447,177217674,2490386,2490386,-1.4345408e-05,1.2875769e-05,1.07125625e-05,0.0009887713,-0.00032664146,-0.038650088,3955,3955,0,1,1
177716721,177716001,2490386,2490386,-9.7139855e-06,1.19389015e-05,1.1678931e-05,0.0009855828,-0.00028966786,-0.038533393,3947,3947,0,1,1
178219020,178218281,2490386,2490386,-7.2652097e-06,1.0767408e-05,1.1648505e-05,0.0009991389,-0.0003230371,-0.038662784,3954,3954,0,1,1
178717315,178716608,2490386,2490386,-1.1459566e-05,1.1134437e-05,1.1779688e-05,0.0009857224,-0.000325253,-0.03864241,3955,3955,0,1,1
179219647,179218888,2490386,2490386,-1.2492467e-05,1.3520475e-05,9.191457e-06,0.0009886506,-0.0003845668,-0.038626056,3954,3954,0,1,1
179717929,179717215,2490386,2490386,-1.42982235e-05,1.3400449e-05,1.1254559e-05,0.00095368695,-0.00033272975,-0.038648646,3955,3955,0,1,1
180216264,180215542,2490386,2490386,-1.3219988e-05,1.18588205e-05,9.5962305e-06,0.0009534297,-0.00035358564,-0.03867909,3956,3956,0,1,1
180718524,180717823,2490386,2490386,-1.0620899e-05,1.0297308e-05,1.3994634e-05,0.0009758802,-0.00033584103,-0.03861054,3955,3955,0,1,1
181216858,181216149,2490386,2490386,-1.1112365e-05,1.0917691e-05,1.1661772e-05,0.0010172004,-0.00032603455,-0.038588487,3955,3955,0,1,1
181719138,181718431,2490386,2490386,-9.660279e-06,1.3810997e-05,1.1058362e-05,0.0009754506,-0.00034217816,-0.038687713,3955,3955,0,1,1
182217476,182216762,2490386,2490386,-9.304101e-06,1.1810397e-05,9.531588e-06,0.0009829836,-0.00032195463,-0.038629185,3960,3960,0,1,1
182719742,182719039,2490386,2490386,-1.123389e-05,1.1862401e-05,1.1844458e-05,0.001044456,-0.0003168209,-0.03862905,3955,3955,0,1,1
183218076,183217365,2490386,2490386,-1.4194561e-05,1.2656096e-05,1.0839347e-05,0.00096969877,-0.00035281535,-0.038676664,3955,3955,0,1,1
183716421,183715692,2490386,2490386,-9.808803e-06,1.38476e-05,1.1789921e-05,0.00096313993,-0.00032164468,-0.03867252,3955,3955,0,1,1
184218677,184217973,2490386,2490386,-1.3229931e-05,1.2684824e-05,1.0457471e-05,0.0009993289,-0.00032007834,-0.038575456,3951,3951,0,1,1
184717068,184716300,2490386,2490386,-1.1731755e-05,1.1051589e-05,1.1820803e-05,0.00097055687,-0.00034974507,-0.038623493,3955,3955,0,1,1
185219286,185218581,2490386,2490386,-1.1656235e-05,1.370849e-05,1.1346728e-05,0.00095435826,-0.0003703803,-0.038655445,3955,3955,0,1,1
185717612,185716908,2490386,2490386,-1.1717622e-05,1.01928e-05,1.272482e-05,0.0009926349,-0.00031996053,-0.03868947,3955,3955,0,1,1
186219913,186219193,2490386,2490386,-1.1877247e-05,1.19700035e-05,1.0825358e-05,0.0010051111,-0.0003161742,-0.03874632,3958,3958,0,1,1
186714289,186713561,2490386,2490386,-8.853309e-06,1.44659425e-05,1.3543171e-05,0.0009781938,-0.0003498529,-0.03871731,3953,3953,0,1,1
187216550,187215843,2490386,2490386,-1.0844504e-05,1.0777761e-05,1.340071e-05,0.001011209,-0.00030819824,-0.03863289,3955,3955,0,1,1
187718841,187718128,2490386,2490386,-1.146432e-05,1.1112798e-05,8.17272e-06,0.0009663021,-0.000361915,-0.03869297,3957,3957,0,1,1
188217179,188216452,2490386,2490386,-1.325683e-05,1.33757e-05,1.1270554e-05,0.00096586783,-0.00033993006,-0.038652733,3955,3955,0,1,1
188719446,188718734,2490386,2490386,-9.415586e-06,1.12279295e-05,7.382795e-06,0.0009909264,-0.00032611092,-0.03866988,3955,3955,0,1,1
189217769,189217061,2490386,2490386,-1.2578194e-05,1.2395464e-05,1.027051e-05,0.0009836673,-0.00035141737,-0.038707115,3955,3955,0,1,1
189720063,189719343,2490386,2490386,-1.1899747e-05,1.2291764e-05,1.0343088e-05,0.0009871752,-0.00032941392,-0.038703408,3955,3955,0,1,1
190214447,190213715,2490386,2490386,-1.3489139e-05,1.059069e-05,1.2478276e-05,0.0010323524,-0.00034180254,-0.038606253,3955,3955,0,1,1
190716719,190715998,2490386,2490386,-1.3682939e-05,1.0120859e-05,1.3561512e-05,0.0010060817,-0.0003387754,-0.038637307,3955,3955,0,1,1
191218991,191218281,2490386,2490386,-1.6181903e-05,1.2182095e-05,1.3214194e-05,0.0009832466,-0.00035618534,-0.03862164,3956,3956,0,1,1
191717317,191716607,2490386,2490386,-1.2226402e-05,1.2932494e-05,1.0816205e-05,0.00095561345,-0.0003303593,-0.03864889,3955,3955,0,1,1
192219586,192218890,2490386,2490386,-9.816334e-06,1.2106897e-05,1.1378078e-05,0.0009934311,-0.00032316943,-0.038618326,3955,3955,0,1,1
192717920,192717217,2490386,2490386,-1.2349685e-05,1.3486012e-05,1.106145e-05,0.0009649226,-0.00030134202,-0.038658928,3954,3954,0,1,1
193220218,193219500,2490386,2490386,-1.4183801e-05,1.4264247e-05,1.0623822e-05,0.0009946849,-0.000344405,-0.038624335,3955,3955,0,1,1
193714659,193713873,2490386,2490386,-1.3143346e-05,1.322564e-05,1.1776514e-05,0.0010433747,-0.00030266805,-0.038587168,3955,3955,0,1,1
194216867,194216157,2490386,2490386,-9.8470455e-06,1.1937353e-05,1.3091777e-05,0.001037261,-0.0003437411,-0.03869709,3956,3956,0,1,1
194715287,194714484,2490386,2490386,-1.4332024e-05,1.3163729e-05,1.0669408e-05,0.0009613189,-0.0003406719,-0.038619637,3956,3956,0,1,1
195217471,195216766,2490386,2490386,-1.4464675e-05,1.1776749e-05,9.998231e-06,0.000957724,-0.00035887826,-0.038639583,3955,3955,0,1,1
195719761,195719049,2490386,2490386,-9.214651e-06,1.4359469e-05,1.2029367e-05,0.0010010949,-0.0003291066,-0.038691703,3955,3955,0,1,1
196218083,196217377,2490386,2490386,-1.2110176e-05,1.3119026e-05,8.621195e-06,0.0009860232,-0.00034951058,-0.038668152,3955,3955,0,1,1
196720370,196719659,2490386,2490386,-1.472825e-05,1.2517067e-05,1.4232286e-05,0.00096119306,-0.00032374723,-0.03861989,3955,3955,0,1,1
197214882,197214032,2490386,2490386,-1.5637504e-05,1.5920736e-05,1.2258742e-05,0.0009857989,-0.00036170654,-0.03857508,3945,3945,0,1,1
197717014,197716315,2490386,2490386,-1.3029947e-05,1.2124884e-05,9.471527e-06,0.0009766764,-0.00036418787,-0.038653336,3955,3955,0,1,1
198215382,198214643,2490386,2490386,-1.4274984e-05,1.27322355e-05,9.970586e-06,0.0009447005,-0.00035000863,-0.03861403,3955,3955,0,1,1
198717630,198716926,2490386,2490386,-1.3998118e-05,1.45321e-05,1.1996086e-05,0.0009803746,-0.00032468143,-0.03865327,3955,3955,0,1,1
199220015,199219211,2490386,2490386,-1.2899472e-05,1.4165623e-05,9.579564e-06,0.0009646082,-0.0003531724,-0.03867155,3955,3955,0,1,1
199718245,199717538,2490386,2490386,-1.15202865e-05,1.203306e-05,1.0986756e-05,0.0010084677,-0.000342017,-0.038600907,3955,3955,0,1,1
200220633,200219825,2490386,2490386,-1.20664545e-05,1.2042027e-05,1.2656602e-05,0.0010282766,-0.00035141152,-0.03867613,3959,3959,0,1,1
200714907,200714194,2490386,2490386,-9.807688e-06,1.3421027e-05,8.524059e-06,0.00097606814,-0.0003596138,-0.038677264,3955,3955,0,1,1
201217272,201216478,2490386,2490386,-1.0435509e-05,1.1931896e-05,1.3983213e-05,0.0010025925,-0.00034404357,-0.03861728,3955,3955,0,1,1
201715532,201714806,2490386,2490386,-1.2909092e-05,1.10594865e-05,1.357341e-05,0.001006222,-0.00034811406,-0.038573343,3955,3955,0,1,1
202217807,202217089,2490386,2490386,-9.44275e-06,1.0701924e-05,1.2172802e-05,0.0009385972,-0.00030638636,-0.038686834,3955,3955,0,1,1
202720089,202719373,2490386,2490386,-1.1011154e-05,1.33329195e-05,9.694696e-06,0.0009978125,-0.0003480724,-0.038702026,3955,3955,0,1,1
203218458,203217701,2490386,2490386,-1.5370862e-05,1.4468018e-05,1.4264329e-05,0.0009952463,-0.00035123856,-0.03864705,3955,3955,0,1,1
203720697,203719991,2490386,2490386,-9.769986e-06,1.2722124e-05,1.4268936e-05,0.000964241,-0.00033642352,-0.038725737,3961,3961,0,1,1
204215070,204214359,2490386,2490386,-1.2981557e-05,8.537686e-06,1.2023482e-05,0.001001755,-0.0003323,-0.03864689,3955,3955,0,1,1
204717361,204716642,2490386,2490386,-1.1866128e-05,1.2262883e-05,1.5567875e-05,0.0009886579,-0.0003465763,-0.038691014,3955,3955,0,1,1
205215683,205214971,2490386,2490386,-1.0787864e-05,1.2658386e-05,1.2077296e-05,0.0009902017,-0.00032698893,-0.038633205,3955,3955,0,1,1
205717961,205717255,2490386,2490386,-1.1247212e-05,1.2775427e-05,1.1575137e-05,0.0009490897,-0.0003308103,-0.038698398,3955,3955,0,1,1
206216323,206215584,2490386,2490386,-9.64917e-06,1.310143e-05,1.2573454e-05,0.0009702821,-0.0003066714,-0.038587324,3955,3955,0,1,1
206718565,206717868,2490386,2490386,-1.0856872e-05,1.0909473e-05,1.3402132e-05,0.0009838657,-0.0003786081,-0.038597487,3955,3955,0,1,1
207220871,207220151,2490386,2490386,0.00018310404,0.00031594437,0.00020722505,-0.00053885416,-0.004049804,-0.04300119,3955,3955,0,1,1
207715322,207714525,2490386,2490386,-4.3216565e-05,-2.9697678e-05,-3.795833e-05,0.0010539732,-0.0009912619,-0.037895713,3955,3955,0,1,1
208217557,208216809,2490386,2490386,-0.0001671754,1.6812188e-05,3.6929145e-05,0.0013422554,-0.0012973957,-0.037573826,3955,3955,0,1,1
208715861,208715137,2490386,2490386,2.997828e-05,-4.7612166e-06,-1.7485694e-05,0.0009168258,0.00057993503,-0.03834076,3954,3954,0,1,1
209218118,209217418,2490386,2490386,-0.00014373114,3.243356e-05,-9.774446e-06,0.00066348334,-0.001581574,-0.039087802,3955,3955,0,1,1
209716464,209715742,2490386,2490386,-0.00024678576,6.2868385e-05,4.6901365e-05,0.0017281066,-0.0021890644,-0.03931738,3955,3955,0,1,1
210218728,210218021,2490386,2490386,-0.00040773494,-1.6114043e-05,-1.0640686e-05,0.0010579424,0.0048238165,-0.041960232,3955,3955,0,1,1
210721009,210720297,2490386,2490386,-0.0018747605,-0.000984316,0.00069947145,-0.0007020229,-0.014531977,-0.044510685,3955,3955,0,1,1
211215372,211214662,2490386,2490386,0.00043395918,-0.0005054215,0.00041634726,0.0041318764,0.009591177,-0.03424406,3956,3956,0,1,1
211717632,211716934,2490386,2490386,-0.00023906179,0.005637825,-0.003057248,0.004859105,0.020466521,-0.042994864,3955,3955,0,1,1
212215994,212215253,2490386,2490386,0.001937825,-2.2981207e-05,-0.00079593697,-0.0005650017,-0.015068662,-0.035950247,3959,3959,0,1,1
212718232,212717519,2490386,2490386,-0.00095435913,-0.0024410828,0.0012665407,-0.0030144386,0.0014083249,-0.04753367,3955,3955,0,1,1
213216560,213215833,2490386,2490386,-0.00014746851,-0.000286713,0.0008774327,0.005199985,0.02339239,-0.017958792,3956,3956,0,1,1
213718809,213718099,2490386,2490386,-0.00019976834,0.0005118222,-0.00082020723,0.0016645424,-0.017216256,-0.05518435,3955,3955,0,1,1
214221065,214220366,2490386,2490386,0.00061678526,-0.0025207256,0.0019415243,-0.0016539393,0.0024416256,-0.060417812,3955,3955,0,1,1
214715426,214714726,2490386,2490386,-0.0008206108,-0.00020030915,9.2949624e-05,0.004606267,0.010789618,-0.03434256,3959,3959,0,1,1
215217688,215216987,2490386,2490386,-0.00073090056,-0.00028685998,-3.529966e-05,0.00042070996,0.0032189626,-0.036812257,3955,3955,0,1,1
215716052,215715297,2490386,2490386,-0.00014357135,-4.1397263e-05,-0.00012072289,0.00013875708,0.001820695,-0.028273135,3955,3955,0,1,1
216218302,216217561,2490386,2490386,-9.65005e-05,0.00017176358,9.362213e-05,-0.0006242019,0.0021396044,-0.03492707,3955,3955,0,1,1
216716581,216715869,2490386,2490386,-0.00071253255,-0.0001453255,-9.334653e-05,0.0005340961,-0.0015873372,-0.049095426,3955,3955,0,1,1
217218850,217218131,2490386,2490386,-0.00024811632,5.915553e-05,-0.00019991952,0.0004772091,-0.0023318161,-0.050190885,3955,3955,0,1,1
217717148,217716438,2490386,2490386,-0.00091617653,-0.0001219347,-0.000196333,0.00072095124,-0.00060424005,-0.03466207,3955,3955,0,1,1
218215460,218214745,2490386,2490386,7.548291e-05,1.2692706e-05,-2.2162314e-05,-0.00017964173,0.00065045245,-0.038908478,3955,3955,0,1,1
218717728,218717006,2490386,2490386,-0.0011556274,-8.845943e-06,-0.00014451896,0.0010720126,-0.0048722005,-0.049835328,3955,3955,0,1,1
219216014,219215314,2490386,2490386,-0.0007751101,-0.00046584994,3.346075e-05,0.0014240134,-0.0039094915,-0.04794259,3956,3956,0,1,1
219718286,219717575,2490386,2490386,0.00045134177,0.00029106546,3.133794e-05,0.00019504811,0.0021210497,-0.033911936,3955,3955,0,1,1
220216585,220215881,2490386,2490386,0.0004132817,8.18433e-05,-6.107915e-06,-0.00031775783,0.00466285,-0.02628181,3955,3955,0,1,1
220718856,220718142,2490386,2490386,0.00018746566,7.151418e-05,0.00045993872,0.0017271652,-0.006188943,-0.048351366,3955,3955,0,1,1
221217150,221216447,2490386,2490386,-8.186023e-05,-0.00022090135,0.0009219398,0.00047940554,-0.0013728563,-0.039770834,3954,3954,0,1,1
221715451,221714754,2490386,2490386,0.0010402278,0.00015993719,-0.0010204889,-2.4164727e-05,0.0015609206,-0.044907562,3953,3953,0,1,1
222217785,222217015,2490386,2490386,-0.00064578926,0.000107930115,-0.00011628072,0.00058399775,-0.0029415905,-0.0502886,3955,3955,0,1,1
222716089,222715318,2490386,2490386,-0.00030540023,-0.00012675533,-3.9896106e-05,0.0006632712,-0.0005626041,-0.04638658,3955,3955,0,1,1
223218289,223217576,2490386,2490386,0.00024098791,-9.1395406e-05,2.7149577e-05,-0.00030035002,0.0015539143,-0.034841213,3955,3955,0,1,1
223716578,223715878,2490386,2490386,-0.00084772677,2.5837715e-05,-2.5444622e-05,-0.0005457707,0.0017666495,-0.042510718,3955,3955,0,1,1
224218848,224218135,2490386,2490386,0.00034420055,-4.1572966e-05,8.0140846e-05,0.0004947212,0.00064747775,-0.026848905,3955,3955,0,1,1
224717142,224716437,2490386,2490386,0.0008073173,-3.408189e-05,-2.8958261e-06,0.00017545093,-0.0016366623,-0.046734553,3954,3954,0,1,1
225215492,225214739,2490386,2490386,-0.0009601091,0.00016219851,-2.655771e-06,0.0006002787,0.00021839344,-0.042288505,3955,3955,0,1,1
225717693,225716996,2490386,2490386,-0.0011231372,-0.0002562573,-3.8846203e-05,0.0010282919,-0.0038880163,-0.043600973,3955,3955,0,1,1
226216031,226215296,2490386,2490386,1.9190607e-05,-0.000127067,-3.8196125e-05,0.0008092821,0.00059182075,-0.043371182,3955,3955,0,1,1
226718268,226717550,2490386,2490386,0.0012847192,9.266688e-05,9.312416e-05,0.00096428295,-0.0026882808,-0.047412656,3954,3954,0,1,1
227216546,227215849,2490386,2490386,-0.00059326284,8.344379e-05,4.0337665e-05,-0.0004532389,0.0042019715,-0.03665421,3955,3955,0,1,1
227718804,227718101,2490386,2490386,0.0022760148,-8.237353e-05,0.00010019146,-0.00025882866,0.003504386,-0.0336216,3951,3951,0,1,1
228221058,228220350,2490386,2490386,0.00013952995,-0.00016150929,2.9100017e-06,-0.000449206,0.002719911,-0.031884983,3955,3955,0,1,1
228715457,228714690,2490386,2490386,0.00037875999,2.03467e-05,-5.7018962e-05,0.00067979656,0.0011871331,-0.045015417,3955,3955,0,1,1
229217642,229216937,2490386,2490386,-0.0002692778,-6.495477e-05,-1.00253e-05,0.0001693348,0.000700631,-0.03607941,3955,3955,0,1,1
229715940,229715235,2490386,2490386,-0.0013612104,-0.00040672178,2.6397127e-05,0.0004342164,-0.0023291863,-0.04812155,3960,3960,0,1,1
230218203,230217477,2490386,2490386,5.2514083e-06,0.000486395,0.0002093639,-0.0005289612,4.2887892e-05,-0.045164127,3955,3955,0,1,1
230716489,230715771,2490386,2490386,0.0018267995,-0.0013762709,0.00015978701,-0.0006468955,0.003913694,-0.034517284,3955,3955,0,1,1
231218722,231218021,2490386,2490386,0.0014345142,0.00069387106,0.00014415379,-0.00041379023,0.0012301371,-0.03439279,3955,3955,0,1,1
231720980,231720270,2490386,2490386,0.00080760784,0.00038828794,8.842639e-05,-0.00096174126,0.0031938064,-0.031784814,3955,3955,0,1,1
232215378,232214608,2490386,2490386,-0.00059324637,6.041459e-05,-6.6738736e-05,0.00024249642,-0.0004972652,-0.039870225,3955,3955,0,1,1
232717552,232716855,2490386,2490386,0.0007392936,0.00011644148,0.00018429189,-0.0006074541,0.0017458787,-0.03738803,3954,3954,0,1,1
233215923,233215148,2490386,2490386,-0.001356701,0.0011608731,-3.318711e-05,-0.0002657586,0.00015764723,-0.042284507,3954,3954,0,1,1
233718094,233717395,2490386,2490386,0.00021048692,-0.0015733975,-5.538435e-05,-0.00062721426,0.0038059375,-0.030833652,3955,3955,0,1,1
234216403,234215686,2490386,2490386,0.0013884738,0.00033651254,0.00017930265,-0.00070544105,0.0047077155,-0.032204796,3955,3955,0,1,1
234718648,234717933,2490386,2490386,0.0015603466,-0.00012469225,0.00021077535,0.00072905613,-0.0020740326,-0.04465541,3956,3956,0,1,1
235220907,235220177,2490386,2490386,-0.0008544441,-8.612717e-05,0.00012196709,0.0010526221,-0.0025425544,-0.03998597,3954,3954,0,1,1
235715218,235714511,2490386,2490386,-3.3331908e-05,-3.9978655e-05,0.000102259495,0.0003915834,-0.0003504454,-0.035978045,3954,3954,0,1,1
236217468,236216753,2490386,2490386,-0.003363257,-7.383215e-06,5.137203e-05,-0.0006861256,0.0018205249,-0.040237498,3955,3955,0,1,1
236715745,236715039,2490386,2490386,0.0020427175,-0.0001398519,-1.135115e-05,-0.0004847075,0.0040399046,-0.036025345,3955,3955,0,1,1
237218036,237217278,2490386,2490386,-0.00020569438,0.00021696487,-3.6340767e-05,0.00029757904,-0.0018796327,-0.04295164,3944,3944,0,1,1
237720258,237719517,2490386,2490386,-0.00074956776,0.0026510598,-8.733912e-05,0.0009666343,-0.00049808354,-0.0422351,3954,3954,0,1,1
238218509,238217802,2490386,2490386,0.00070742605,-0.0012216147,0.00016300047,0.0009602777,0.000993396,-0.033351365,3955,3955,0,1,1
238720787,238720040,2490386,2490386,0.00020909117,0.00026938008,4.7066223e-05,0.0011433602,0.00370953,-0.032456916,3955,3955,0,1,1
239215085,239214368,2490386,2490386,-0.0005274543,-0.00024010851,1.5115312e-05,0.00039537784,-0.0005119235,-0.04149352,3955,3955,0,1,1
239717308,239716603,2490386,2490386,-0.0008635286,-0.0015796319,-0.00020444665,0.0019123439,-0.0030050387,-0.04618485,3954,3954,0,1,1
240215633,240214883,2490386,2490386,0.0014925718,0.001810633,0.00011667046,0.0006025125,0.00021835869,-0.03448341,3954,3954,0,1,1
240717820,240717118,2490386,2490386,-2.517564e-05,0.0006795831,-8.114282e-05,0.0007028528,-0.0013710519,-0.04187373,3955,3955,0,1,1
241220076,241219352,2490386,2490386,-0.0013927987,0.0024142493,9.081168e-05,0.0009455856,-0.0026476018,-0.04367418,3954,3954,0,1,1
241718342,241717638,2490386,2490386,-0.0008882542,-0.00031412102,-0.00011407631,-0.00016804194,0.00048318986,-0.044600323,3962,3962,0,1,1
242220594,242219863,2490386,2490386,-0.0004077541,-0.00015361355,-9.215906e-05,0.00076206884,-0.0019483176,-0.040167354,3955,3955,0,1,1
242714896,242714185,2490386,2490386,-0.0005341966,-0.00017074961,-0.00013529172,0.0011315884,-0.0035223134,-0.050234932,3954,3954,0,1,1
243217120,243216416,2490386,2490386,-0.00050286006,2.5806752e-05,-0.000117862866,0.0002855959,0.001134017,-0.038304083,3955,3955,0,1,1
243715448,243714689,2490386,2490386,0.00023235328,9.6658034e-05,5.4909e-05,0.00034230447,0.00045627935,-0.04009271,3954,3954,0,1,1
244217618,244216919,2490386,2490386,0.0008999267,1.0595469e-05,-5.3940672e-05,0.000444945,-0.00058951386,-0.04105038,3955,3955,0,1,1
244719874,244719149,2490386,2490386,-0.00018652271,1.347401e-05,-1.5035067e-05,0.0011594534,-0.0037034175,-0.046746004,3955,3955,0,1,1
245218135,245217423,2490386,2490386,6.8860754e-05,0.00014806823,6.777444e-05,5.2318712e-05,0.0010310168,-0.03121087,3955,3955,0,1,1
245720409,245719651,2490386,2490386,-0.0011369654,6.711233e-05,-1.3152282e-05,-0.00034503787,0.0026963656,-0.036004856,3954,3954,0,1,1
246214685,246213969,2490386,2490386,9.7060365e-05,-0.000109007095,-9.68519e-05,0.001193909,-0.003984847,-0.045948315,3954,3954,0,1,1
246716896,246716197,2490386,2490386,-2.2493805e-05,2.424828e-05,-0.000119820244,-6.3066356e-05,-0.0001366021,-0.043780673,3954,3954,0,1,1
247215177,247214471,2490386,2490386,-4.16501e-05,-0.00012521594,-0.00016381711,-5.620127e-05,0.0013163389,-0.032952446,3954,3954,0,1,1
247717417,247716698,2490386,2490386,0.0001218843,0.00010513563,-9.186071e-05,-0.00064164965,0.004314748,-0.032193754,3955,3955,0,1,1
248219714,248218926,2490386,2490386,-0.0004029226,-3.122609e-05,-8.630771e-06,-4.3940097e-05,0.0023304978,-0.038944293,3957,3957,0,1,1
248717946,248717194,2490386,2490386,0.0003583342,0.0001460915,6.284329e-05,-0.00047092416,0.004792042,-0.027760928,3955,3955,0,1,1
249220129,249219418,2490386,2490386,9.274083e-05,-9.940252e-05,0.00011568216,0.0009694906,-0.002358402,-0.043773115,3955,3955,0,1,1
249714495,249713733,2490386,2490386,0.00012877768,-0.00013386292,2.2171762e-05,-0.00037113894,0.0007250833,-0.038533546,3954,3954,0,1,1
250216660,250215958,2490386,2490386,0.0010581547,0.00031752477,7.201342e-05,8.279716e-05,0.0024782403,-0.03584611,3954,3954,0,1,1
250718895,250718184,2490386,2490386,0.00054134923,-0.00014274994,2.7006396e-05,-3.720692e-05,0.0025474655,-0.036175296,3954,3954,0,1,1
251217162,251216456,2490386,2490386,0.00028514763,0.00022758737,6.4513997e-06,0.00020968562,0.003041293,-0.032617576,3951,3951,0,1,1
251719396,251718683,2490386,2490386,0.000820995,-0.00013043277,0.00010280297,-0.00039859646,0.0034603619,-0.03353808,3953,3953,0,1,1
252217663,252216955,2490386,2490386,-9.167435e-05,0.00020626104,-1.7582426e-05,0.00021189223,0.0021328588,-0.030254694,3954,3954,0,1,1
252719880,252719182,2490386,2490386,0.0014560422,-0.0002309,8.380472e-05,0.0003832167,-0.0018091437,-0.038434565,3951,3951,0,1,1
253214220,253213500,2490386,2490386,5.1056108e-05,-8.5706015e-05,5.4417676e-05,-0.00042505912,0.003545238,-0.031553786,3954,3954,0,1,1
253716439,253715726,2490386,2490386,0.0032779705,-4.0492734e-05,-7.16386e-05,-0.00022055906,0.004625754,-0.038028225,3955,3955,0,1,1
254218713,254217949,2490386,2490386,-0.0014027162,-0.00021211665,8.722057e-05,0.00010258344,-0.00062866387,-0.043423887,3954,3954,0,1,1
254716932,254716218,2490386,2490386,-0.00038634156,-8.016659e-05,7.861757e-05,0.00063637644,0.0013062652,-0.033186164,3955,3955,0,1,1
255219179,255218441,2490386,2490386,0.0013068512,-0.00077114324,5.141729e-05,-0.00070949533,0.0021817477,-0.035151422,3953,3953,0,1,1
255717458,255716710,2490386,2490386,0.00076886936,1.5277697e-05,9.262569e-05,-8.509556e-05,-0.00040958464,-0.04123786,3954,3954,0,1,1
256219637,256218933,2490386,2490386,0.001165924,0.00055377325,0.00010689865,-0.0005650659,0.0005650548,-0.037666675,3955,3955,0,1,1
256717997,256717200,2490386,2490386,-0.00027933737,-1.3769185e-05,0.00011033008,-0.00025462155,-0.001445186,-0.04686957,3954,3954,0,1,1
257216221,257215469,2490386,2490386,8.839961e-05,0.0032931876,0.00014800712,-0.00048413753,-0.0013579302,-0.039719917,3955,3955,0,1,1
257718476,257717690,2490386,2490386,-0.0006615702,-0.001734484,1.8867753e-05,0.000755528,-0.0002658411,-0.043562707,3954,3954,0,1,1
258216729,258215956,2490386,2490386,-0.00048092104,-0.00026173895,2.7024202e-05,0.00042993308,-0.0010476848,-0.036867112,3955,3955,0,1,1
258718907,258718175,2490386,2490386,0.0024676274,4.1195617e-05,-8.1077174e-05,0.0013127121,0.0007298797,-0.038323015,3947,3947,0,1,1
259217181,259216440,2490386,2490386,-0.00060370413,0.0001605904,-1.1475109e-05,-0.00012742436,0.0028051876,-0.03220431,3955,3955,0,1,1
259719362,259718658,2490386,2490386,0.00093016814,6.8252055e-05,0.00027793852,0.00075732934,-0.0020522166,-0.04455723,3953,3953,0,1,1
260217631,260216920,2490386,2490386,-0.0012889415,-0.00011164448,-1.21963685e-05,0.0007023822,-0.0053636585,-0.0463056,3954,3954,0,1,1
260715900,260715178,2490386,2490386,-0.0022453254,7.3366914e-06,6.0143757e-05,0.0009430589,-0.00013161801,-0.034674857,3954,3954,0,1,1
261218146,261217388,2490386,2490386,0.0020994542,-0.00019254646,0.00010487903,0.00063031825,-0.0050378665,-0.04829198,3953,3953,0,1,1
261716366,261715642,2490386,2490386,0.0010441156,-8.620961e-06,-8.642671e-05,0.00060418865,-0.00039880452,-0.042903736,3954,3954,0,1,1
262218623,262217851,2490386,2490386,-0.00024656282,-5.6659326e-05,-2.7681695e-05,-0.00047711897,0.0035715986,-0.03564251,3954,3954,0,1,1
262716812,262716104,2490386,2490386,-0.00067987526,0.0025955592,-2.1827875e-05,0.0008725829,0.0020103324,-0.041187238,3954,3954,0,1,1
263219016,263218311,2490386,2490386,0.0008674373,-0.0014505822,0.0001251214,0.00021312744,0.0004687128,-0.037150238,3954,3954,0,1,1
263717272,263716564,2490386,2490386,0.0009096546,3.9501574e-05,0.000109654495,5.0349692e-05,0.0031704013,-0.031026581,3955,3955,0,1,1
264215520,264214816,2490386,2490386,-0.00027789062,1.648287e-05,-4.0998337e-05,0.0009734829,0.0010553965,-0.032202773,3954,3954,0,1,1
264717723,264717023,2490386,2490386,-1.2674101e-05,-0.0005561554,3.607202e-05,0.0006922383,0.0033995837,-0.028863557,3955,3955,0,1,1
265215982,265215276,2490386,2490386,0.0011444564,0.0015954885,4.0984287e-06,0.0009443101,-0.0021402407,-0.04515969,3954,3954,0,1,1
265718193,265717483,2490386,2490386,-0.00015170463,0.00031087216,-3.7428148e-05,0.00074990414,-0.0028063944,-0.045296334,3954,3954,0,1,1
266220484,266219689,2490386,2490386,-0.0042976267,8.346059e-05,-2.5032847e-05,-0.00023788265,-0.0002641691,-0.04437834,3954,3954,0,1,1
266718659,266717939,2490386,2490386,0.0008581088,-0.00023526384,-0.00014357676,0.00062556117,-0.0010039699,-0.0444918,3954,3954,0,1,1
267216886,267216187,2490386,2490386,-0.0002857883,-0.0001747315,-0.00013588424,0.0010220658,-0.0026381037,-0.04796468,3954,3954,0,1,1
267715134,267714434,2490386,2490386,-0.0010404069,0.000100967176,1.2656819e-05,-0.0007770149,0.0034314103,-0.035562463,3954,3954,0,1,1
268217365,268216633,2490386,2490386,0.0009325252,-0.00013198006,2.915916e-05,0.000980327,-0.0018743739,-0.0407615,3954,3954,0,1,1
268719544,268718833,2490386,2490386,-8.6129454e-05,-5.435284e-05,9.78936e-05,-5.190465e-05,-6.6914995e-06,-0.031029329,3954,3954,0,1,1
269217809,269217079,2490386,2490386,-0.0007965348,0.00011474317,6.423966e-05,0.00038953638,-7.779672e-05,-0.045307457,3954,3954,0,1,1
269719994,269719281,2490386,2490386,-0.0001577183,0.00011035098,0.0001145417,0.00063871813,-0.0022983826,-0.048411228,3956,3956,0,1,1
270218307,270217525,2490386,2490386,0.0007218422,-5.2802337e-05,2.6339256e-05,0.00046262715,0.0007185155,-0.03643382,3954,3954,0,1,1
270716474,270715772,2490386,2490386,-0.00019298105,6.5355043e-06,-0.00086035643,0.00048214773,-0.0007519948,-0.04241005,3954,3954,0,1,1
271214743,271214019,2490386,2490386,-0.00027439016,0.00012867255,-0.001342331,0.0015834611,-0.003942712,-0.049130127,3954,3954,0,1,1
271716976,271716220,2490386,2490386,-0.0006626005,-8.260179e-05,-0.00020727573,0.0010935015,-0.0036459912,-0.046520807,3954,3954,0,1,1
272219126,272218421,2490386,2490386,-0.0006620021,-0.00010014843,1.389186e-05,0.0004375328,0.0003941605,-0.037036262,3955,3955,0,1,1
272717378,272716672,2490386,2490386,0.0007720797,0.00021551283,8.081636e-05,-8.871885e-05,0.001030085,-0.036066223,3959,3959,0,1,1
273219566,273218867,2490386,2490386,0.00028002867,-0.00020395743,0.00013098729,0.0002233938,0.0020497004,-0.04255937,3954,3954,0,1,1
273717816,273717113,2490386,2490386,-0.00028799084,6.770585e-05,-6.0439394e-05,0.00024846147,0.0016186935,-0.038612176,3953,3953,0,1,1
274216082,274215359,2490386,2490386,-0.00059830066,8.0890044e-05,1.795488e-05,0.00061608484,-0.0011148563,-0.040820826,3954,3954,0,1,1
274718304,274717559,2490386,2490386,0.00062332884,5.870741e-05,7.1410555e-05,0.0010591062,-0.000742705,-0.04341361,3954,3954,0,1,1
275216529,275215806,2490386,2490386,-0.00026539603,-0.00015069457,0.00010904133,0.00050261687,0.0015503343,-0.034885656,3955,3955,0,1,1
275718700,275718005,2490386,2490386,0.00014186511,0.00017763497,7.869361e-05,0.00027326922,0.0014516631,-0.04048587,3954,3954,0,1,1
276216965,276216250,2490386,2490386,0.00018594088,-0.00040499758,4.9341663e-05,-0.00028462533,0.0014277343,-0.03504959,3952,3952,0,1,1
276719157,276718450,2490386,2490386,-0.00081326714,6.096667e-05,0.000121435914,0.0009264783,-0.0011066706,-0.04419474,3955,3955,0,1,1
277217558,277216696,2490386,2490386,-0.00035016495,-1.5011998e-05,8.8610584e-05,0.000851585,-0.0013726554,-0.042934407,3954,3954,0,1,1
277715713,277714942,2490386,2490386,0.0006156819,5.209664e-06,8.1270104e-05,-7.8959056e-05,0.00065241,-0.033894893,3955,3955,0,1,1
278217847,278217141,2490386,2490386,0.00046612023,-0.00020752648,0.00012117939,0.00086119334,-0.00090025214,-0.032037124,3954,3954,0,1,1
278716095,278715387,2490386,2490386,-0.0007581852,0.0001947971,4.9183054e-05,0.0008607841,-0.00034125915,-0.036048822,3954,3954,0,1,1
279218363,279217587,2490386,2490386,0.00016768466,-0.00022985719,0.00020265269,5.728963e-05,-0.0017428852,-0.033972867,3953,3953,0,1,1
279716551,279715833,2490386,2490386,-0.0011251097,2.58385e-05,-0.000100700716,0.00064942206,-0.0015591496,-0.049075395,3955,3955,0,1,1
280218730,280218032,2490386,2490386,0.00010530442,-0.00013277856,0.0001473142,0.00018256452,-0.0025580858,-0.05193723,3954,3954,0,1,1
280720944,280720232,2490386,2490386,0.0011870194,0.00035801236,0.00015577891,0.00027899022,-0.00072928617,-0.04428367,3955,3955,0,1,1
281215312,281214521,2490386,2490386,0.00093491917,-6.6729925e-05,-0.00018544307,0.0015004744,-0.0027137203,-0.045143556,3954,3954,0,1,1
281717444,281716718,2490386,2490386,0.0016694146,0.0001755397,5.806263e-05,-0.00033883142,0.0026998045,-0.044429515,3955,3955,0,1,1
282215669,282214957,2490386,2490386,-0.0020141378,-0.000119896366,0.00010519154,0.0014832533,-0.0024321661,-0.04562882,3948,3948,0,1,1
282717854,282717151,2490386,2490386,-0.00079714856,-2.903529e-05,0.000110735506,0.0014326153,-0.0035310262,-0.043830723,3954,3954,0,1,1
283220074,283219345,2490386,2490386,0.0006491896,-0.0028743031,6.935948e-05,0.00086824584,0.0022636224,-0.039715126,3954,3954,0,1,1
283718374,283717586,2490386,2490386,0.0003077081,0.002112659,5.087382e-05,-0.0005145407,-0.000790292,-0.0473495,3954,3954,0,1,1
284220478,284219781,2490386,2490386,-5.3219348e-05,0.00037269216,1.8921246e-05,-0.00015464236,0.0010799929,-0.040071722,3954,3954,0,1,1
284714835,284714067,2490386,2490386,0.0003146795,0.0001248361,6.0069055e-05,-0.0013284684,0.0060917167,-0.027552819,3954,3954,0,1,1
285217023,285216261,2490386,2490386,-0.00032204992,-0.00043181065,0.00012586077,-5.6492132e-05,0.00051479164,-0.040985096,3955,3955,0,1,1
285715202,285714499,2490386,2490386,0.00042099424,-0.0020104935,0.00012757194,-0.0009066027,0.003893721,-0.030574594,3955,3955,0,1,1
286217541,286216690,2490386,2490386,0.00017918076,-0.00027341265,8.4990905e-05,0.0008287574,-0.0018000277,-0.043208826,3954,3954,0,1,1
286719615,286718881,2490386,2490386,0.0015881674,-2.3684866e-05,0.00011951651,-0.00027324533,0.004183864,-0.028557362,3953,3953,0,1,1
287217829,287217118,2490386,2490386,-0.00047153587,0.00068974314,8.778254e-05,0.0017842707,-0.005238419,-0.05355349,3955,3955,0,1,1
287720127,287719307,2490386,2490386,0.0016410729,-0.00021340068,0.00017350406,0.0009387955,-0.0013848419,-0.041878298,3954,3954,0,1,1
288214384,288213589,2490386,2490386,-0.0015818538,-3.7455848e-05,0.00017903076,0.00077221607,-4.0694136e-05,-0.036473062,3954,3954,0,1,1
288716545,288715779,2490386,2490386,-0.0010484967,5.6506997e-05,0.00018883622,0.0011031937,-0.0025390396,-0.037744235,3954,3954,0,1,1
289218662,289217967,2490386,2490386,0.0015119539,-4.8594855e-05,7.14693e-05,0.0011337645,0.0010263057,-0.033943206,3954,3954,0,1,1
289716899,289716198,2490386,2490386,0.000919255,-0.0002425084,0.00014941693,0.00032211465,0.00013394302,-0.04137431,3954,3954,0,1,1
290219094,290218383,2490386,2490386,0.0020674854,0.00042164544,0.00011146089,2.63012e-06,0.00043036003,-0.039137427,3954,3954,0,1,1
290717423,290716612,2490386,2490386,0.00035401623,-0.00036733804,-0.00035206377,0.0010978766,-0.0031478906,-0.038849164,3954,3954,0,1,1
291219493,291218795,2490386,2490386,-8.009879e-05,0.00020993351,-0.0002693927,0.0011817305,-0.0026875497,-0.047171786,3954,3954,0,1,1
291717737,291717027,2490386,2490386,-0.0002911897,-0.00020414012,-8.939721e-05,0.00037408673,0.0015166001,-0.042135496,3958,3958,0,1,1
292215978,292215250,2490386,2490386,-0.0003219454,-0.0017851194,6.8207366e-05,0.0009801781,-0.0030238805,-0.046216086,3954,3954,0,1,1
292718148,292717432,2490386,2490386,0.0006313477,-0.0015382561,-2.4083417e-06,0.0011836027,0.000964545,-0.038662698,3954,3954,0,1,1
293216438,293215659,2490386,2490386,0.00071849296,0.0027091142,3.735147e-05,0.0010412714,0.0019361157,-0.03783788,3954,3954,0,1,1
293718545,293717842,2490386,2490386,0.00032220662,-0.005065415,7.407876e-05,0.00056622905,0.001177139,-0.043033853,3955,3955,0,1,1
294216777,294216071,2490386,2490386,0.0004625313,0.0015114566,3.955984e-05,0.00044160587,-0.0014926814,-0.045477748,3957,3957,0,1,1
294718958,294718251,2490386,2490386,-0.0014975048,-0.00010555017,-0.00011189898,0.00059658056,-0.00161825,-0.04091387,3953,3953,0,1,1
295217189,295216479,2490386,2490386,-0.00076736475,0.0005356998,3.892091e-05,-0.00019893605,-0.00058350235,-0.036016405,3954,3954,0,1,1
295715599,295714707,2490386,2490386,0.0018457383,-0.0002722859,8.0002515e-05,0.00034743617,0.0003404192,-0.04823601,3954,3954,0,1,1
296217665,296216888,2490386,2490386,-0.0011025016,0.000121873425,-4.4872955e-05,0.0010410646,-0.0008761669,-0.03900983,3954,3954,0,1,1
296715822,296715114,2490386,2490386,0.00022585201,-2.851978e-05,-0.00019583828,0.00037588002,-0.0021085811,-0.041471064,3955,3955,0,1,1
297218002,297217293,2490386,2490386,-0.00092446187,2.307188e-05,-5.4352397e-05,0.0014915218,-0.005409832,-0.047832657,3954,3954,0,1,1
297720181,297719472,2490386,2490386,0.0008319995,-0.00020929107,0.00011061876,-0.00017300967,0.0012713012,-0.042613454,3954,3954,0,1,1
298218476,298217698,2490386,2490386,-0.0017378457,0.00033156932,1.918739e-05,-0.0006067185,0.004165854,-0.027522454,3954,3954,0,1,1
298716623,298715923,2490386,2490386,0.000780971,-4.7008914e-05,0.00020797469,0.00042134005,-0.0025040407,-0.04359886,3954,3954,0,1,1
299214869,299214148,2490386,2490386,0.0007650167,2.9695124e-05,2.0118538e-05,4.0795534e-05,0.0016434551,-0.039470065,3953,3953,0,1,1
299717074,299716330,2490386,2490386,-0.0013607753,0.000112604044,1.0467921e-05,-0.0004784504,0.0019116316,-0.03718651,3954,3954,0,1,1
300219211,300218511,2490386,2490386,-2.7409156e-05,-2.8149705e-05,-6.1469786e-05,-0.00022265154,0.00532625,-0.023293238,3954,3954,0,1,1
300717440,300716737,2490386,2490386,-0.00040446172,0.0003321359,4.963767e-06,0.0002524362,-0.0014164997,-0.044607963,3953,3953,0,1,1
301219630,301218917,2490386,2490386,0.0014890608,0.00030427033,0.0001335134,-0.00087522145,0.005169748,-0.02416098,3954,3954,0,1,1
301717858,301717148,2490386,2490386,-6.8706955e-05,-0.00039747037,4.4099306e-05,0.00041562284,-0.001927755,-0.041991487,3959,3959,0,1,1
302216079,302215369,2490386,2490386,0.0018573315,6.894607e-05,0.00021297084,-0.00041829835,0.0032237615,-0.032423276,3954,3954,0,1,1
302718256,302717549,2490386,2490386,-9.244697e-06,-0.00012321492,7.600078e-05,0.0011788128,-0.0039685196,-0.048491485,3954,3954,0,1,1
303216521,303215775,2490386,2490386,-0.0005648787,-6.6309636e-05,-1.839017e-05,0.0006543152,-0.002449828,-0.042901967,3954,3954,0,1,1
303718654,303717954,2490386,2490386,0.0003727167,0.0003532569,9.590755e-05,0.0002661513,-0.00020225743,-0.043066166,3954,3954,0,1,1
304216983,304216180,2490386,2490386,0.0012709866,-0.00011526247,8.722793e-05,0.0007709779,-0.00022488296,-0.041923046,3954,3954,0,1,1
304719059,304718361,2490386,2490386,0.00013715203,5.861638e-05,-8.829802e-05,0.00042251297,-0.00060752215,-0.042243794,3954,3954,0,1,1
305217452,305216587,2490386,2490386,-0.000106373096,0.00016293004,2.7295544e-05,0.00073040643,-0.00033296505,-0.039489754,3954,3954,0,1,1
305715519,305714813,2490386,2490386,-0.0006208891,-2.5503965e-05,-0.00013938849,0.0005517768,0.0008155155,-0.032256253,3954,3954,0,1,1
306217726,306216994,2490386,2490386,0.00021994066,-0.00016091943,-0.0001423829,0.000266567,7.3934876e-05,-0.04022886,3954,3954,0,1,1
306715932,306715226,2490386,2490386,0.0001653264,0.0002934262,6.201679e-05,0.00028407594,0.00024631715,-0.03750712,3960,3960,0,1,1
307218186,307217401,2490386,2490386,-0.001281517,-0.00032219698,-8.0900216e-05,0.00015159522,0.00019107143,-0.040597424,3951,3951,0,1,1
307716397,307715627,2490386,2490386,-0.0006736444,-0.00037145053,-0.00020791862,-0.00048074927,0.003121907,-0.046503887,3955,3955,0,1,1
308218536,308217805,2490386,2490386,-0.0023657335,-0.0053582406,0.0012858977,-0.00015300888,-0.009248909,-0.06859869,3954,3954,0,2,1
308720722,308719983,2490386,2490386,-5.6465044e-05,3.948122e-05,-7.4840736e-06,0.00044040813,-0.0018126337,-0.039218843,3954,3954,0,2,1
