timestamp,voltage5v_v,sensors3v3[0],sensors3v3[1],sensors3v3[2],sensors3v3[3],sensors3v3_valid,usb_connected,brick_valid,usb_valid,servo_valid,periph_5v_oc,hipower_5v_oc,comp_5v_valid,can1_gps1_5v_valid
1904759,4.6631837,3.2935545,0.0,0.0,0.0,1,1,1,1,1,0,0,0,0
2405128,4.6583495,3.2935545,0.0,0.0,0.0,1,1,1,1,1,0,0,0,0
2904759,4.6776853,3.295166,0.0,0.0,0.0,1,1,1,1,1,0,0,0,0
3405387,4.6937985,3.295166,0.0,0.0,0.0,1,1,1,1,1,0,0,0,0
3904772,4.6825194,3.295166,0.0,0.0,0.0,1,1,1,1,1,0,0,0,0
4404757,4.676074,3.2919433,0.0,0.0,0.0,1,1,1,1,1,0,0,0,0
4904759,4.6954103,3.2935545,0.0,0.0,0.0,1,1,1,1,1,0,0,0,0
5404757,4.6986327,3.2919433,0.0,0.0,0.0,1,1,1,1,1,0,0,0,0
5904759,4.655127,3.295166,0.0,0.0,0.0,1,1,1,1,1,0,0,0,0
6404757,4.7066894,3.2935545,0.0,0.0,0.0,1,1,1,1,1,0,0,0,0
6905603,4.664795,3.2935545,0.0,0.0,0.0,1,1,1,1,1,0,0,0,0
7404772,4.6776853,3.295166,0.0,0.0,0.0,1,1,1,1,1,0,0,0,0
7904757,4.6937985,3.295166,0.0,0.0,0.0,1,1,1,1,1,0,0,0,0
8404770,4.5987306,3.2935545,0.0,0.0,0.0,1,1,1,1,1,0,0,0,0
8904757,4.613232,3.2935545,0.0,0.0,0.0,1,1,1,1,1,0,0,0,0
9405244,4.5987306,3.2935545,0.0,0.0,0.0,1,1,1,1,1,0,0,0,0
9904767,4.6293454,3.295166,0.0,0.0,0.0,1,1,1,1,1,0,0,0,0
10405352,4.650293,3.295166,0.0,0.0,0.0,1,1,1,1,1,0,0,0,0
10904771,4.664795,3.2935545,0.0,0.0,0.0,1,1,1,1,1,0,0,0,0
11404757,4.6438475,3.295166,0.0,0.0,0.0,1,1,1,1,1,0,0,0,0
11904759,4.630957,3.2935545,0.0,0.0,0.0,1,1,1,1,1,0,0,0,0
12404758,4.637402,3.295166,0.0,0.0,0.0,1,1,1,1,1,0,0,0,0
12904757,4.690576,3.295166,0.0,0.0,0.0,1,1,1,1,1,0,0,0,0
13404756,4.6825194,3.295166,0.0,0.0,0.0,1,1,1,1,1,0,0,0,0
13905694,4.679297,3.295166,0.0,0.0,0.0,1,1,1,1,1,0,0,0,0
14404761,4.74375,3.2935545,0.0,0.0,0.0,1,1,1,1,1,0,0,0,0
14904757,4.6631837,3.2935545,0.0,0.0,0.0,1,1,1,1,1,0,0,0,0
15404980,4.6921873,3.2935545,0.0,0.0,0.0,1,1,1,1,1,0,0,0,0
15904757,4.705078,3.295166,0.0,0.0,0.0,1,1,1,1,1,0,0,0,0
16405424,4.6712403,3.295166,0.0,0.0,0.0,1,1,1,1,1,0,0,0,0
16904775,4.680908,3.2935545,0.0,0.0,0.0,1,1,1,1,1,0,0,0,0
17405879,4.679297,3.295166,0.0,0.0,0.0,1,1,1,1,1,0,0,0,0
17904768,4.484326,3.2935545,0.0,0.0,0.0,1,1,1,1,1,0,0,0,0
18404762,4.6728516,3.295166,0.0,0.0,0.0,1,1,1,1,1,0,0,0,0
18904759,4.630957,3.2935545,0.0,0.0,0.0,1,1,1,1,1,0,0,0,0
19404757,4.5052733,3.2935545,0.0,0.0,0.0,1,1,1,1,1,0,0,0,0
19905379,4.650293,3.2935545,0.0,0.0,0.0,1,1,1,1,1,0,0,0,0
20404775,4.6180663,3.295166,0.0,0.0,0.0,1,1,1,1,1,0,0,0,0
20905692,4.690576,3.295166,0.0,0.0,0.0,1,1,1,1,1,0,0,0,0
21404773,4.7308593,3.2967772,0.0,0.0,0.0,1,1,1,1,1,0,0,0,0
21904757,4.716357,3.2967772,0.0,0.0,0.0,1,1,1,1,1,0,0,0,0
22404763,4.703467,3.295166,0.0,0.0,0.0,1,1,1,1,1,0,0,0,0
22904758,4.6712403,3.2935545,0.0,0.0,0.0,1,1,1,1,1,0,0,0,0
23406016,4.6470704,3.295166,0.0,0.0,0.0,1,1,1,1,1,0,0,0,0
23904801,4.703467,3.2935545,0.0,0.0,0.0,1,1,1,1,1,0,0,0,0
24406004,4.714746,3.295166,0.0,0.0,0.0,1,1,1,1,1,0,0,0,0
24904771,4.6535153,3.295166,0.0,0.0,0.0,1,1,1,1,1,0,0,0,0
25404770,4.6438475,3.295166,0.0,0.0,0.0,1,1,1,1,1,0,0,0,0
25905087,4.6567383,3.2967772,0.0,0.0,0.0,1,1,1,1,1,0,0,0,0
26404757,4.4182615,3.295166,0.0,0.0,0.0,1,1,1,1,1,0,0,0,0
26905132,4.6631837,3.2935545,0.0,0.0,0.0,1,1,1,1,1,0,0,0,0
27404757,4.6438475,3.295166,0.0,0.0,0.0,1,1,1,1,1,0,0,0,0
27906370,4.7211914,3.295166,0.0,0.0,0.0,1,1,1,1,1,0,0,0,0
28404771,4.661572,3.295166,0.0,0.0,0.0,1,1,1,1,1,0,0,0,0
28904761,4.627734,3.295166,0.0,0.0,0.0,1,1,1,1,1,0,0,0,0
29404758,4.703467,3.295166,0.0,0.0,0.0,1,1,1,1,1,0,0,0,0
29904759,4.655127,3.2919433,0.0,0.0,0.0,1,1,1,1,1,0,0,0,0
30405271,4.679297,3.2967772,0.0,0.0,0.0,1,1,1,1,1,0,0,0,0
30904767,4.724414,3.295166,0.0,0.0,0.0,1,1,1,1,1,0,0,0,0
31406277,4.6954103,3.2935545,0.0,0.0,0.0,1,1,1,1,1,0,0,0,0
31904759,4.680908,3.295166,0.0,0.0,0.0,1,1,1,1,1,0,0,0,0
32404791,4.6825194,3.2967772,0.0,0.0,0.0,1,1,1,1,1,0,0,0,0
32905117,4.650293,3.295166,0.0,0.0,0.0,1,1,1,1,1,0,0,0,0
33404759,4.701855,3.2967772,0.0,0.0,0.0,1,1,1,1,1,0,0,0,0
33905627,4.714746,3.295166,0.0,0.0,0.0,1,1,1,1,1,0,0,0,0
34404757,4.666406,3.295166,0.0,0.0,0.0,1,1,1,1,1,0,0,0,0
34906129,4.6776853,3.295166,0.0,0.0,0.0,1,1,1,1,1,0,0,0,0
35404771,4.726025,3.2919433,0.0,0.0,0.0,1,1,1,1,1,0,0,0,0
35904757,4.714746,3.2967772,0.0,0.0,0.0,1,1,1,1,1,0,0,0,0
36404760,4.7308593,3.2919433,0.0,0.0,0.0,1,1,1,1,1,0,0,0,0
36904758,4.7179685,3.295166,0.0,0.0,0.0,1,1,1,1,1,0,0,0,0
37405719,4.6986327,3.295166,0.0,0.0,0.0,1,1,1,1,1,0,0,0,0
37904767,4.6728516,3.295166,0.0,0.0,0.0,1,1,1,1,1,0,0,0,0
38405609,4.666406,3.295166,0.0,0.0,0.0,1,1,1,1,1,0,0,0,0
38904853,4.738916,3.295166,0.0,0.0,0.0,1,1,1,1,1,0,0,0,0
39404758,4.6986327,3.2935545,0.0,0.0,0.0,1,1,1,1,1,0,0,0,0
39904986,4.6567383,3.2935545,0.0,0.0,0.0,1,1,1,1,1,0,0,0,0
40404757,4.6841307,3.2935545,0.0,0.0,0.0,1,1,1,1,1,0,0,0,0
40905089,4.738916,3.295166,0.0,0.0,0.0,1,1,1,1,1,0,0,0,0
41404764,4.727637,3.2935545,0.0,0.0,0.0,1,1,1,1,1,0,0,0,0
41905809,4.7453613,3.295166,0.0,0.0,0.0,1,1,1,1,1,0,0,0,0
42404773,4.6599607,3.295166,0.0,0.0,0.0,1,1,1,1,1,0,0,0,0
42904757,4.7066894,3.295166,0.0,0.0,0.0,1,1,1,1,1,0,0,0,0
43404763,4.727637,3.2967772,0.0,0.0,0.0,1,1,1,1,1,0,0,0,0
43904777,4.7421384,3.2935545,0.0,0.0,0.0,1,1,1,1,1,0,0,0,0
44405627,4.6937985,3.295166,0.0,0.0,0.0,1,1,1,1,1,0,0,0,0
44904762,4.6583495,3.295166,0.0,0.0,0.0,1,1,1,1,1,0,0,0,0
45405793,4.6325684,3.295166,0.0,0.0,0.0,1,1,1,1,1,0,0,0,0
45904760,4.6535153,3.295166,0.0,0.0,0.0,1,1,1,1,1,0,0,0,0
46404759,4.6712403,3.295166,0.0,0.0,0.0,1,1,1,1,1,0,0,0,0
46905460,4.703467,3.2919433,0.0,0.0,0.0,1,1,1,1,1,0,0,0,0
47404758,4.6583495,3.2935545,0.0,0.0,0.0,1,1,1,1,1,0,0,0,0
47905355,4.705078,3.2967772,0.0,0.0,0.0,1,1,1,1,1,0,0,0,0
48404775,4.7340817,3.2935545,0.0,0.0,0.0,1,1,1,1,1,0,0,0,0
48904757,4.714746,3.295166,0.0,0.0,0.0,1,1,1,1,1,0,0,0,0
49405105,4.7228026,3.2935545,0.0,0.0,0.0,1,1,1,1,1,0,0,0,0
49904758,4.676074,3.295166,0.0,0.0,0.0,1,1,1,1,1,0,0,0,0
50405371,4.690576,3.2919433,0.0,0.0,0.0,1,1,1,1,1,0,0,0,0
50904757,4.6937985,3.295166,0.0,0.0,0.0,1,1,1,1,1,0,0,0,0
51405681,4.7083006,3.295166,0.0,0.0,0.0,1,1,1,1,1,0,0,0,0
51904771,4.726025,3.295166,0.0,0.0,0.0,1,1,1,1,1,0,0,0,0
52404757,4.6599607,3.295166,0.0,0.0,0.0,1,1,1,1,1,0,0,0,0
52904762,4.705078,3.2967772,0.0,0.0,0.0,1,1,1,1,1,0,0,0,0
53404757,4.690576,3.295166,0.0,0.0,0.0,1,1,1,1,1,0,0,0,0
53905546,4.6937985,3.295166,0.0,0.0,0.0,1,1,1,1,1,0,0,0,0
54404769,4.748584,3.2935545,0.0,0.0,0.0,1,1,1,1,1,0,0,0,0
54905357,4.6470704,3.295166,0.0,0.0,0.0,1,1,1,1,1,0,0,0,0
55404775,4.650293,3.2935545,0.0,0.0,0.0,1,1,1,1,1,0,0,0,0
55904757,4.679297,3.295166,0.0,0.0,0.0,1,1,1,1,1,0,0,0,0
56404904,4.674463,3.295166,0.0,0.0,0.0,1,1,1,1,1,0,0,0,0
56904758,4.700244,3.295166,0.0,0.0,0.0,1,1,1,1,1,0,0,0,0
57404847,4.587451,3.2935545,0.0,0.0,0.0,1,1,1,1,1,0,0,0,0
57904768,4.688965,3.295166,0.0,0.0,0.0,1,1,1,1,1,0,0,0,0
58405795,4.716357,3.2935545,0.0,0.0,0.0,1,1,1,1,1,0,0,0,0
58904766,4.680908,3.2935545,0.0,0.0,0.0,1,1,1,1,1,0,0,0,0
59404757,4.7308593,3.2935545,0.0,0.0,0.0,1,1,1,1,1,0,0,0,0
59904759,4.679297,3.2935545,0.0,0.0,0.0,1,1,1,1,1,0,0,0,0
60404757,4.6873536,3.295166,0.0,0.0,0.0,1,1,1,1,1,0,0,0,0
60905286,4.705078,3.295166,0.0,0.0,0.0,1,1,1,1,1,0,0,0,0
61404770,4.753418,3.295166,0.0,0.0,0.0,1,1,1,1,1,0,0,0,0
61905567,4.6873536,3.295166,0.0,0.0,0.0,1,1,1,1,1,0,0,0,0
62404758,4.650293,3.2935545,0.0,0.0,0.0,1,1,1,1,1,0,0,0,0
62904782,4.6937985,3.295166,0.0,0.0,0.0,1,1,1,1,1,0,0,0,0
63404989,4.713135,3.2919433,0.0,0.0,0.0,1,1,1,1,1,0,0,0,0
63904757,4.688965,3.295166,0.0,0.0,0.0,1,1,1,1,1,0,0,0,0
64404998,4.716357,3.295166,0.0,0.0,0.0,1,1,1,1,1,0,0,0,0
64904758,4.679297,3.295166,0.0,0.0,0.0,1,1,1,1,1,0,0,0,0
65405550,4.651904,3.295166,0.0,0.0,0.0,1,1,1,1,1,0,0,0,0
65904758,4.685742,3.2935545,0.0,0.0,0.0,1,1,1,1,1,0,0,0,0
66404756,4.7373047,3.2935545,0.0,0.0,0.0,1,1,1,1,1,0,0,0,0
66904762,4.542334,3.295166,0.0,0.0,0.0,1,1,1,1,1,0,0,0,0
67404757,4.674463,3.2935545,0.0,0.0,0.0,1,1,1,1,1,0,0,0,0
67905369,4.727637,3.295166,0.0,0.0,0.0,1,1,1,1,1,0,0,0,0
68404766,4.6728516,3.2935545,0.0,0.0,0.0,1,1,1,1,1,0,0,0,0
68905787,4.524609,3.2967772,0.0,0.0,0.0,1,1,1,1,1,0,0,0,0
69404770,4.7115235,3.2935545,0.0,0.0,0.0,1,1,1,1,1,0,0,0,0
69904757,4.6873536,3.295166,0.0,0.0,0.0,1,1,1,1,1,0,0,0,0
70404874,4.713135,3.295166,0.0,0.0,0.0,1,1,1,1,1,0,0,0,0
70904762,4.7228026,3.295166,0.0,0.0,0.0,1,1,1,1,1,0,0,0,0
71405972,4.713135,3.2935545,0.0,0.0,0.0,1,1,1,1,1,0,0,0,0
71904780,4.7324705,3.2967772,0.0,0.0,0.0,1,1,1,1,1,0,0,0,0
72405771,4.6083984,3.2967772,0.0,0.0,0.0,1,1,1,1,1,0,0,0,0
72904776,4.7115235,3.2935545,0.0,0.0,0.0,1,1,1,1,1,0,0,0,0
73404770,4.7356935,3.2935545,0.0,0.0,0.0,1,1,1,1,1,0,0,0,0
73904864,4.674463,3.2935545,0.0,0.0,0.0,1,1,1,1,1,0,0,0,0
74404757,4.7211914,3.2935545,0.0,0.0,0.0,1,1,1,1,1,0,0,0,0
74905697,4.714746,3.2935545,0.0,0.0,0.0,1,1,1,1,1,0,0,0,0
75404773,4.6599607,3.2967772,0.0,0.0,0.0,1,1,1,1,1,0,0,0,0
75904757,4.6937985,3.2935545,0.0,0.0,0.0,1,1,1,1,1,0,0,0,0
76404764,4.724414,3.295166,0.0,0.0,0.0,1,1,1,1,1,0,0,0,0
76904757,4.777588,3.2935545,0.0,0.0,0.0,1,1,1,1,1,0,0,0,0
77405942,4.676074,3.295166,0.0,0.0,0.0,1,1,1,1,1,0,0,0,0
77904757,4.6921873,3.295166,0.0,0.0,0.0,1,1,1,1,1,0,0,0,0
78405878,4.6937985,3.295166,0.0,0.0,0.0,1,1,1,1,1,0,0,0,0
78904759,4.6696286,3.295166,0.0,0.0,0.0,1,1,1,1,1,0,0,0,0
79404758,4.724414,3.295166,0.0,0.0,0.0,1,1,1,1,1,0,0,0,0
79904839,4.6776853,3.295166,0.0,0.0,0.0,1,1,1,1,1,0,0,0,0
80404758,4.6841307,3.295166,0.0,0.0,0.0,1,1,1,1,1,0,0,0,0
80904802,4.738916,3.295166,0.0,0.0,0.0,1,1,1,1,1,0,0,0,0
81404757,4.6970215,3.295166,0.0,0.0,0.0,1,1,1,1,1,0,0,0,0
81906319,4.4827147,3.295166,0.0,0.0,0.0,1,1,1,1,1,0,0,0,0
82404758,4.703467,3.2935545,0.0,0.0,0.0,1,1,1,1,1,0,0,0,0
82904757,4.6986327,3.295166,0.0,0.0,0.0,1,1,1,1,1,0,0,0,0
83404775,4.6776853,3.295166,0.0,0.0,0.0,1,1,1,1,1,0,0,0,0
83904757,4.7373047,3.295166,0.0,0.0,0.0,1,1,1,1,1,0,0,0,0
84405834,4.729248,3.2935545,0.0,0.0,0.0,1,1,1,1,1,0,0,0,0
84904766,4.6535153,3.2935545,0.0,0.0,0.0,1,1,1,1,1,0,0,0,0
85405464,4.664795,3.2919433,0.0,0.0,0.0,1,1,1,1,1,0,0,0,0
85904773,4.6873536,3.295166,0.0,0.0,0.0,1,0,1,0,1,0,0,0,0
86404758,4.6599607,3.295166,0.0,0.0,0.0,1,0,1,0,1,0,0,0,0
86905484,4.7179685,3.2935545,0.0,0.0,0.0,1,0,1,0,1,0,0,0,0
87404757,4.664795,3.295166,0.0,0.0,0.0,1,0,1,0,1,0,0,0,0
87904981,4.7340817,3.295166,0.0,0.0,0.0,1,0,1,0,1,0,0,0,0
88404757,4.690576,3.295166,0.0,0.0,0.0,1,0,1,0,1,0,0,0,0
88905628,4.674463,3.2967772,0.0,0.0,0.0,1,0,1,0,1,0,0,0,0
89404758,4.679297,3.2935545,0.0,0.0,0.0,1,0,1,0,1,0,0,0,0
89904758,4.6873536,3.2935545,0.0,0.0,0.0,1,0,1,0,1,0,0,0,0
90404759,4.463379,3.2935545,0.0,0.0,0.0,1,0,1,0,1,0,0,0,0
90904757,4.703467,3.2919433,0.0,0.0,0.0,1,0,1,0,1,0,0,0,0
91405699,4.7340817,3.2935545,0.0,0.0,0.0,1,0,1,0,1,0,0,0,0
91904765,4.7373047,3.2967772,0.0,0.0,0.0,1,0,1,0,1,0,0,0,0
92405695,4.639014,3.2935545,0.0,0.0,0.0,1,0,1,0,1,0,0,0,0
92904758,4.6841307,3.295166,0.0,0.0,0.0,1,0,1,0,1,0,0,0,0
93404757,4.690576,3.2935545,0.0,0.0,0.0,1,0,1,0,1,0,0,0,0
93904893,4.709912,3.295166,0.0,0.0,0.0,1,0,1,0,1,0,0,0,0
94404758,4.6970215,3.2919433,0.0,0.0,0.0,1,0,1,0,1,0,0,0,0
94905176,4.639014,3.2919433,0.0,0.0,0.0,1,0,1,0,1,0,0,0,0
95404779,4.705078,3.2935545,0.0,0.0,0.0,1,0,1,0,1,0,0,0,0
95905689,4.7179685,3.295166,0.0,0.0,0.0,1,0,1,0,1,0,0,0,0
96404762,4.6873536,3.2935545,0.0,0.0,0.0,1,0,1,0,1,0,0,0,0
96904758,4.6728516,3.295166,0.0,0.0,0.0,1,0,1,0,1,0,0,0,0
97404763,4.640625,3.295166,0.0,0.0,0.0,1,0,1,0,1,0,0,0,0
97904768,4.6841307,3.2967772,0.0,0.0,0.0,1,0,1,0,1,0,0,0,0
98405522,4.7211914,3.2935545,0.0,0.0,0.0,1,0,1,0,1,0,0,0,0
98904757,4.650293,3.295166,0.0,0.0,0.0,1,0,1,0,1,0,0,0,0
99404779,4.6873536,3.295166,0.0,0.0,0.0,1,0,1,0,1,0,0,0,0
99904758,4.7179685,3.295166,0.0,0.0,0.0,1,0,1,0,1,0,0,0,0
100404757,4.6470704,3.2919433,0.0,0.0,0.0,1,0,1,0,1,0,0,0,0
100905063,4.7211914,3.295166,0.0,0.0,0.0,1,0,1,0,1,0,0,0,0
101404766,4.703467,3.295166,0.0,0.0,0.0,1,0,1,0,1,0,0,0,0
101905374,4.6696286,3.295166,0.0,0.0,0.0,1,0,1,0,1,0,0,0,0
102404771,4.6970215,3.295166,0.0,0.0,0.0,1,0,1,0,1,0,0,0,0
102904757,4.7179685,3.295166,0.0,0.0,0.0,1,0,1,0,1,0,0,0,0
103405216,4.7211914,3.2983887,0.0,0.0,0.0,1,0,1,0,1,0,0,0,0
103904757,4.6680174,3.295166,0.0,0.0,0.0,1,0,1,0,1,0,0,0,0
104405421,4.7066894,3.295166,0.0,0.0,0.0,1,0,1,0,1,0,0,0,0
104904797,4.6583495,3.2935545,0.0,0.0,0.0,1,0,1,0,1,0,0,0,0
105405813,4.729248,3.2935545,0.0,0.0,0.0,1,0,1,0,1,0,0,0,0
105904759,4.6631837,3.295166,0.0,0.0,0.0,1,0,1,0,1,0,0,0,0
106404756,4.701855,3.2967772,0.0,0.0,0.0,1,0,1,0,1,0,0,0,0
106904896,4.700244,3.2935545,0.0,0.0,0.0,1,0,1,0,1,0,0,0,0
107404771,4.688965,3.295166,0.0,0.0,0.0,1,0,1,0,1,0,0,0,0
107905366,4.6293454,3.295166,0.0,0.0,0.0,1,0,1,0,1,0,0,0,0
108404757,4.6954103,3.2919433,0.0,0.0,0.0,1,0,1,0,1,0,0,0,0
108905534,4.6631837,3.2935545,0.0,0.0,0.0,1,0,1,0,1,0,0,0,0
109404759,4.726025,3.2919433,0.0,0.0,0.0,1,0,1,0,1,0,0,0,0
109904760,4.716357,3.295166,0.0,0.0,0.0,1,0,1,0,1,0,0,0,0
110404824,4.6954103,3.2967772,0.0,0.0,0.0,1,0,1,0,1,0,0,0,0
110904757,4.626123,3.295166,0.0,0.0,0.0,1,0,1,0,1,0,0,0,0
111404948,4.713135,3.295166,0.0,0.0,0.0,1,0,1,0,1,0,0,0,0
111904768,4.705078,3.2919433,0.0,0.0,0.0,1,0,1,0,1,0,0,0,0
112406131,4.664795,3.295166,0.0,0.0,0.0,1,0,1,0,1,0,0,0,0
112904769,4.7340817,3.295166,0.0,0.0,0.0,1,0,1,0,1,0,0,0,0
113404866,4.713135,3.2919433,0.0,0.0,0.0,1,0,1,0,1,0,0,0,0
113904760,4.7356935,3.295166,0.0,0.0,0.0,1,0,1,0,1,0,0,0,0
114404758,4.650293,3.2967772,0.0,0.0,0.0,1,0,1,0,1,0,0,0,0
114905369,4.642236,3.2935545,0.0,0.0,0.0,1,0,1,0,1,0,0,0,0
115404757,4.6921873,3.295166,0.0,0.0,0.0,1,0,1,0,1,0,0,0,0
115905690,4.688965,3.295166,0.0,0.0,0.0,1,0,1,0,1,0,0,0,0
116404771,4.6873536,3.295166,0.0,0.0,0.0,1,0,1,0,1,0,0,0,0
116904757,4.6712403,3.2935545,0.0,0.0,0.0,1,0,1,0,1,0,0,0,0
117404930,4.635791,3.295166,0.0,0.0,0.0,1,0,1,0,1,0,0,0,0
117904763,4.6728516,3.295166,0.0,0.0,0.0,1,0,1,0,1,0,0,0,0
118405424,4.7211914,3.295166,0.0,0.0,0.0,1,0,1,0,1,0,0,0,0
118904770,4.7228026,3.2935545,0.0,0.0,0.0,1,0,1,0,1,0,0,0,0
119404757,4.7211914,3.2935545,0.0,0.0,0.0,1,0,1,0,1,0,0,0,0
119904764,4.713135,3.295166,0.0,0.0,0.0,1,0,1,0,1,0,0,0,0
120404762,4.71958,3.2935545,0.0,0.0,0.0,1,0,1,0,1,0,0,0,0
120904758,4.679297,3.295166,0.0,0.0,0.0,1,0,1,0,1,0,0,0,0
121404758,4.7083006,3.295166,0.0,0.0,0.0,1,0,1,0,1,0,0,0,0
121905670,4.6954103,3.2935545,0.0,0.0,0.0,1,0,1,0,1,0,0,0,0
122404757,4.6841307,3.2935545,0.0,0.0,0.0,1,0,1,0,1,0,0,0,0
122904756,4.7211914,3.2935545,0.0,0.0,0.0,1,0,1,0,1,0,0,0,0
123404803,4.685742,3.2935545,0.0,0.0,0.0,1,0,1,0,1,0,0,0,0
123904758,4.676074,3.295166,0.0,0.0,0.0,1,0,1,0,1,0,0,0,0
124405539,4.690576,3.295166,0.0,0.0,0.0,1,0,1,0,1,0,0,0,0
124904809,4.690576,3.295166,0.0,0.0,0.0,1,0,1,0,1,0,0,0,0
125405400,4.7066894,3.295166,0.0,0.0,0.0,1,0,1,0,1,0,0,0,0
125904757,4.674463,3.2935545,0.0,0.0,0.0,1,0,1,0,1,0,0,0,0
126404758,4.714746,3.2935545,0.0,0.0,0.0,1,0,1,0,1,0,0,0,0
126905423,4.71958,3.295166,0.0,0.0,0.0,1,0,1,0,1,0,0,0,0
127404757,4.6937985,3.2935545,0.0,0.0,0.0,1,0,1,0,1,0,0,0,0
127905442,4.7421384,3.2935545,0.0,0.0,0.0,1,0,1,0,1,0,0,0,0
128404758,4.709912,3.2967772,0.0,0.0,0.0,1,0,1,0,1,0,0,0,0
128905919,4.5713377,3.295166,0.0,0.0,0.0,1,0,1,0,1,0,0,0,0
129404758,4.705078,3.2967772,0.0,0.0,0.0,1,0,1,0,1,0,0,0,0
129904757,4.6776853,3.2935545,0.0,0.0,0.0,1,0,1,0,1,0,0,0,0
130404758,4.703467,3.2935545,0.0,0.0,0.0,1,0,1,0,1,0,0,0,0
130904757,4.714746,3.295166,0.0,0.0,0.0,1,0,1,0,1,0,0,0,0
131405962,4.7324705,3.2935545,0.0,0.0,0.0,1,0,1,0,1,0,0,0,0
131904772,4.713135,3.295166,0.0,0.0,0.0,1,0,1,0,1,0,0,0,0
132405530,4.6954103,3.295166,0.0,0.0,0.0,1,0,1,0,1,0,0,0,0
132904837,4.713135,3.2935545,0.0,0.0,0.0,1,0,1,0,1,0,0,0,0
133404787,4.542334,3.295166,0.0,0.0,0.0,1,0,1,0,1,0,0,0,0
133904890,4.724414,3.295166,0.0,0.0,0.0,1,0,1,0,1,0,0,0,0
134404770,4.6873536,3.295166,0.0,0.0,0.0,1,0,1,0,1,0,0,0,0
134905689,4.6937985,3.295166,0.0,0.0,0.0,1,0,1,0,1,0,0,0,0
135404770,4.6921873,3.295166,0.0,0.0,0.0,1,0,1,0,1,0,0,0,0
135905662,4.703467,3.2935545,0.0,0.0,0.0,1,0,1,0,1,0,0,0,0
136404760,4.7373047,3.295166,0.0,0.0,0.0,1,0,1,0,1,0,0,0,0
136904756,4.6873536,3.295166,0.0,0.0,0.0,1,0,1,0,1,0,0,0,0
137405194,4.518164,3.295166,0.0,0.0,0.0,1,0,1,0,1,0,0,0,0
137904756,4.661572,3.2935545,0.0,0.0,0.0,1,0,1,0,1,0,0,0,0
138405506,4.7228026,3.2935545,0.0,0.0,0.0,1,0,1,0,1,0,0,0,0
138904780,4.701855,3.2935545,0.0,0.0,0.0,1,0,1,0,1,0,0,0,0
139404763,4.703467,3.2935545,0.0,0.0,0.0,1,0,1,0,1,0,0,0,0
139904785,4.630957,3.295166,0.0,0.0,0.0,1,0,1,0,1,0,0,0,0
140404758,4.6631837,3.2935545,0.0,0.0,0.0,1,0,1,0,1,0,0,0,0
140905021,4.729248,3.2935545,0.0,0.0,0.0,1,0,1,0,1,0,0,0,0
141404756,4.7308593,3.295166,0.0,0.0,0.0,1,0,1,0,1,0,0,0,0
141905299,4.7211914,3.2967772,0.0,0.0,0.0,1,0,1,0,1,0,0,0,0
142404770,4.6631837,3.2935545,0.0,0.0,0.0,1,0,1,0,1,0,0,0,0
142904758,4.6921873,3.295166,0.0,0.0,0.0,1,0,1,0,1,0,0,0,0
143404769,4.679297,3.295166,0.0,0.0,0.0,1,0,1,0,1,0,0,0,0
143904757,4.713135,3.2935545,0.0,0.0,0.0,1,0,1,0,1,0,0,0,0
144405432,4.7083006,3.2935545,0.0,0.0,0.0,1,0,1,0,1,0,0,0,0
144904758,4.666406,3.295166,0.0,0.0,0.0,1,0,1,0,1,0,0,0,0
145405847,4.7308593,3.295166,0.0,0.0,0.0,1,0,1,0,1,0,0,0,0
145904874,4.542334,3.295166,0.0,0.0,0.0,1,0,1,0,1,0,0,0,0
146404757,4.7373047,3.2935545,0.0,0.0,0.0,1,0,1,0,1,0,0,0,0
146904764,4.7179685,3.295166,0.0,0.0,0.0,1,0,1,0,1,0,0,0,0
147404756,4.655127,3.2935545,0.0,0.0,0.0,1,0,1,0,1,0,0,0,0
147906048,4.7179685,3.295166,0.0,0.0,0.0,1,0,1,0,1,0,0,0,0
148404768,4.7356935,3.295166,0.0,0.0,0.0,1,0,1,0,1,0,0,0,0
148906236,4.714746,3.295166,0.0,0.0,0.0,1,0,1,0,1,0,0,0,0
149404771,4.703467,3.295166,0.0,0.0,0.0,1,0,1,0,1,0,0,0,0
149904797,4.6680174,3.295166,0.0,0.0,0.0,1,0,1,0,1,0,0,0,0
150405099,4.674463,3.2967772,0.0,0.0,0.0,1,0,1,0,1,0,0,0,0
150904757,4.700244,3.2935545,0.0,0.0,0.0,1,0,1,0,1,0,0,0,0
151405059,4.753418,3.2935545,0.0,0.0,0.0,1,0,1,0,1,0,0,0,0
151904758,4.6873536,3.295166,0.0,0.0,0.0,1,0,1,0,1,0,0,0,0
152405759,4.6937985,3.2935545,0.0,0.0,0.0,1,0,1,0,1,0,0,0,0
152904973,4.705078,3.2935545,0.0,0.0,0.0,1,0,1,0,1,0,0,0,0
153404757,4.7469726,3.2967772,0.0,0.0,0.0,1,0,1,0,1,0,0,0,0
153904758,4.7066894,3.2935545,0.0,0.0,0.0,1,0,1,0,1,0,0,0,0
154404766,4.601953,3.2935545,0.0,0.0,0.0,1,0,1,0,1,0,0,0,0
154906117,4.6325684,3.295166,0.0,0.0,0.0,1,0,1,0,1,0,0,0,0
155404773,4.7566404,3.2919433,0.0,0.0,0.0,1,0,1,0,1,0,0,0,0
155904757,4.703467,3.295166,0.0,0.0,0.0,1,0,1,0,1,0,0,0,0
156404769,4.724414,3.295166,0.0,0.0,0.0,1,0,1,0,1,0,0,0,0
156904757,4.705078,3.2935545,0.0,0.0,0.0,1,0,1,0,1,0,0,0,0
157405042,4.650293,3.2935545,0.0,0.0,0.0,1,0,1,0,1,0,0,0,0
157904761,4.650293,3.295166,0.0,0.0,0.0,1,0,1,0,1,0,0,0,0
158405295,4.748584,3.295166,0.0,0.0,0.0,1,0,1,0,1,0,0,0,0
158904772,4.674463,3.295166,0.0,0.0,0.0,1,0,1,0,1,0,0,0,0
159404759,4.7518067,3.295166,0.0,0.0,0.0,1,0,1,0,1,0,0,0,0
159904758,4.738916,3.2919433,0.0,0.0,0.0,1,0,1,0,1,0,0,0,0
160404756,4.6599607,3.2935545,0.0,0.0,0.0,1,0,1,0,1,0,0,0,0
160904893,4.753418,3.2935545,0.0,0.0,0.0,1,0,1,0,1,0,0,0,0
161404758,4.685742,3.295166,0.0,0.0,0.0,1,0,1,0,1,0,0,0,0
161905820,4.680908,3.2967772,0.0,0.0,0.0,1,0,1,0,1,0,0,0,0
162404843,4.6873536,3.295166,0.0,0.0,0.0,1,0,1,0,1,0,0,0,0
162904757,4.6970215,3.2935545,0.0,0.0,0.0,1,0,1,0,1,0,0,0,0
163405055,4.729248,3.2935545,0.0,0.0,0.0,1,0,1,0,1,0,0,0,0
163904760,4.724414,3.295166,0.0,0.0,0.0,1,0,1,0,1,0,0,0,0
164405365,4.6970215,3.2967772,0.0,0.0,0.0,1,0,1,0,1,0,0,0,0
164904757,4.679297,3.295166,0.0,0.0,0.0,1,0,1,0,1,0,0,0,0
165405662,4.674463,3.2967772,0.0,0.0,0.0,1,0,1,0,1,0,0,0,0
165904810,4.74375,3.2935545,0.0,0.0,0.0,1,0,1,0,1,0,0,0,0
166404786,4.7308593,3.2935545,0.0,0.0,0.0,1,0,1,0,1,0,0,0,0
166905073,4.7115235,3.2935545,0.0,0.0,0.0,1,0,1,0,1,0,0,0,0
167404757,4.703467,3.295166,0.0,0.0,0.0,1,0,1,0,1,0,0,0,0
167905843,4.690576,3.295166,0.0,0.0,0.0,1,0,1,0,1,0,0,0,0
168404836,4.690576,3.2935545,0.0,0.0,0.0,1,0,1,0,1,0,0,0,0
168906272,4.6970215,3.295166,0.0,0.0,0.0,1,0,1,0,1,0,0,0,0
169404757,4.688965,3.295166,0.0,0.0,0.0,1,0,1,0,1,0,0,0,0
169904757,4.642236,3.295166,0.0,0.0,0.0,1,0,1,0,1,0,0,0,0
170405367,4.6921873,3.295166,0.0,0.0,0.0,1,0,1,0,1,0,0,0,0
170904757,4.7211914,3.295166,0.0,0.0,0.0,1,0,1,0,1,0,0,0,0
171406283,4.679297,3.295166,0.0,0.0,0.0,1,0,1,0,1,0,0,0,0
171904851,4.7356935,3.295166,0.0,0.0,0.0,1,0,1,0,1,0,0,0,0
172404757,4.606787,3.295166,0.0,0.0,0.0,1,0,1,0,1,0,0,0,0
172904758,4.7228026,3.2935545,0.0,0.0,0.0,1,0,1,0,1,0,0,0,0
173404758,4.6535153,3.2935545,0.0,0.0,0.0,1,0,1,0,1,0,0,0,0
173905136,4.7421384,3.2967772,0.0,0.0,0.0,1,0,1,0,1,0,0,0,0
174404757,4.666406,3.2935545,0.0,0.0,0.0,1,0,1,0,1,0,0,0,0
174905430,4.666406,3.2935545,0.0,0.0,0.0,1,0,1,0,1,0,0,0,0
175404770,4.680908,3.2935545,0.0,0.0,0.0,1,0,1,0,1,0,0,0,0
175914975,4.6937985,3.295166,0.0,0.0,0.0,1,0,1,0,1,0,0,0,0
176404758,4.6873536,3.2935545,0.0,0.0,0.0,1,0,1,0,1,0,0,0,0
176904775,4.703467,3.2935545,0.0,0.0,0.0,1,0,1,0,1,0,0,0,0
177405658,4.6825194,3.295166,0.0,0.0,0.0,1,0,1,0,1,0,0,0,0
177904756,4.601953,3.295166,0.0,0.0,0.0,1,0,1,0,1,0,0,0,0
178405642,4.6873536,3.2967772,0.0,0.0,0.0,1,0,1,0,1,0,0,0,0
178904759,4.6454587,3.295166,0.0,0.0,0.0,1,0,1,0,1,0,0,0,0
179404839,4.7324705,3.2967772,0.0,0.0,0.0,1,0,1,0,1,0,0,0,0
179905062,4.601953,3.2935545,0.0,0.0,0.0,1,0,1,0,1,0,0,0,0
180404766,4.6583495,3.295166,0.0,0.0,0.0,1,0,1,0,1,0,0,0,0
180905581,4.7115235,3.295166,0.0,0.0,0.0,1,0,1,0,1,0,0,0,0
181404756,4.748584,3.295166,0.0,0.0,0.0,1,0,1,0,1,0,0,0,0
181905844,4.724414,3.2935545,0.0,0.0,0.0,1,0,1,0,1,0,0,0,0
182404771,4.6438475,3.2935545,0.0,0.0,0.0,1,0,1,0,1,0,0,0,0
182904757,4.637402,3.295166,0.0,0.0,0.0,1,0,1,0,1,0,0,0,0
183404965,4.6712403,3.2935545,0.0,0.0,0.0,1,0,1,0,1,0,0,0,0
183904757,4.6680174,3.2935545,0.0,0.0,0.0,1,0,1,0,1,0,0,0,0
184405238,4.640625,3.295166,0.0,0.0,0.0,1,0,1,0,1,0,0,0,0
184904775,4.6921873,3.2919433,0.0,0.0,0.0,1,0,1,0,1,0,0,0,0
185404758,4.6825194,3.2967772,0.0,0.0,0.0,1,0,1,0,1,0,0,0,0
185904758,4.680908,3.295166,0.0,0.0,0.0,1,0,1,0,1,0,0,0,0
186404757,4.685742,3.295166,0.0,0.0,0.0,1,0,1,0,1,0,0,0,0
186904776,4.655127,3.2935545,0.0,0.0,0.0,1,0,1,0,1,0,0,0,0
187404757,4.6470704,3.295166,0.0,0.0,0.0,1,0,1,0,1,0,0,0,0
187905702,4.700244,3.295166,0.0,0.0,0.0,1,0,1,0,1,0,0,0,0
188404758,4.738916,3.2919433,0.0,0.0,0.0,1,0,1,0,1,0,0,0,0
188904757,4.627734,3.2935545,0.0,0.0,0.0,1,0,1,0,1,0,0,0,0
189404925,4.676074,3.2935545,0.0,0.0,0.0,1,0,1,0,1,0,0,0,0
189904757,4.664795,3.295166,0.0,0.0,0.0,1,0,1,0,1,0,0,0,0
190405310,4.7179685,3.2935545,0.0,0.0,0.0,1,0,1,0,1,0,0,0,0
190904767,4.705078,3.295166,0.0,0.0,0.0,1,0,1,0,1,0,0,0,0
191405528,4.679297,3.295166,0.0,0.0,0.0,1,0,1,0,1,0,0,0,0
191904768,4.6954103,3.2935545,0.0,0.0,0.0,1,0,1,0,1,0,0,0,0
192404756,4.651904,3.295166,0.0,0.0,0.0,1,0,1,0,1,0,0,0,0
192905238,4.4375978,3.2935545,0.0,0.0,0.0,1,0,1,0,1,0,0,0,0
193404757,4.685742,3.295166,0.0,0.0,0.0,1,0,1,0,1,0,0,0,0
193905670,4.664795,3.2935545,0.0,0.0,0.0,1,0,1,0,1,0,0,0,0
194404757,4.71958,3.295166,0.0,0.0,0.0,1,0,1,0,1,0,0,0,0
194905694,4.642236,3.295166,0.0,0.0,0.0,1,0,1,0,1,0,0,0,0
195404760,4.7115235,3.2967772,0.0,0.0,0.0,1,0,1,0,1,0,0,0,0
195904757,4.6696286,3.2935545,0.0,0.0,0.0,1,0,1,0,1,0,0,0,0
196405314,4.7469726,3.2935545,0.0,0.0,0.0,1,0,1,0,1,0,0,0,0
196904757,4.7356935,3.295166,0.0,0.0,0.0,1,0,1,0,1,0,0,0,0
197405643,4.6631837,3.295166,0.0,0.0,0.0,1,0,1,0,1,0,0,0,0
197904807,4.7066894,3.295166,0.0,0.0,0.0,1,0,1,0,1,0,0,0,0
198404757,4.6937985,3.2935545,0.0,0.0,0.0,1,0,1,0,1,0,0,0,0
198904757,4.688965,3.295166,0.0,0.0,0.0,1,0,1,0,1,0,0,0,0
199404757,4.6680174,3.295166,0.0,0.0,0.0,1,0,1,0,1,0,0,0,0
199905189,4.6696286,3.2935545,0.0,0.0,0.0,1,0,1,0,1,0,0,0,0
200404758,4.6245117,3.295166,0.0,0.0,0.0,1,0,1,0,1,0,0,0,0
200906080,4.724414,3.2935545,0.0,0.0,0.0,1,0,1,0,1,0,0,0,0
201404767,4.487549,3.2935545,0.0,0.0,0.0,1,0,1,0,1,0,0,0,0
201904758,4.6873536,3.2919433,0.0,0.0,0.0,1,0,1,0,1,0,0,0,0
202404904,4.6325684,3.2935545,0.0,0.0,0.0,1,0,1,0,1,0,0,0,0
202904766,4.666406,3.295166,0.0,0.0,0.0,1,0,1,0,1,0,0,0,0
203405921,4.6728516,3.295166,0.0,0.0,0.0,1,0,1,0,1,0,0,0,0
203904797,4.6986327,3.2935545,0.0,0.0,0.0,1,0,1,0,1,0,0,0,0
204405724,4.688965,3.295166,0.0,0.0,0.0,1,0,1,0,1,0,0,0,0
204904758,4.705078,3.2967772,0.0,0.0,0.0,1,0,1,0,1,0,0,0,0
205404758,4.679297,3.295166,0.0,0.0,0.0,1,0,1,0,1,0,0,0,0
205905177,4.6873536,3.2935545,0.0,0.0,0.0,1,0,1,0,1,0,0,0,0
206404758,4.6245117,3.295166,0.0,0.0,0.0,1,0,1,0,1,0,0,0,0
206905456,4.676074,3.295166,0.0,0.0,0.0,1,0,1,0,1,0,0,0,0
207404759,4.676074,3.2919433,0.0,0.0,0.0,1,0,1,0,1,0,0,0,0
207904756,4.666406,3.295166,0.0,0.0,0.0,1,0,1,0,1,0,0,0,0
208404759,4.709912,3.295166,0.0,0.0,0.0,1,0,1,0,1,0,0,0,0
208904756,4.7228026,3.295166,0.0,0.0,0.0,1,0,1,0,1,0,0,0,0
209405097,4.709912,3.2935545,0.0,0.0,0.0,1,0,1,0,1,0,0,0,0
209904757,4.4440427,3.295166,0.0,0.0,0.0,1,0,1,0,1,0,0,0,0
210405283,4.6954103,3.295166,0.0,0.0,0.0,1,0,1,0,1,0,0,0,0
210904770,4.726025,3.2935545,0.0,0.0,0.0,1,0,1,0,1,0,0,0,0
211404756,4.7083006,3.2967772,0.0,0.0,0.0,1,0,1,0,1,0,0,0,0
211904757,4.690576,3.2967772,0.0,0.0,0.0,1,0,1,0,1,0,0,0,0
212404766,4.6454587,3.2935545,0.0,0.0,0.0,1,0,1,0,1,0,0,0,0
212904767,4.7356935,3.2935545,0.0,0.0,0.0,1,0,1,0,1,0,0,0,0
213404756,4.7179685,3.2935545,0.0,0.0,0.0,1,0,1,0,1,0,0,0,0
213907769,4.7695312,3.2935545,0.0,0.0,0.0,1,0,1,0,1,0,0,0,0
214405328,4.7356935,3.295166,0.0,0.0,0.0,1,0,1,0,1,0,0,0,0
214904761,4.753418,3.2935545,0.0,0.0,0.0,1,0,1,0,1,0,0,0,0
215404758,4.8114257,3.295166,0.0,0.0,0.0,1,0,1,0,1,0,0,0,0
215904757,4.787256,3.295166,0.0,0.0,0.0,1,0,1,0,1,0,0,0,0
216405180,4.7856445,3.2935545,0.0,0.0,0.0,1,0,1,0,1,0,0,0,0
216904757,4.779199,3.295166,0.0,0.0,0.0,1,0,1,0,1,0,0,0,0
217405382,4.7518067,3.295166,0.0,0.0,0.0,1,0,1,0,1,0,0,0,0
217904772,4.748584,3.295166,0.0,0.0,0.0,1,0,1,0,1,0,0,0,0
218404757,4.7695312,3.2935545,0.0,0.0,0.0,1,0,1,0,1,0,0,0,0
218904758,4.7824216,3.295166,0.0,0.0,0.0,1,0,1,0,1,0,0,0,0
219404759,4.7340817,3.295166,0.0,0.0,0.0,1,0,1,0,1,0,0,0,0
219904899,4.76792,3.2935545,0.0,0.0,0.0,1,0,1,0,1,0,0,0,0
220404756,4.6921873,3.2935545,0.0,0.0,0.0,1,0,1,0,1,0,0,0,0
220907133,4.813037,3.2967772,0.0,0.0,0.0,1,0,1,0,1,0,0,0,0
221405253,4.755029,3.295166,0.0,0.0,0.0,1,0,1,0,1,0,0,0,0
221904756,4.7695312,3.295166,0.0,0.0,0.0,1,0,1,0,1,0,0,0,0
222405440,4.7614746,3.2935545,0.0,0.0,0.0,1,0,1,0,1,0,0,0,0
222904758,4.7598634,3.2935545,0.0,0.0,0.0,1,0,1,0,1,0,0,0,0
223406489,4.8210936,3.295166,0.0,0.0,0.0,1,0,1,0,1,0,0,0,0
223904757,4.7953124,3.2935545,0.0,0.0,0.0,1,0,1,0,1,0,0,0,0
224405471,4.7211914,3.2935545,0.0,0.0,0.0,1,0,1,0,1,0,0,0,0
224904770,4.7953124,3.2967772,0.0,0.0,0.0,1,0,1,0,1,0,0,0,0
225404768,4.690576,3.295166,0.0,0.0,0.0,1,0,1,0,1,0,0,0,0
225904765,4.7808104,3.2935545,0.0,0.0,0.0,1,0,1,0,1,0,0,0,0
226404758,4.755029,3.295166,0.0,0.0,0.0,1,0,1,0,1,0,0,0,0
226904810,4.7759767,3.295166,0.0,0.0,0.0,1,0,1,0,1,0,0,0,0
227404757,4.7759767,3.2935545,0.0,0.0,0.0,1,0,1,0,1,0,0,0,0
227905750,4.7421384,3.2935545,0.0,0.0,0.0,1,0,1,0,1,0,0,0,0
228404769,4.79209,3.2967772,0.0,0.0,0.0,1,0,1,0,1,0,0,0,0
228904758,4.8210936,3.2935545,0.0,0.0,0.0,1,0,1,0,1,0,0,0,0
229404765,4.798535,3.2967772,0.0,0.0,0.0,1,0,1,0,1,0,0,0,0
229904757,4.7211914,3.295166,0.0,0.0,0.0,1,0,1,0,1,0,0,0,0
230405244,4.798535,3.295166,0.0,0.0,0.0,1,0,1,0,1,0,0,0,0
230904757,4.674463,3.295166,0.0,0.0,0.0,1,0,1,0,1,0,0,0,0
231405318,4.7953124,3.2935545,0.0,0.0,0.0,1,0,1,0,1,0,0,0,0
231904769,4.7840333,3.295166,0.0,0.0,0.0,1,0,1,0,1,0,0,0,0
232404757,4.7727537,3.2935545,0.0,0.0,0.0,1,0,1,0,1,0,0,0,0
232904774,4.790478,3.295166,0.0,0.0,0.0,1,0,1,0,1,0,0,0,0
233404761,4.774365,3.2935545,0.0,0.0,0.0,1,0,1,0,1,0,0,0,0
233904764,4.7582517,3.2935545,0.0,0.0,0.0,1,0,1,0,1,0,0,0,0
234404757,4.7759767,3.295166,0.0,0.0,0.0,1,0,1,0,1,0,0,0,0
234905741,4.748584,3.2935545,0.0,0.0,0.0,1,0,1,0,1,0,0,0,0
235404766,4.7582517,3.295166,0.0,0.0,0.0,1,0,1,0,1,0,0,0,0
235905683,4.779199,3.295166,0.0,0.0,0.0,1,0,1,0,1,0,0,0,0
236404758,4.7840333,3.2919433,0.0,0.0,0.0,1,0,1,0,1,0,0,0,0
236904758,4.8098145,3.2935545,0.0,0.0,0.0,1,0,1,0,1,0,0,0,0
237405115,4.787256,3.295166,0.0,0.0,0.0,1,0,1,0,1,0,0,0,0
237904757,4.748584,3.295166,0.0,0.0,0.0,1,0,1,0,1,0,0,0,0
238405042,4.798535,3.295166,0.0,0.0,0.0,1,0,1,0,1,0,0,0,0
238904756,4.81626,3.295166,0.0,0.0,0.0,1,0,1,0,1,0,0,0,0
239405563,4.803369,3.295166,0.0,0.0,0.0,1,0,1,0,1,0,0,0,0
239904760,4.763086,3.2935545,0.0,0.0,0.0,1,0,1,0,1,0,0,0,0
240404789,4.8001466,3.2935545,0.0,0.0,0.0,1,0,1,0,1,0,0,0,0
240904764,4.750195,3.295166,0.0,0.0,0.0,1,0,1,0,1,0,0,0,0
241404766,4.814648,3.2967772,0.0,0.0,0.0,1,0,1,0,1,0,0,0,0
241905237,4.774365,3.295166,0.0,0.0,0.0,1,0,1,0,1,0,0,0,0
242404757,4.7566404,3.295166,0.0,0.0,0.0,1,0,1,0,1,0,0,0,0
242905464,4.787256,3.295166,0.0,0.0,0.0,1,0,1,0,1,0,0,0,0
243404767,4.779199,3.2935545,0.0,0.0,0.0,1,0,1,0,1,0,0,0,0
243904760,4.7663083,3.295166,0.0,0.0,0.0,1,0,1,0,1,0,0,0,0
244404770,4.822705,3.2935545,0.0,0.0,0.0,1,0,1,0,1,0,0,0,0
244904757,4.803369,3.295166,0.0,0.0,0.0,1,0,1,0,1,0,0,0,0
245404758,4.7727537,3.2935545,0.0,0.0,0.0,1,0,1,0,1,0,0,0,0
245904756,4.788867,3.2935545,0.0,0.0,0.0,1,0,1,0,1,0,0,0,0
246405638,4.7711425,3.295166,0.0,0.0,0.0,1,0,1,0,1,0,0,0,0
246904769,4.8194823,3.295166,0.0,0.0,0.0,1,0,1,0,1,0,0,0,0
247405813,4.7808104,3.2967772,0.0,0.0,0.0,1,0,1,0,1,0,0,0,0
247904770,4.813037,3.295166,0.0,0.0,0.0,1,0,1,0,1,0,0,0,0
248404757,4.787256,3.295166,0.0,0.0,0.0,1,0,1,0,1,0,0,0,0
248905100,4.7840333,3.2935545,0.0,0.0,0.0,1,0,1,0,1,0,0,0,0
249404755,4.6986327,3.295166,0.0,0.0,0.0,1,0,1,0,1,0,0,0,0
249904995,4.779199,3.2935545,0.0,0.0,0.0,1,0,1,0,1,0,0,0,0
250404803,4.7469726,3.295166,0.0,0.0,0.0,1,0,1,0,1,0,0,0,0
250905852,4.798535,3.2919433,0.0,0.0,0.0,1,0,1,0,1,0,0,0,0
251404908,4.7566404,3.295166,0.0,0.0,0.0,1,0,1,0,1,0,0,0,0
251904757,4.790478,3.2919433,0.0,0.0,0.0,1,0,1,0,1,0,0,0,0
252404758,4.7663083,3.295166,0.0,0.0,0.0,1,0,1,0,1,0,0,0,0
252904757,4.7759767,3.295166,0.0,0.0,0.0,1,0,1,0,1,0,0,0,0
253405162,4.7695312,3.2935545,0.0,0.0,0.0,1,0,1,0,1,0,0,0,0
253904757,4.7727537,3.2935545,0.0,0.0,0.0,1,0,1,0,1,0,0,0,0
254405278,4.788867,3.295166,0.0,0.0,0.0,1,0,1,0,1,0,0,0,0
254904757,4.7824216,3.2935545,0.0,0.0,0.0,1,0,1,0,1,0,0,0,0
255405695,4.837207,3.295166,0.0,0.0,0.0,1,0,1,0,1,0,0,0,0
255904758,4.774365,3.295166,0.0,0.0,0.0,1,0,1,0,1,0,0,0,0
256404756,4.74375,3.295166,0.0,0.0,0.0,1,0,1,0,1,0,0,0,0
256904760,4.8114257,3.2935545,0.0,0.0,0.0,1,0,1,0,1,0,0,0,0
257404757,4.76792,3.295166,0.0,0.0,0.0,1,0,1,0,1,0,0,0,0
257905432,4.798535,3.295166,0.0,0.0,0.0,1,0,1,0,1,0,0,0,0
258404756,4.8243165,3.2967772,0.0,0.0,0.0,1,0,1,0,1,0,0,0,0
258905441,4.8194823,3.295166,0.0,0.0,0.0,1,0,1,0,1,0,0,0,0
259404768,4.8114257,3.295166,0.0,0.0,0.0,1,0,1,0,1,0,0,0,0
259904757,4.777588,3.2935545,0.0,0.0,0.0,1,0,1,0,1,0,0,0,0
260404760,4.803369,3.2935545,0.0,0.0,0.0,1,0,1,0,1,0,0,0,0
260904757,4.788867,3.295166,0.0,0.0,0.0,1,0,1,0,1,0,0,0,0
261404831,4.808203,3.2935545,0.0,0.0,0.0,1,0,1,0,1,0,0,0,0
261904756,4.7856445,3.295166,0.0,0.0,0.0,1,0,1,0,1,0,0,0,0
262405503,4.7969236,3.295166,0.0,0.0,0.0,1,0,1,0,1,0,0,0,0
262904757,4.801758,3.295166,0.0,0.0,0.0,1,0,1,0,1,0,0,0,0
263405596,4.8065915,3.2935545,0.0,0.0,0.0,1,0,1,0,1,0,0,0,0
263904770,4.793701,3.295166,0.0,0.0,0.0,1,0,1,0,1,0,0,0,0
264404756,4.814648,3.295166,0.0,0.0,0.0,1,0,1,0,1,0,0,0,0
264904928,4.774365,3.295166,0.0,0.0,0.0,1,0,1,0,1,0,0,0,0
265404757,4.7066894,3.2935545,0.0,0.0,0.0,1,0,1,0,1,0,0,0,0
265904757,4.808203,3.295166,0.0,0.0,0.0,1,0,1,0,1,0,0,0,0
266404823,4.832373,3.2935545,0.0,0.0,0.0,1,0,1,0,1,0,0,0,0
266905586,4.7856445,3.2967772,0.0,0.0,0.0,1,0,1,0,1,0,0,0,0
267404768,4.7840333,3.2935545,0.0,0.0,0.0,1,0,1,0,1,0,0,0,0
267905675,4.7308593,3.2935545,0.0,0.0,0.0,1,0,1,0,1,0,0,0,0
268404770,4.803369,3.295166,0.0,0.0,0.0,1,0,1,0,1,0,0,0,0
268904765,4.774365,3.295166,0.0,0.0,0.0,1,0,1,0,1,0,0,0,0
269404888,4.7663083,3.295166,0.0,0.0,0.0,1,0,1,0,1,0,0,0,0
269904757,4.7727537,3.2935545,0.0,0.0,0.0,1,0,1,0,1,0,0,0,0
270404758,4.79209,3.2935545,0.0,0.0,0.0,1,0,1,0,1,0,0,0,0
270904757,4.837207,3.295166,0.0,0.0,0.0,1,0,1,0,1,0,0,0,0
271407013,4.787256,3.2935545,0.0,0.0,0.0,1,0,1,0,1,0,0,0,0
271904768,4.837207,3.295166,0.0,0.0,0.0,1,0,1,0,1,0,0,0,0
272407009,4.750195,3.2935545,0.0,0.0,0.0,1,0,1,0,1,0,0,0,0
272905074,4.8049803,3.2935545,0.0,0.0,0.0,1,0,1,0,1,0,0,0,0
273404794,4.84043,3.295166,0.0,0.0,0.0,1,0,1,0,1,0,0,0,0
273904782,4.808203,3.295166,0.0,0.0,0.0,1,0,1,0,1,0,0,0,0
274404758,4.8243165,3.295166,0.0,0.0,0.0,1,0,1,0,1,0,0,0,0
274904881,4.8001466,3.2919433,0.0,0.0,0.0,1,0,1,0,1,0,0,0,0
275404757,4.8114257,3.290332,0.0,0.0,0.0,1,0,1,0,1,0,0,0,0
275905675,4.7469726,3.2935545,0.0,0.0,0.0,1,0,1,0,1,0,0,0,0
276404767,4.7808104,3.295166,0.0,0.0,0.0,1,0,1,0,1,0,0,0,0
276905912,4.8243165,3.2935545,0.0,0.0,0.0,1,0,1,0,1,0,0,0,0
277404757,4.726025,3.2935545,0.0,0.0,0.0,1,0,1,0,1,0,0,0,0
277904786,4.787256,3.2935545,0.0,0.0,0.0,1,0,1,0,1,0,0,0,0
278404824,4.793701,3.2935545,0.0,0.0,0.0,1,0,1,0,1,0,0,0,0
278904757,4.788867,3.295166,0.0,0.0,0.0,1,0,1,0,1,0,0,0,0
279404893,4.755029,3.295166,0.0,0.0,0.0,1,0,1,0,1,0,0,0,0
279904757,4.8001466,3.2919433,0.0,0.0,0.0,1,0,1,0,1,0,0,0,0
280405604,4.793701,3.2935545,0.0,0.0,0.0,1,0,1,0,1,0,0,0,0
280904768,4.7953124,3.290332,0.0,0.0,0.0,1,0,1,0,1,0,0,0,0
281405672,4.7824216,3.2935545,0.0,0.0,0.0,1,0,1,0,1,0,0,0,0
281904772,4.808203,3.295166,0.0,0.0,0.0,1,0,1,0,1,0,0,0,0
282404759,4.7953124,3.295166,0.0,0.0,0.0,1,0,1,0,1,0,0,0,0
282904765,4.763086,3.2935545,0.0,0.0,0.0,1,0,1,0,1,0,0,0,0
283404756,4.793701,3.295166,0.0,0.0,0.0,1,0,1,0,1,0,0,0,0
283904900,4.84043,3.295166,0.0,0.0,0.0,1,0,1,0,1,0,0,0,0
284404757,4.7711425,3.295166,0.0,0.0,0.0,1,0,1,0,1,0,0,0,0
284905581,4.8065915,3.295166,0.0,0.0,0.0,1,0,1,0,1,0,0,0,0
285404757,4.750195,3.2935545,0.0,0.0,0.0,1,0,1,0,1,0,0,0,0
285905712,4.837207,3.2935545,0.0,0.0,0.0,1,0,1,0,1,0,0,0,0
286404766,4.822705,3.2919433,0.0,0.0,0.0,1,0,1,0,1,0,0,0,0
286904788,4.808203,3.2935545,0.0,0.0,0.0,1,0,1,0,1,0,0,0,0
287404758,4.79209,3.2935545,0.0,0.0,0.0,1,0,1,0,1,0,0,0,0
287904756,4.7453613,3.2935545,0.0,0.0,0.0,1,0,1,0,1,0,0,0,0
288404768,4.8114257,3.295166,0.0,0.0,0.0,1,0,1,0,1,0,0,0,0
288904757,4.8098145,3.2935545,0.0,0.0,0.0,1,0,1,0,1,0,0,0,0
289405551,4.790478,3.295166,0.0,0.0,0.0,1,0,1,0,1,0,0,0,0
289904757,4.705078,3.2919433,0.0,0.0,0.0,1,0,1,0,1,0,0,0,0
290405682,4.724414,3.295166,0.0,0.0,0.0,1,0,1,0,1,0,0,0,0
290905221,4.7953124,3.295166,0.0,0.0,0.0,1,0,1,0,1,0,0,0,0
291404759,4.813037,3.2935545,0.0,0.0,0.0,1,0,1,0,1,0,0,0,0
291905797,4.793701,3.295166,0.0,0.0,0.0,1,0,1,0,1,0,0,0,0
292404757,4.7663083,3.295166,0.0,0.0,0.0,1,0,1,0,1,0,0,0,0
292905944,4.755029,3.2935545,0.0,0.0,0.0,1,0,1,0,1,0,0,0,0
293404758,4.753418,3.295166,0.0,0.0,0.0,1,0,1,0,1,0,0,0,0
293905430,4.7856445,3.2935545,0.0,0.0,0.0,1,0,1,0,1,0,0,0,0
294404757,4.7663083,3.295166,0.0,0.0,0.0,1,0,1,0,1,0,0,0,0
294905596,4.79209,3.2919433,0.0,0.0,0.0,1,0,1,0,1,0,0,0,0
295404769,4.7566404,3.295166,0.0,0.0,0.0,1,0,1,0,1,0,0,0,0
295904757,4.787256,3.295166,0.0,0.0,0.0,1,0,1,0,1,0,0,0,0
296404758,4.787256,3.2919433,0.0,0.0,0.0,1,0,1,0,1,0,0,0,0
296904834,4.8001466,3.295166,0.0,0.0,0.0,1,0,1,0,1,0,0,0,0
297404758,4.790478,3.295166,0.0,0.0,0.0,1,0,1,0,1,0,0,0,0
297904758,4.822705,3.2935545,0.0,0.0,0.0,1,0,1,0,1,0,0,0,0
298405267,4.750195,3.295166,0.0,0.0,0.0,1,0,1,0,1,0,0,0,0
298904757,4.7856445,3.295166,0.0,0.0,0.0,1,0,1,0,1,0,0,0,0
299405349,4.801758,3.295166,0.0,0.0,0.0,1,0,1,0,1,0,0,0,0
299904757,4.7518067,3.2935545,0.0,0.0,0.0,1,0,1,0,1,0,0,0,0
300404757,4.798535,3.295166,0.0,0.0,0.0,1,0,1,0,1,0,0,0,0
300904759,4.8001466,3.295166,0.0,0.0,0.0,1,0,1,0,1,0,0,0,0
301404757,4.7711425,3.2935545,0.0,0.0,0.0,1,0,1,0,1,0,0,0,0
301904759,4.813037,3.2935545,0.0,0.0,0.0,1,0,1,0,1,0,0,0,0
302404758,4.763086,3.295166,0.0,0.0,0.0,1,0,1,0,1,0,0,0,0
302905735,4.7727537,3.2935545,0.0,0.0,0.0,1,0,1,0,1,0,0,0,0
303404758,4.7840333,3.2919433,0.0,0.0,0.0,1,0,1,0,1,0,0,0,0
303905215,4.7727537,3.2935545,0.0,0.0,0.0,1,0,1,0,1,0,0,0,0
304404757,4.798535,3.2967772,0.0,0.0,0.0,1,0,1,0,1,0,0,0,0
304905662,4.813037,3.295166,0.0,0.0,0.0,1,0,1,0,1,0,0,0,0
305404760,4.787256,3.2935545,0.0,0.0,0.0,1,0,1,0,1,0,0,0,0
305904757,4.808203,3.295166,0.0,0.0,0.0,1,0,1,0,1,0,0,0,0
306404758,4.8065915,3.2935545,0.0,0.0,0.0,1,0,1,0,1,0,0,0,0
306904757,4.8243165,3.2935545,0.0,0.0,0.0,1,0,1,0,1,0,0,0,0
307405088,4.8049803,3.2935545,0.0,0.0,0.0,1,0,1,0,1,0,0,0,0
307904757,4.7179685,3.2935545,0.0,0.0,0.0,1,0,1,0,1,0,0,0,0
308405573,4.814648,3.295166,0.0,0.0,0.0,1,0,1,0,1,0,0,0,0
308904768,4.827539,3.2935545,0.0,0.0,0.0,1,0,1,0,1,0,0,0,0
