timestamp,data_rate,rate_multiplier,tx_rate_avg,tx_error_rate_avg,tx_message_count,tx_buffer_overruns,rx_rate_avg,rx_message_count,rx_message_lost_count,rx_buffer_overruns,rx_parse_errors,rx_packet_drop_count,rx_message_lost_rate,type,mode,flow_control,forwarding,mavlink_v2,ftp,streams,heartbeat_type_antenna_tracker,heartbeat_type_gcs,heartbeat_type_onboard_controller,heartbeat_type_gimbal,heartbeat_type_adsb,heartbeat_type_camera,heartbeat_type_parachute,heartbeat_component_telemetry_radio,heartbeat_component_log,heartbeat_component_osd,heartbeat_component_obstacle_avoidance,heartbeat_component_vio,heartbeat_component_pairing_manager,heartbeat_component_udp_bridge,heartbeat_component_uart_bridge,avoidance_system_healthy,parachute_system_healthy
2258690,46080.0,1.0,10750.531,0.0,149,0,489.02344,25,434,0,0,0,17.36,0,2,1,0,1,1,59,0,0,0,0,0,0,0,0,0,0,0,0,0,0,0,0,0
3017932,46080.0,1.0,10750.531,0.0,257,0,489.02344,62,2460,0,0,0,39.677418,0,2,1,0,1,1,59,0,0,0,0,0,0,0,0,0,0,0,0,0,0,0,0,0
3771998,46080.0,1.0,13373.631,0.0,375,0,7777.7144,101,4484,0,0,0,44.396038,0,2,1,0,1,1,59,0,0,0,0,0,0,0,0,0,0,0,0,0,0,0,0,0
5273983,46080.0,1.0,14727.05,0.0,657,0,7815.8423,176,8279,0,0,0,47.039772,0,2,1,0,1,1,59,0,0,0,0,0,0,0,0,0,0,0,0,0,0,0,0,0
6028855,46080.0,1.0,14727.05,0.0,888,0,7815.8423,215,10084,0,0,0,46.902325,0,2,1,0,1,1,59,0,0,0,0,0,0,0,0,0,0,0,0,0,0,0,0,0
6775622,46080.0,1.0,20249.867,0.0,1120,0,7816.475,251,12074,0,0,0,48.103584,0,2,1,0,1,1,59,0,0,0,0,0,0,0,0,0,0,0,0,0,0,0,0,0
8282179,46080.0,1.0,19987.227,0.0,1592,0,7804.469,326,16124,0,0,0,49.46012,0,2,1,0,1,1,59,0,0,0,0,0,0,0,0,0,0,0,0,0,0,0,0,0
9038118,46080.0,1.0,19987.227,0.0,1840,0,7804.469,365,18403,0,0,0,50.419178,0,2,1,0,1,1,59,0,0,0,0,0,0,0,0,0,0,0,0,0,0,0,0,0
9791126,46080.0,1.0,20802.518,0.0,2089,0,7789.116,401,20429,0,0,0,50.945137,0,2,1,0,1,1,59,0,0,0,0,0,0,0,0,0,0,0,0,0,0,0,0,0
11307481,46080.0,1.0,20940.479,0.0,2590,0,7816.819,477,24224,0,0,0,50.784065,0,2,1,0,1,1,59,0,0,0,0,0,0,0,0,0,0,0,0,0,0,0,0,0
12059405,46080.0,1.0,20940.479,0.0,2837,0,7816.819,515,26224,0,0,0,50.920387,0,2,1,0,1,1,59,0,0,0,0,0,0,0,0,0,0,0,0,0,0,0,0,0
12817933,46080.0,1.0,20773.285,0.0,3085,0,7812.5854,552,28019,0,0,0,50.759056,0,2,1,0,1,1,59,0,0,0,0,0,0,0,0,0,0,0,0,0,0,0,0,0
14325799,46080.0,1.0,21949.559,0.0,3625,0,7808.4595,629,32022,0,0,0,50.90938,0,2,1,0,1,1,59,0,0,0,0,0,0,0,0,0,0,0,0,0,0,0,0,0
15082169,46080.0,1.0,21949.559,0.0,3891,0,7808.4595,666,33839,0,0,0,50.80931,0,2,1,0,1,1,59,0,0,0,0,0,0,0,0,0,0,0,0,0,0,0,0,0
15844010,46080.0,1.0,22029.418,0.0,4171,0,7798.5537,705,35801,0,0,0,50.78156,0,2,1,0,1,1,59,0,0,0,0,0,0,0,0,0,0,0,0,0,0,0,0,0
17374867,46080.0,1.0,22181.795,0.0,4726,0,7812.5317,784,40168,0,0,0,51.234695,0,2,1,0,1,1,60,0,1,0,0,0,0,0,0,0,0,0,0,0,0,0,0,0
18344109,46080.0,1.0,28933.848,0.0,5303,0,8333.5,854,42952,0,0,0,50.295082,0,2,1,0,1,1,61,0,1,0,0,0,0,0,0,0,0,0,0,0,0,0,0,0
19339836,46080.0,1.0,31520.967,0.0,5912,0,8295.307,925,45483,0,0,0,49.17081,0,2,1,0,1,1,61,0,1,0,0,0,0,0,0,0,0,0,0,0,0,0,0,0
20340522,46080.0,1.0,31495.143,0.0,6518,0,8294.03,997,48416,0,0,0,48.561684,0,2,1,0,1,1,61,0,1,0,0,0,0,0,0,0,0,0,0,0,0,0,0,0
21333603,46080.0,1.0,27523.236,0.0,6972,0,8301.658,1068,51192,0,0,0,47.932583,0,2,1,0,1,1,61,0,1,0,0,0,0,0,0,0,0,0,0,0,0,0,0,0
22335976,46080.0,1.0,22641.68,0.0,7341,0,8253.873,1137,53712,0,0,0,47.240105,0,2,1,0,1,1,61,0,1,0,0,0,0,0,0,0,0,0,0,0,0,0,0,0
23335033,46080.0,1.0,22627.766,0.0,7712,0,8094.065,1206,56233,0,0,0,46.627693,0,2,1,0,1,1,61,0,1,0,0,0,0,0,0,0,0,0,0,0,0,0,0,0
24342414,46080.0,1.0,22715.158,0.0,8088,0,8354.082,1285,59009,0,0,0,45.921402,0,2,1,0,1,1,61,0,1,0,0,0,0,0,0,0,0,0,0,0,0,0,0,0
25336472,46080.0,1.0,22746.281,0.0,8456,0,8015.7266,1355,61530,0,0,0,45.409595,0,2,1,0,1,1,61,0,1,0,0,0,0,0,0,0,0,0,0,0,0,0,0,0
26336937,46080.0,1.0,22643.395,0.0,8825,0,8033.947,1423,64051,0,0,0,45.011246,0,2,1,0,1,1,61,0,1,0,0,0,0,0,0,0,0,0,0,0,0,0,0,0
27344366,46080.0,1.0,22905.27,0.0,9200,0,7539.1743,1491,66574,0,0,0,44.65057,0,2,1,0,1,1,61,0,1,0,0,0,0,0,0,0,0,0,0,0,0,0,0,0
28337314,46080.0,1.0,22649.826,0.0,9566,0,8280.205,1562,69094,0,0,0,44.234314,0,2,1,0,1,1,61,0,1,0,0,0,0,0,0,0,0,0,0,0,0,0,0,0
29335945,46080.0,1.0,22779.703,0.0,9937,0,8285.705,1631,71615,0,0,0,43.908646,0,2,1,0,1,1,61,0,1,0,0,0,0,0,0,0,0,0,0,0,0,0,0,0
30335752,46080.0,1.0,22615.303,0.0,10307,0,8018.6694,1701,74136,0,0,0,43.583775,0,2,1,0,1,1,61,0,1,0,0,0,0,0,0,0,0,0,0,0,0,0,0,0
31336110,46080.0,1.0,22724.707,0.0,10678,0,8052.101,1771,76657,0,0,0,43.284584,0,2,1,0,1,1,61,0,1,0,0,0,0,0,0,0,0,0,0,0,0,0,0,0
32336424,46080.0,1.0,22636.424,0.0,11047,0,8321.642,1841,79178,0,0,0,43.00815,0,2,1,0,1,1,61,0,1,0,0,0,0,0,0,0,0,0,0,0,0,0,0,0
33336276,46080.0,1.0,22747.125,0.0,11419,0,7788.249,1911,81923,0,0,0,42.86918,0,2,1,0,1,1,61,0,1,0,0,0,0,0,0,0,0,0,0,0,0,0,0,0
34332346,46080.0,1.0,22635.346,0.0,11788,0,7786.9263,1979,84453,0,0,0,42.674583,0,2,1,0,1,1,61,0,1,0,0,0,0,0,0,0,0,0,0,0,0,0,0,0
35337080,46080.0,1.0,22728.816,0.0,12159,0,8053.911,2048,86998,0,0,0,42.479492,0,2,1,0,1,1,61,0,1,0,0,0,0,0,0,0,0,0,0,0,0,0,0,0
36333152,46080.0,1.0,22644.627,0.0,12529,0,7785.308,2116,89775,0,0,0,42.42675,0,2,1,0,1,1,61,0,1,0,0,0,0,0,0,0,0,0,0,0,0,0,0,0
37334153,46080.0,1.0,22723.799,0.0,12900,0,8052.133,2188,93060,0,0,0,42.531994,0,2,1,0,1,1,61,0,1,0,0,0,0,0,0,0,0,0,0,0,0,0,0,0
38336183,46080.0,1.0,22650.303,0.0,13269,0,8288.741,2258,95580,0,0,0,42.329494,0,2,1,0,1,1,61,0,1,0,0,0,0,0,0,0,0,0,0,0,0,0,0,0
39336376,46080.0,1.0,22789.197,0.0,13641,0,8021.2305,2326,98103,0,0,0,42.176697,0,2,1,0,1,1,61,0,1,0,0,0,0,0,0,0,0,0,0,0,0,0,0,0
40332390,46080.0,1.0,22634.553,0.0,14010,0,7786.654,2395,100654,0,0,0,42.026722,0,2,1,0,1,1,61,0,1,0,0,0,0,0,0,0,0,0,0,0,0,0,0,0
41337284,46080.0,1.0,22741.02,0.0,14381,0,8081.2305,2466,103145,0,0,0,41.826843,0,2,1,0,1,1,61,0,1,0,0,0,0,0,0,0,0,0,0,0,0,0,0,0
42333755,46080.0,1.0,22681.527,0.0,14751,0,7807.5757,2533,105668,0,0,0,41.71654,0,2,1,0,1,1,61,0,1,0,0,0,0,0,0,0,0,0,0,0,0,0,0,0
43334028,46080.0,1.0,22725.07,0.0,15122,0,7785.829,2602,108244,0,0,0,41.600307,0,2,1,0,1,1,61,0,1,0,0,0,0,0,0,0,0,0,0,0,0,0,0,0
44335045,46080.0,1.0,22640.53,0.0,15491,0,8222.962,2671,110710,0,0,0,41.448895,0,2,1,0,1,1,61,0,1,0,0,0,0,0,0,0,0,0,0,0,0,0,0,0
45332798,46080.0,1.0,22721.486,0.0,15863,0,7338.239,2740,113488,0,0,0,41.41898,0,2,1,0,1,1,61,0,1,0,0,0,0,0,0,0,0,0,0,0,0,0,0,0
46333495,46080.0,1.0,22606.314,0.0,16232,0,8264.298,2809,116344,0,0,0,41.418297,0,2,1,0,1,1,61,0,1,0,0,0,0,0,0,0,0,0,0,0,0,0,0,0
47333003,46080.0,1.0,22679.26,0.0,16603,0,8278.906,2879,118874,0,0,0,41.29003,0,2,1,0,1,1,61,0,1,0,0,0,0,0,0,0,0,0,0,0,0,0,0,0
48337067,46080.0,1.0,22888.156,0.0,16973,0,8015.343,2948,121562,0,0,0,41.235413,0,2,1,0,1,1,61,0,1,0,0,0,0,0,0,0,0,0,0,0,0,0,0,0
49334341,46080.0,1.0,22677.744,0.0,17343,0,8026.9985,3017,124337,0,0,0,41.21213,0,2,1,0,1,1,61,0,1,0,0,0,0,0,0,0,0,0,0,0,0,0,0,0
50334640,46080.0,1.0,22646.246,0.0,17712,0,8034.959,3085,126859,0,0,0,41.12123,0,2,1,0,1,1,61,0,1,0,0,0,0,0,0,0,0,0,0,0,0,0,0,0
51332304,46080.0,1.0,22730.36,0.0,18084,0,8026.1807,3154,129380,0,0,0,41.020927,0,2,1,0,1,1,61,0,1,0,0,0,0,0,0,0,0,0,0,0,0,0,0,0
52335201,46080.0,1.0,22710.248,0.0,18453,0,7551.7983,3222,132290,0,0,0,41.05835,0,2,1,0,1,1,61,0,1,0,0,0,0,0,0,0,0,0,0,0,0,0,0,0
53332374,46080.0,1.0,22389.725,0.0,18812,0,7566.4995,3291,134820,0,0,0,40.96627,0,2,1,0,1,1,61,0,1,0,0,0,0,0,0,0,0,0,0,0,0,0,0,0
54332659,46080.0,1.0,21416.896,0.0,19152,0,8041.9375,3361,137202,0,0,0,40.821777,0,2,1,0,1,1,61,0,1,0,0,0,0,0,0,0,0,0,0,0,0,0,0,0
55337314,46080.0,1.0,21540.111,0.0,19493,0,8058.171,3430,139724,0,0,0,40.73586,0,2,1,0,1,1,61,0,1,0,0,0,0,0,0,0,0,0,0,0,0,0,0,0
56334926,46080.0,1.0,21459.477,0.0,19832,0,8023.3447,3500,142498,0,0,0,40.713715,0,2,1,0,1,1,61,0,1,0,0,0,0,0,0,0,0,0,0,0,0,0,0,0
57332455,46080.0,1.0,21498.393,0.0,20172,0,8028.9307,3569,145020,0,0,0,40.633232,0,2,1,0,1,1,61,0,1,0,0,0,0,0,0,0,0,0,0,0,0,0,0,0
58335427,46080.0,1.0,21400.803,0.0,20512,0,7796.983,3637,147543,0,0,0,40.567226,0,2,1,0,1,1,61,0,1,0,0,0,0,0,0,0,0,0,0,0,0,0,0,0
59335788,46080.0,1.0,21488.602,0.0,20852,0,7772.961,3706,150255,0,0,0,40.543713,0,2,1,0,1,1,61,0,1,0,0,0,0,0,0,0,0,0,0,0,0,0,0,0
60332391,46080.0,1.0,21426.277,0.0,21192,0,8068.0425,3777,152840,0,0,0,40.465977,0,2,1,0,1,1,61,0,1,0,0,0,0,0,0,0,0,0,0,0,0,0,0,0
61332641,46080.0,1.0,21532.354,0.0,21533,0,7530.588,3844,155825,0,0,0,40.5372,0,2,1,0,1,1,61,0,1,0,0,0,0,0,0,0,0,0,0,0,0,0,0,0
62332661,46080.0,1.0,21548.13,0.0,21872,0,8306.235,3916,158138,0,0,0,40.382534,0,2,1,0,1,1,61,0,1,0,0,0,0,0,0,0,0,0,0,0,0,0,0,0
63333564,46080.0,1.0,21524.129,0.0,22214,0,7270.2217,3981,160662,0,0,0,40.357197,0,2,1,0,1,1,61,0,1,0,0,0,0,0,0,0,0,0,0,0,0,0,0,0
64334387,46080.0,1.0,21394.008,0.0,22553,0,8424.558,4051,163437,0,0,0,40.344852,0,2,1,0,1,1,61,0,1,0,0,0,0,0,0,0,0,0,0,0,0,0,0,0
65335918,46080.0,1.0,21576.445,0.0,22894,0,8136.133,4119,165958,0,0,0,40.290848,0,2,1,0,1,1,61,0,1,0,0,0,0,0,0,0,0,0,0,0,0,0,0,0
66335794,46080.0,1.0,21731.295,0.0,23234,0,8267.796,4190,168734,0,0,0,40.270645,0,2,1,0,1,1,61,0,1,0,0,0,0,0,0,0,0,0,0,0,0,0,0,0
67332938,46080.0,1.0,21515.219,0.0,23575,0,8258.4375,4260,171771,0,0,0,40.32183,0,2,1,0,1,1,61,0,1,0,0,0,0,0,0,0,0,0,0,0,0,0,0,0
68332798,46080.0,1.0,21436.559,0.0,23914,0,8053.8228,4330,174285,0,0,0,40.250576,0,2,1,0,1,1,61,0,1,0,0,0,0,0,0,0,0,0,0,0,0,0,0,0
69332981,46080.0,1.0,21528.643,0.0,24256,0,8047.9043,4399,176806,0,0,0,40.192318,0,2,1,0,1,1,61,0,1,0,0,0,0,0,0,0,0,0,0,0,0,0,0,0
70333931,46080.0,1.0,21591.928,0.0,24602,0,7564.617,4468,179329,0,0,0,40.136303,0,2,1,0,1,1,61,0,1,0,0,0,0,0,0,0,0,0,0,0,0,0,0,0
71334565,46080.0,1.0,22897.773,0.0,24979,0,7544.9717,4534,182108,0,0,0,40.164974,0,2,1,0,1,1,61,0,1,0,0,0,0,0,0,0,0,0,0,0,0,0,0,0
72333135,46080.0,1.0,22900.045,0.0,25359,0,7786.8945,4602,185140,0,0,0,40.230335,0,2,1,0,1,1,61,0,1,0,0,0,0,0,0,0,0,0,0,0,0,0,0,0
73332637,46080.0,1.0,23069.35,0.0,25740,0,7309.733,4670,187663,0,0,0,40.184795,0,2,1,0,1,1,61,0,1,0,0,0,0,0,0,0,0,0,0,0,0,0,0,0
74333259,46080.0,1.0,22890.566,0.0,26119,0,7520.6025,4737,190441,0,0,0,40.20287,0,2,1,0,1,1,61,0,1,0,0,0,0,0,0,0,0,0,0,0,0,0,0,0
75332705,46080.0,1.0,22964.006,0.0,26501,0,7776.7466,4805,193031,0,0,0,40.172943,0,2,1,0,1,1,61,0,1,0,0,0,0,0,0,0,0,0,0,0,0,0,0,0
76334055,46080.0,1.0,22937.47,0.0,26880,0,7759.672,4871,195742,0,0,0,40.185177,0,2,1,0,1,1,61,0,1,0,0,0,0,0,0,0,0,0,0,0,0,0,0,0
77334991,46080.0,1.0,23065.611,0.0,27261,0,8051.8354,4941,198263,0,0,0,40.126087,0,2,1,0,1,1,61,0,1,0,0,0,0,0,0,0,0,0,0,0,0,0,0,0
78335349,46080.0,1.0,22888.86,0.0,27641,0,7769.869,5010,201039,0,0,0,40.127544,0,2,1,0,1,1,61,0,1,0,0,0,0,0,0,0,0,0,0,0,0,0,0,0
79333136,46080.0,1.0,22979.281,0.0,28022,0,7809.978,5079,203561,0,0,0,40.078953,0,2,1,0,1,1,61,0,1,0,0,0,0,0,0,0,0,0,0,0,0,0,0,0
80332798,46080.0,1.0,22889.963,0.0,28401,0,7544.044,5146,206594,0,0,0,40.146523,0,2,1,0,1,1,61,0,1,0,0,0,0,0,0,0,0,0,0,0,0,0,0,0
81332262,46080.0,1.0,22910.545,0.0,28783,0,7923.7686,5215,209116,0,0,0,40.098946,0,2,1,0,1,1,61,0,1,0,0,0,0,0,0,0,0,0,0,0,0,0,0,0
82334196,46080.0,1.0,22892.691,0.0,29162,0,7644.2236,5282,211639,0,0,0,40.067966,0,2,1,0,1,1,61,0,1,0,0,0,0,0,0,0,0,0,0,0,0,0,0,0
83333890,46080.0,1.0,22994.977,0.0,29543,0,7560.335,5349,214162,0,0,0,40.037766,0,2,1,0,1,1,61,0,1,0,0,0,0,0,0,0,0,0,0,0,0,0,0,0
84335294,46080.0,1.0,22946.828,0.0,29923,0,8044.514,5420,216684,0,0,0,39.9786,0,2,1,0,1,1,61,0,1,0,0,0,0,0,0,0,0,0,0,0,0,0,0,0
85335742,46080.0,1.0,22988.447,0.0,30304,0,8079.9937,5490,219205,0,0,0,39.92805,0,2,1,0,1,1,61,0,1,0,0,0,0,0,0,0,0,0,0,0,0,0,0,0
86331659,46080.0,1.0,23072.6,0.0,30683,0,8056.671,5561,221882,0,0,0,39.89966,0,2,1,0,1,1,61,0,1,0,0,0,0,0,0,0,0,0,0,0,0,0,0,0
87332692,46080.0,1.0,22967.766,0.0,31065,0,7778.02,5629,224412,0,0,0,39.867115,0,2,1,0,1,1,61,0,1,0,0,0,0,0,0,0,0,0,0,0,0,0,0,0
88331986,46080.0,1.0,22690.266,0.0,31437,0,8028.9556,5698,226942,0,0,0,39.82836,0,2,1,0,1,1,61,0,1,0,0,0,0,0,0,0,0,0,0,0,0,0,0,0
89333394,46080.0,1.0,21822.93,0.0,31788,0,8038.6094,5768,229290,0,0,0,39.75208,0,2,1,0,1,1,61,0,1,0,0,0,0,0,0,0,0,0,0,0,0,0,0,0
90333225,46080.0,1.0,21664.184,0.0,32138,0,8283.805,5839,232002,0,0,0,39.733173,0,2,1,0,1,1,61,0,1,0,0,0,0,0,0,0,0,0,0,0,0,0,0,0
91334711,46080.0,1.0,21751.734,0.0,32489,0,8042.524,5909,234331,0,0,0,39.656624,0,2,1,0,1,1,61,0,1,0,0,0,0,0,0,0,0,0,0,0,0,0,0,0
92335141,46080.0,1.0,21678.24,0.0,32838,0,8294.909,5980,236851,0,0,0,39.60719,0,2,1,0,1,1,61,0,1,0,0,0,0,0,0,0,0,0,0,0,0,0,0,0
93336186,46080.0,1.0,21777.867,0.0,33190,0,8298.751,6051,239593,0,0,0,39.595604,0,2,1,0,1,1,61,0,1,0,0,0,0,0,0,0,0,0,0,0,0,0,0,0
94332375,46080.0,1.0,21746.49,0.0,33539,0,8025.371,6121,242123,0,0,0,39.556118,0,2,1,0,1,1,61,0,1,0,0,0,0,0,0,0,0,0,0,0,0,0,0,0
95333202,46080.0,1.0,21708.277,0.0,33889,0,8270.958,6192,244653,0,0,0,39.511143,0,2,1,0,1,1,61,0,1,0,0,0,0,0,0,0,0,0,0,0,0,0,0,0
96333445,46080.0,1.0,21718.299,0.0,34241,0,8045.663,6262,247183,0,0,0,39.47349,0,2,1,0,1,1,61,0,1,0,0,0,0,0,0,0,0,0,0,0,0,0,0,0
97334471,46080.0,1.0,22757.367,0.0,34617,0,8065.7134,6330,249965,0,0,0,39.48894,0,2,1,0,1,1,61,0,1,0,0,0,0,0,0,0,0,0,0,0,0,0,0,0
98331508,46080.0,1.0,22973.898,0.0,34998,0,8121.8936,6400,252498,0,0,0,39.452812,0,2,1,0,1,1,61,0,1,0,0,0,0,0,0,0,0,0,0,0,0,0,0,0
99336452,46080.0,1.0,22996.742,0.0,35380,0,8010.7305,6468,255007,0,0,0,39.42594,0,2,1,0,1,1,61,0,1,0,0,0,0,0,0,0,0,0,0,0,0,0,0,0
100336765,46080.0,1.0,22902.396,0.0,35759,0,8095.4336,6536,257813,0,0,0,39.445072,0,2,1,0,1,1,61,0,1,0,0,0,0,0,0,0,0,0,0,0,0,0,0,0
101336678,46080.0,1.0,22981.373,0.0,36140,0,8042.5312,6605,260343,0,0,0,39.41605,0,2,1,0,1,1,61,0,1,0,0,0,0,0,0,0,0,0,0,0,0,0,0,0
102332514,46080.0,1.0,22907.562,0.0,36520,0,8079.6714,6676,262826,0,0,0,39.368782,0,2,1,0,1,1,61,0,1,0,0,0,0,0,0,0,0,0,0,0,0,0,0,0
103334200,46080.0,1.0,22983.693,0.0,36901,0,8299.194,6746,265601,0,0,0,39.371628,0,2,1,0,1,1,61,0,1,0,0,0,0,0,0,0,0,0,0,0,0,0,0,0
104334361,46080.0,1.0,22844.516,0.0,37279,0,8007.1704,6815,268377,0,0,0,39.380337,0,2,1,0,1,1,61,0,1,0,0,0,0,0,0,0,0,0,0,0,0,0,0,0
105335167,46080.0,1.0,23208.49,0.0,37661,0,8264.4375,6885,270974,0,0,0,39.357155,0,2,1,0,1,1,61,0,1,0,0,0,0,0,0,0,0,0,0,0,0,0,0,0
106331602,46080.0,1.0,22879.668,0.0,38040,0,7551.098,6953,273504,0,0,0,39.336113,0,2,1,0,1,1,61,0,1,0,0,0,0,0,0,0,0,0,0,0,0,0,0,0
107331735,46080.0,1.0,22976.252,0.0,38421,0,8052.7285,7023,275941,0,0,0,39.291042,0,2,1,0,1,1,61,0,1,0,0,0,0,0,0,0,0,0,0,0,0,0,0,0
108332717,46080.0,1.0,22907.555,0.0,38801,0,8300.215,7093,278461,0,0,0,39.258564,0,2,1,0,1,1,61,0,1,0,0,0,0,0,0,0,0,0,0,0,0,0,0,0
109333568,46080.0,1.0,23110.545,0.0,39182,0,8279.046,7163,281349,0,0,0,39.278095,0,2,1,0,1,1,61,0,1,0,0,0,0,0,0,0,0,0,0,0,0,0,0,0
110333929,46080.0,1.0,22886.887,0.0,39561,0,8298.157,7235,284267,0,0,0,39.29053,0,2,1,0,1,1,61,0,1,0,0,0,0,0,0,0,0,0,0,0,0,0,0,0
111334361,46080.0,1.0,23003.719,0.0,39943,0,8324.003,7306,286787,0,0,0,39.253628,0,2,1,0,1,1,61,0,1,0,0,0,0,0,0,0,0,0,0,0,0,0,0,0
112335209,46080.0,1.0,22785.174,0.0,40322,0,8238.038,7377,289307,0,0,0,39.217434,0,2,1,0,1,1,61,0,1,0,0,0,0,0,0,0,0,0,0,0,0,0,0,0
113331810,46080.0,1.0,23023.018,0.0,40703,0,8063.044,7447,291979,0,0,0,39.2076,0,2,1,0,1,1,61,0,1,0,0,0,0,0,0,0,0,0,0,0,0,0,0,0
114332119,46080.0,1.0,22887.766,0.0,41083,0,8247.105,7517,294509,0,0,0,39.17906,0,2,1,0,1,1,61,0,1,0,0,0,0,0,0,0,0,0,0,0,0,0,0,0
115335079,46080.0,1.0,22960.402,0.0,41464,0,8290.785,7587,297039,0,0,0,39.151047,0,2,1,0,1,1,61,0,1,0,0,0,0,0,0,0,0,0,0,0,0,0,0,0
116333454,46080.0,1.0,22914.93,0.0,41843,0,8270.868,7657,299570,0,0,0,39.123676,0,2,1,0,1,1,61,0,1,0,0,0,0,0,0,0,0,0,0,0,0,0,0,0
117331470,46080.0,1.0,22970.691,0.0,42224,0,8280.528,7728,301908,0,0,0,39.06677,0,2,1,0,1,1,61,0,1,0,0,0,0,0,0,0,0,0,0,0,0,0,0,0
118335219,46080.0,1.0,22882.371,0.0,42603,0,8295.796,7799,304630,0,0,0,39.060135,0,2,1,0,1,1,61,0,1,0,0,0,0,0,0,0,0,0,0,0,0,0,0,0
119333324,46080.0,1.0,22971.65,0.0,42984,0,8249.256,7868,306949,0,0,0,39.01233,0,2,1,0,1,1,61,0,1,0,0,0,0,0,0,0,0,0,0,0,0,0,0,0
120335938,46080.0,1.0,22841.412,0.0,43364,0,8276.25,7938,309979,0,0,0,39.050014,0,2,1,0,1,1,61,0,1,0,0,0,0,0,0,0,0,0,0,0,0,0,0,0
121333613,46080.0,1.0,22999.037,0.0,43745,0,8296.077,8009,312730,0,0,0,39.04732,0,2,1,0,1,1,61,0,1,0,0,0,0,0,0,0,0,0,0,0,0,0,0,0
122333278,46080.0,1.0,22953.465,0.0,44124,0,8279.725,8079,315515,0,0,0,39.05372,0,2,1,0,1,1,61,0,1,0,0,0,0,0,0,0,0,0,0,0,0,0,0,0
123334085,46080.0,1.0,23107.354,0.0,44505,0,8309.91,8149,318045,0,0,0,39.028717,0,2,1,0,1,1,61,0,1,0,0,0,0,0,0,0,0,0,0,0,0,0,0,0
124335434,46080.0,1.0,22804.053,0.0,44884,0,8533.972,8221,320824,0,0,0,39.024937,0,2,1,0,1,1,61,0,1,0,0,0,0,0,0,0,0,0,0,0,0,0,0,0
125334687,46080.0,1.0,22996.732,0.0,45265,0,8265.09,8291,323344,0,0,0,38.999397,0,2,1,0,1,1,61,0,1,0,0,0,0,0,0,0,0,0,0,0,0,0,0,0
126333290,46080.0,1.0,23201.9,0.0,45644,0,8297.885,8362,325890,0,0,0,38.972733,0,2,1,0,1,1,61,0,1,0,0,0,0,0,0,0,0,0,0,0,0,0,0,0
127335636,46080.0,1.0,22990.812,0.0,46025,0,8287.676,8432,328420,0,0,0,38.94924,0,2,1,0,1,1,61,0,1,0,0,0,0,0,0,0,0,0,0,0,0,0,0,0
128333212,46080.0,1.0,22869.377,0.0,46404,0,8270.479,8502,330905,0,0,0,38.92084,0,2,1,0,1,1,61,0,1,0,0,0,0,0,0,0,0,0,0,0,0,0,0,0
129333122,46080.0,1.0,22869.377,0.0,46785,0,8270.479,8572,333481,0,0,0,38.903522,0,2,1,0,1,1,61,0,1,0,0,0,0,0,0,0,0,0,0,0,0,0,0,0
130333412,46080.0,1.0,22948.725,0.0,47164,0,8240.326,8642,336011,0,0,0,38.88116,0,2,1,0,1,1,61,0,1,0,0,0,0,0,0,0,0,0,0,0,0,0,0,0
131335477,46080.0,1.0,22879.701,0.0,47545,0,8272.215,8712,338541,0,0,0,38.85916,0,2,1,0,1,1,61,0,1,0,0,0,0,0,0,0,0,0,0,0,0,0,0,0
132332412,46080.0,1.0,23001.605,0.0,47925,0,8256.092,8781,340985,0,0,0,38.832138,0,2,1,0,1,1,61,0,1,0,0,0,0,0,0,0,0,0,0,0,0,0,0,0
133331368,46080.0,1.0,22913.31,0.0,48305,0,8256.67,8852,343505,0,0,0,38.805355,0,2,1,0,1,1,61,0,1,0,0,0,0,0,0,0,0,0,0,0,0,0,0,0
134336506,46080.0,1.0,22967.363,0.0,48685,0,8292.9375,8924,346131,0,0,0,38.78653,0,2,1,0,1,1,61,0,1,0,0,0,0,0,0,0,0,0,0,0,0,0,0,0
135332466,46080.0,1.0,22895.14,0.0,49066,0,8323.779,8993,348916,0,0,0,38.798622,0,2,1,0,1,1,61,0,1,0,0,0,0,0,0,0,0,0,0,0,0,0,0,0
136333770,46080.0,1.0,23018.6,0.0,49445,0,8224.271,9064,351322,0,0,0,38.76015,0,2,1,0,1,1,61,0,1,0,0,0,0,0,0,0,0,0,0,0,0,0,0,0
137334501,46080.0,1.0,22973.004,0.0,49825,0,8074.917,9135,353976,0,0,0,38.749424,0,2,1,0,1,1,61,0,1,0,0,0,0,0,0,0,0,0,0,0,0,0,0,0
138332364,46080.0,1.0,22908.709,0.0,50205,0,8286.532,9205,356362,0,0,0,38.71396,0,2,1,0,1,1,61,0,1,0,0,0,0,0,0,0,0,0,0,0,0,0,0,0
139336011,46080.0,1.0,22873.746,0.0,50586,0,8265.37,9275,358882,0,0,0,38.693478,0,2,1,0,1,1,61,0,1,0,0,0,0,0,0,0,0,0,0,0,0,0,0,0
140331397,46080.0,1.0,22936.723,0.0,50965,0,8259.295,9345,361402,0,0,0,38.6733,0,2,1,0,1,1,61,0,1,0,0,0,0,0,0,0,0,0,0,0,0,0,0,0
141332840,46080.0,1.0,22850.568,0.0,51347,0,8504.741,9416,364096,0,0,0,38.6678,0,2,1,0,1,1,61,0,1,0,0,0,0,0,0,0,0,0,0,0,0,0,0,0
142338130,46080.0,1.0,23004.223,0.0,51726,0,8284.514,9485,366698,0,0,0,38.66083,0,2,1,0,1,1,61,0,1,0,0,0,0,0,0,0,0,0,0,0,0,0,0,0
143333914,46080.0,1.0,22915.969,0.0,52106,0,8031.9272,9555,369218,0,0,0,38.64134,0,2,1,0,1,1,61,0,1,0,0,0,0,0,0,0,0,0,0,0,0,0,0,0
144335031,46080.0,1.0,22973.14,0.0,52486,0,8272.769,9626,371993,0,0,0,38.644608,0,2,1,0,1,1,61,0,1,0,0,0,0,0,0,0,0,0,0,0,0,0,0,0
145335527,46080.0,1.0,23115.77,0.0,52867,0,8287.426,9697,374514,0,0,0,38.621635,0,2,1,0,1,1,61,0,1,0,0,0,0,0,0,0,0,0,0,0,0,0,0,0
146332676,46080.0,1.0,22972.602,0.0,53245,0,8295.19,9768,377257,0,0,0,38.621723,0,2,1,0,1,1,61,0,1,0,0,0,0,0,0,0,0,0,0,0,0,0,0,0
147336634,46080.0,1.0,22860.244,0.0,53627,0,8288.137,9838,379787,0,0,0,38.604088,0,2,1,0,1,1,61,0,1,0,0,0,0,0,0,0,0,0,0,0,0,0,0,0
148334996,46080.0,1.0,22978.223,0.0,54005,0,8267.408,9908,382074,0,0,0,38.562172,0,2,1,0,1,1,61,0,1,0,0,0,0,0,0,0,0,0,0,0,0,0,0,0
149333029,46080.0,1.0,22895.467,0.0,54385,0,8278.276,9980,384594,0,0,0,38.536472,0,2,1,0,1,1,61,0,1,0,0,0,0,0,0,0,0,0,0,0,0,0,0,0
150334030,46080.0,1.0,22909.053,0.0,54765,0,8309.608,10051,387369,0,0,0,38.540344,0,2,1,0,1,1,61,0,1,0,0,0,0,0,0,0,0,0,0,0,0,0,0,0
151334557,46080.0,1.0,22873.762,0.0,55146,0,8287.971,10122,389889,0,0,0,38.51897,0,2,1,0,1,1,61,0,1,0,0,0,0,0,0,0,0,0,0,0,0,0,0,0
152339282,46080.0,1.0,22987.701,0.0,55528,0,8306.279,10193,392664,0,0,0,38.522907,0,2,1,0,1,1,61,0,1,0,0,0,0,0,0,0,0,0,0,0,0,0,0,0
153332574,46080.0,1.0,22853.967,0.0,55907,0,8280.958,10263,395222,0,0,0,38.509403,0,2,1,0,1,1,61,0,1,0,0,0,0,0,0,0,0,0,0,0,0,0,0,0
154332469,46080.0,1.0,23003.305,0.0,56286,0,8300.862,10334,397705,0,0,0,38.485096,0,2,1,0,1,1,61,0,1,0,0,0,0,0,0,0,0,0,0,0,0,0,0,0
155332976,46080.0,1.0,22890.428,0.0,56667,0,8276.093,10405,400225,0,0,0,38.46468,0,2,1,0,1,1,61,0,1,0,0,0,0,0,0,0,0,0,0,0,0,0,0,0
156333349,46080.0,1.0,22978.473,0.0,57047,0,8305.845,10475,403000,0,0,0,38.472553,0,2,1,0,1,1,61,0,1,0,0,0,0,0,0,0,0,0,0,0,0,0,0,0
157335563,46080.0,1.0,22979.848,0.0,57428,0,8239.658,10546,405520,0,0,0,38.452496,0,2,1,0,1,1,61,0,1,0,0,0,0,0,0,0,0,0,0,0,0,0,0,0
158335815,46080.0,1.0,22985.793,0.0,57807,0,8323.304,10616,408128,0,0,0,38.44461,0,2,1,0,1,1,61,0,1,0,0,0,0,0,0,0,0,0,0,0,0,0,0,0
159331935,46080.0,1.0,22786.963,0.0,58189,0,8238.325,10687,410560,0,0,0,38.416767,0,2,1,0,1,1,61,0,1,0,0,0,0,0,0,0,0,0,0,0,0,0,0,0
160332650,46080.0,1.0,23002.123,0.0,58568,0,8301.518,10758,413188,0,0,0,38.40751,0,2,1,0,1,1,61,0,1,0,0,0,0,0,0,0,0,0,0,0,0,0,0,0
161332652,46080.0,1.0,22965.137,0.0,58949,0,8296.103,10828,415718,0,0,0,38.39287,0,2,1,0,1,1,61,0,1,0,0,0,0,0,0,0,0,0,0,0,0,0,0,0
162332912,46080.0,1.0,22976.402,0.0,59329,0,8273.224,10898,418376,0,0,0,38.390163,0,2,1,0,1,1,61,0,1,0,0,0,0,0,0,0,0,0,0,0,0,0,0,0
163333167,46080.0,1.0,22872.193,0.0,59710,0,8475.397,10969,420896,0,0,0,38.37141,0,2,1,0,1,1,61,0,1,0,0,0,0,0,0,0,0,0,0,0,0,0,0,0
164335191,46080.0,1.0,22952.795,0.0,60089,0,8271.07,11039,423416,0,0,0,38.356373,0,2,1,0,1,1,61,0,1,0,0,0,0,0,0,0,0,0,0,0,0,0,0,0
165332470,46080.0,1.0,22887.316,0.0,60470,0,8324.932,11106,425840,0,0,0,38.34324,0,2,1,0,1,1,61,0,1,0,0,0,0,0,0,0,0,0,0,0,0,0,0,0
166336892,46080.0,1.0,22967.076,0.0,60850,0,8264.834,11179,428878,0,0,0,38.364613,0,2,1,0,1,1,61,0,1,0,0,0,0,0,0,0,0,0,0,0,0,0,0,0
167333019,46080.0,1.0,23140.188,0.0,61231,0,8264.281,11249,431408,0,0,0,38.35079,0,2,1,0,1,1,61,0,1,0,0,0,0,0,0,0,0,0,0,0,0,0,0,0
168332602,46080.0,1.0,22961.559,0.0,61611,0,8267.879,11319,433751,0,0,0,38.32061,0,2,1,0,1,1,61,0,1,0,0,0,0,0,0,0,0,0,0,0,0,0,0,0
169333671,46080.0,1.0,22879.75,0.0,61992,0,8267.54,11389,436271,0,0,0,38.306347,0,2,1,0,1,1,61,0,1,0,0,0,0,0,0,0,0,0,0,0,0,0,0,0
170333928,46080.0,1.0,23104.332,0.0,62371,0,8299.809,11461,438792,0,0,0,38.285664,0,2,1,0,1,1,61,0,1,0,0,0,0,0,0,0,0,0,0,0,0,0,0,0
171334983,46080.0,1.0,22799.666,0.0,62753,0,8265.8125,11532,441312,0,0,0,38.26847,0,2,1,0,1,1,61,0,1,0,0,0,0,0,0,0,0,0,0,0,0,0,0,0
172333633,46080.0,1.0,23022.26,0.0,63132,0,8300.413,11602,443832,0,0,0,38.254784,0,2,1,0,1,1,61,0,1,0,0,0,0,0,0,0,0,0,0,0,0,0,0,0
173334297,46080.0,1.0,22880.846,0.0,63513,0,8272.628,11673,446589,0,0,0,38.25829,0,2,1,0,1,1,61,0,1,0,0,0,0,0,0,0,0,0,0,0,0,0,0,0
174332504,46080.0,1.0,22969.219,0.0,63893,0,8294.329,11744,448872,0,0,0,38.22139,0,2,1,0,1,1,61,0,1,0,0,0,0,0,0,0,0,0,0,0,0,0,0,0
175333622,46080.0,1.0,22903.227,0.0,64274,0,8298.647,11816,451902,0,0,0,38.244923,0,2,1,0,1,1,61,0,1,0,0,0,0,0,0,0,0,0,0,0,0,0,0,0
176334397,46080.0,1.0,22930.83,0.0,64653,0,8265.7295,11887,454422,0,0,0,38.228485,0,2,1,0,1,1,61,0,1,0,0,0,0,0,0,0,0,0,0,0,0,0,0,0
177334508,46080.0,1.0,22895.527,0.0,65035,0,8300.929,11957,457452,0,0,0,38.25809,0,2,1,0,1,1,61,0,1,0,0,0,0,0,0,0,0,0,0,0,0,0,0,0
178332481,46080.0,1.0,23026.95,0.0,65414,0,8295.696,12027,459972,0,0,0,38.24495,0,2,1,0,1,1,61,0,1,0,0,0,0,0,0,0,0,0,0,0,0,0,0,0
179331478,46080.0,1.0,22967.848,0.0,65795,0,8227.14,12097,462493,0,0,0,38.23204,0,2,1,0,1,1,61,0,1,0,0,0,0,0,0,0,0,0,0,0,0,0,0,0
180332208,46080.0,1.0,22942.346,0.0,66175,0,8568.251,12166,465320,0,0,0,38.247574,0,2,1,0,1,1,61,0,1,0,0,0,0,0,0,0,0,0,0,0,0,0,0,0
181333943,46080.0,1.0,22892.541,0.0,66556,0,8168.8364,12237,467788,0,0,0,38.227345,0,2,1,0,1,1,61,0,1,0,0,0,0,0,0,0,0,0,0,0,0,0,0,0
182333074,46080.0,1.0,23039.822,0.0,66935,0,8369.323,12309,470308,0,0,0,38.208466,0,2,1,0,1,1,61,0,1,0,0,0,0,0,0,0,0,0,0,0,0,0,0,0
183331397,46080.0,1.0,23166.17,0.0,67317,0,8302.689,12379,472828,0,0,0,38.195976,0,2,1,0,1,1,61,0,1,0,0,0,0,0,0,0,0,0,0,0,0,0,0,0
184332393,46080.0,1.0,22980.918,0.0,67695,0,8270.174,12449,475348,0,0,0,38.183628,0,2,1,0,1,1,61,0,1,0,0,0,0,0,0,0,0,0,0,0,0,0,0,0
185331686,46080.0,1.0,22874.379,0.0,68077,0,8270.29,12520,477868,0,0,0,38.16837,0,2,1,0,1,1,61,0,1,0,0,0,0,0,0,0,0,0,0,0,0,0,0,0
186333967,46080.0,1.0,22983.06,0.0,68457,0,8299.327,12592,480500,0,0,0,38.15915,0,2,1,0,1,1,61,0,1,0,0,0,0,0,0,0,0,0,0,0,0,0,0,0
187332297,46080.0,1.0,22872.318,0.0,68838,0,8310.039,12662,483030,0,0,0,38.148003,0,2,1,0,1,1,61,0,1,0,0,0,0,0,0,0,0,0,0,0,0,0,0,0
188333051,46080.0,1.0,23012.771,0.0,69217,0,8254.733,12734,485429,0,0,0,38.1207,0,2,1,0,1,1,61,0,1,0,0,0,0,0,0,0,0,0,0,0,0,0,0,0
189333242,46080.0,1.0,22881.303,0.0,69599,0,8318.748,12804,488091,0,0,0,38.120197,0,2,1,0,1,1,61,0,1,0,0,0,0,0,0,0,0,0,0,0,0,0,0,0
190335089,46080.0,1.0,23024.822,0.0,69978,0,8281.994,12875,490724,0,0,0,38.114487,0,2,1,0,1,1,61,0,1,0,0,0,0,0,0,0,0,0,0,0,0,0,0,0
191332420,46080.0,1.0,22855.482,0.0,70359,0,8263.819,12945,493244,0,0,0,38.10305,0,2,1,0,1,1,61,0,1,0,0,0,0,0,0,0,0,0,0,0,0,0,0,0
192336397,46080.0,1.0,23158.955,0.0,70739,0,8254.964,13016,495764,0,0,0,38.088814,0,2,1,0,1,1,61,0,1,0,0,0,0,0,0,0,0,0,0,0,0,0,0,0
193332639,46080.0,1.0,22883.613,0.0,71120,0,8291.902,13087,498466,0,0,0,38.08864,0,2,1,0,1,1,61,0,1,0,0,0,0,0,0,0,0,0,0,0,0,0,0,0
194332897,46080.0,1.0,22937.729,0.0,71499,0,8259.657,13158,501059,0,0,0,38.08018,0,2,1,0,1,1,61,0,1,0,0,0,0,0,0,0,0,0,0,0,0,0,0,0
195334398,46080.0,1.0,22825.213,0.0,71881,0,8298.719,13228,503579,0,0,0,38.06917,0,2,1,0,1,1,61,0,1,0,0,0,0,0,0,0,0,0,0,0,0,0,0,0
196334023,46080.0,1.0,23009.25,0.0,72260,0,8280.37,13297,506311,0,0,0,38.077084,0,2,1,0,1,1,61,0,1,0,0,0,0,0,0,0,0,0,0,0,0,0,0,0
197331585,46080.0,1.0,22807.139,0.0,72640,0,8488.948,13369,508620,0,0,0,38.04473,0,2,1,0,1,1,61,0,1,0,0,0,0,0,0,0,0,0,0,0,0,0,0,0
198335812,46080.0,1.0,23265.375,0.0,73020,0,8286.681,13439,511140,0,0,0,38.03408,0,2,1,0,1,1,61,0,1,0,0,0,0,0,0,0,0,0,0,0,0,0,0,0
199332332,46080.0,1.0,22898.24,0.0,73401,0,8296.84,13510,513660,0,0,0,38.020725,0,2,1,0,1,1,61,0,1,0,0,0,0,0,0,0,0,0,0,0,0,0,0,0
200333441,46080.0,1.0,22905.57,0.0,73780,0,8248.436,13582,516686,0,0,0,38.041965,0,2,1,0,1,1,61,0,1,0,0,0,0,0,0,0,0,0,0,0,0,0,0,0
201332904,46080.0,1.0,22920.887,0.0,74162,0,8318.249,13652,519720,0,0,0,38.06915,0,2,1,0,1,1,61,0,1,0,0,0,0,0,0,0,0,0,0,0,0,0,0,0
202337522,46080.0,1.0,23006.516,0.0,74541,0,8286.8955,13722,522495,0,0,0,38.077175,0,2,1,0,1,1,61,0,1,0,0,0,0,0,0,0,0,0,0,0,0,0,0,0
203335344,46080.0,1.0,22852.303,0.0,74922,0,8261.948,13793,525270,0,0,0,38.08236,0,2,1,0,1,1,61,0,1,0,0,0,0,0,0,0,0,0,0,0,0,0,0,0
204331395,46080.0,1.0,22935.68,0.0,75302,0,8259.278,13863,527791,0,0,0,38.07192,0,2,1,0,1,1,61,0,1,0,0,0,0,0,0,0,0,0,0,0,0,0,0,0
205332342,46080.0,1.0,22896.104,0.0,75683,0,8295.704,13934,530566,0,0,0,38.077076,0,2,1,0,1,1,61,0,1,0,0,0,0,0,0,0,0,0,0,0,0,0,0,0
206332593,46080.0,1.0,22986.9,0.0,76062,0,8285.581,14006,533596,0,0,0,38.09767,0,2,1,0,1,1,61,0,1,0,0,0,0,0,0,0,0,0,0,0,0,0,0,0
207332701,46080.0,1.0,22902.387,0.0,76446,0,8311.897,14078,536371,0,0,0,38.099945,0,2,1,0,1,1,61,0,1,0,0,0,0,0,0,0,0,0,0,0,0,0,0,0
208332802,46080.0,1.0,23131.348,0.0,76825,0,8338.752,14150,538891,0,0,0,38.08417,0,2,1,0,1,1,61,0,1,0,0,0,0,0,0,0,0,0,0,0,0,0,0,0
209334430,46080.0,1.0,22883.504,0.0,77206,0,8319.911,14221,541411,0,0,0,38.07123,0,2,1,0,1,1,61,0,1,0,0,0,0,0,0,0,0,0,0,0,0,0,0,0
210334820,46080.0,1.0,22934.664,0.0,77588,0,8281.491,14291,544441,0,0,0,38.096775,0,2,1,0,1,1,61,0,1,0,0,0,0,0,0,0,0,0,0,0,0,0,0,0
211331347,46080.0,1.0,23012.52,0.0,77969,0,8277.59,14362,547216,0,0,0,38.101658,0,2,1,0,1,1,61,0,1,0,0,0,0,0,0,0,0,0,0,0,0,0,0,0
212335631,46080.0,1.0,23009.14,0.0,78349,0,8300.804,14433,550246,0,0,0,38.12416,0,2,1,0,1,1,61,0,1,0,0,0,0,0,0,0,0,0,0,0,0,0,0,0
213333042,46080.0,1.0,22977.764,0.0,78731,0,8300.663,14503,552767,0,0,0,38.113976,0,2,1,0,1,1,61,0,1,0,0,0,0,0,0,0,0,0,0,0,0,0,0,0
214333128,46080.0,1.0,22990.045,0.0,79109,0,8266.633,14574,555287,0,0,0,38.101208,0,2,1,0,1,1,61,0,1,0,0,0,0,0,0,0,0,0,0,0,0,0,0,0
215333080,46080.0,1.0,22881.654,0.0,79490,0,8464.319,14645,558062,0,0,0,38.105976,0,2,1,0,1,1,61,0,1,0,0,0,0,0,0,0,0,0,0,0,0,0,0,0
216334662,46080.0,1.0,22998.613,0.0,79870,0,8297.727,14715,560837,0,0,0,38.113285,0,2,1,0,1,1,61,0,1,0,0,0,0,0,0,0,0,0,0,0,0,0,0,0
217334464,46080.0,1.0,22921.338,0.0,80251,0,8313.956,14785,564377,0,0,0,38.172268,0,2,1,0,1,1,61,0,1,0,0,0,0,0,0,0,0,0,0,0,0,0,0,0
218331378,46080.0,1.0,22969.957,0.0,80630,0,8299.004,14856,566897,0,0,0,38.159466,0,2,1,0,1,1,61,0,1,0,0,0,0,0,0,0,0,0,0,0,0,0,0,0
219331974,46080.0,1.0,22924.932,0.0,81012,0,8280.976,14926,569604,0,0,0,38.161865,0,2,1,0,1,1,61,0,1,0,0,0,0,0,0,0,0,0,0,0,0,0,0,0
220332370,46080.0,1.0,23212.812,0.0,81391,0,8281.813,14997,572388,0,0,0,38.166832,0,2,1,0,1,1,61,0,1,0,0,0,0,0,0,0,0,0,0,0,0,0,0,0
221333586,46080.0,1.0,22929.545,0.0,81772,0,8268.936,15068,574713,0,0,0,38.141293,0,2,1,0,1,1,61,0,1,0,0,0,0,0,0,0,0,0,0,0,0,0,0,0
222332739,46080.0,1.0,23059.688,0.0,82152,0,8276.968,15139,577703,0,0,0,38.15992,0,2,1,0,1,1,61,0,1,0,0,0,0,0,0,0,0,0,0,0,0,0,0,0
223332212,46080.0,1.0,22850.8,0.0,82533,0,8272.433,15209,580519,0,0,0,38.169437,0,2,1,0,1,1,61,0,1,0,0,0,0,0,0,0,0,0,0,0,0,0,0,0
224334661,46080.0,1.0,22977.271,0.0,82912,0,8289.667,15280,583293,0,0,0,38.173626,0,2,1,0,1,1,61,0,1,0,0,0,0,0,0,0,0,0,0,0,0,0,0,0
225335938,46080.0,1.0,22980.697,0.0,83294,0,8294.146,15351,586058,0,0,0,38.17719,0,2,1,0,1,1,61,0,1,0,0,0,0,0,0,0,0,0,0,0,0,0,0,0
226332223,46080.0,1.0,22967.414,0.0,83673,0,8280.715,15422,589098,0,0,0,38.198547,0,2,1,0,1,1,61,0,1,0,0,0,0,0,0,0,0,0,0,0,0,0,0,0
227332412,46080.0,1.0,22889.64,0.0,84054,0,8277.471,15492,591873,0,0,0,38.205074,0,2,1,0,1,1,61,0,1,0,0,0,0,0,0,0,0,0,0,0,0,0,0,0
228333212,46080.0,1.0,22975.758,0.0,84434,0,8266.162,15563,594393,0,0,0,38.1927,0,2,1,0,1,1,61,0,1,0,0,0,0,0,0,0,0,0,0,0,0,0,0,0
229334211,46080.0,1.0,22905.13,0.0,84815,0,8292.101,15634,596913,0,0,0,38.18044,0,2,1,0,1,1,61,0,1,0,0,0,0,0,0,0,0,0,0,0,0,0,0,0
230332377,46080.0,1.0,23181.36,0.0,85194,0,8031.3687,15703,599691,0,0,0,38.189583,0,2,1,0,1,1,61,0,1,0,0,0,0,0,0,0,0,0,0,0,0,0,0,0
231333068,46080.0,1.0,22894.594,0.0,85576,0,8282.042,15774,602258,0,0,0,38.180424,0,2,1,0,1,1,61,0,1,0,0,0,0,0,0,0,0,0,0,0,0,0,0,0
232331492,46080.0,1.0,23250.582,0.0,85955,0,8294.964,15844,604731,0,0,0,38.167824,0,2,1,0,1,1,61,0,1,0,0,0,0,0,0,0,0,0,0,0,0,0,0,0
233336012,46080.0,1.0,22923.885,0.0,86336,0,8303.958,15914,607252,0,0,0,38.15835,0,2,1,0,1,1,61,0,1,0,0,0,0,0,0,0,0,0,0,0,0,0,0,0
234332250,46080.0,1.0,23034.895,0.0,86716,0,8035.892,15984,609773,0,0,0,38.14896,0,2,1,0,1,1,61,0,1,0,0,0,0,0,0,0,0,0,0,0,0,0,0,0
235333071,46080.0,1.0,22896.154,0.0,87097,0,8045.647,16056,612379,0,0,0,38.140198,0,2,1,0,1,1,61,0,1,0,0,0,0,0,0,0,0,0,0,0,0,0,0,0
236334397,46080.0,1.0,22996.59,0.0,87476,0,8319.255,16125,615325,0,0,0,38.15969,0,2,1,0,1,1,61,0,1,0,0,0,0,0,0,0,0,0,0,0,0,0,0,0
237330641,46080.0,1.0,22919.998,0.0,87857,0,7571.0083,16192,617848,0,0,0,38.157608,0,2,1,0,1,1,61,0,1,0,0,0,0,0,0,0,0,0,0,0,0,0,0,0
238334325,46080.0,1.0,23016.04,0.0,88237,0,7787.9375,16264,620368,0,0,0,38.14363,0,2,1,0,1,1,61,0,1,0,0,0,0,0,0,0,0,0,0,0,0,0,0,0
239331340,46080.0,1.0,22899.307,0.0,88618,0,8317.668,16333,622890,0,0,0,38.1369,0,2,1,0,1,1,61,0,1,0,0,0,0,0,0,0,0,0,0,0,0,0,0,0
240331554,46080.0,1.0,23050.64,0.0,88997,0,7773.9927,16401,625412,0,0,0,38.132553,0,2,1,0,1,1,61,0,1,0,0,0,0,0,0,0,0,0,0,0,0,0,0,0
241331665,46080.0,1.0,22909.432,0.0,89379,0,7783.294,16469,627935,0,0,0,38.128304,0,2,1,0,1,1,61,0,1,0,0,0,0,0,0,0,0,0,0,0,0,0,0,0
242332913,46080.0,1.0,23051.021,0.0,89758,0,8046.3936,16542,630854,0,0,0,38.1365,0,2,1,0,1,1,61,0,1,0,0,0,0,0,0,0,0,0,0,0,0,0,0,0
243332537,46080.0,1.0,22879.217,0.0,90140,0,8310.37,16611,633230,0,0,0,38.121124,0,2,1,0,1,1,61,0,1,0,0,0,0,0,0,0,0,0,0,0,0,0,0,0
244333347,46080.0,1.0,23005.922,0.0,90519,0,8028.249,16682,636005,0,0,0,38.125225,0,2,1,0,1,1,61,0,1,0,0,0,0,0,0,0,0,0,0,0,0,0,0,0
245334086,46080.0,1.0,22961.229,0.0,90900,0,8279.922,16752,639210,0,0,0,38.157234,0,2,1,0,1,1,61,0,1,0,0,0,0,0,0,0,0,0,0,0,0,0,0,0
246330490,46080.0,1.0,23101.797,0.0,91279,0,8043.9126,16820,641557,0,0,0,38.14251,0,2,1,0,1,1,61,0,1,0,0,0,0,0,0,0,0,0,0,0,0,0,0,0
247331503,46080.0,1.0,22887.87,0.0,91661,0,7996.1367,16889,644078,0,0,0,38.13595,0,2,1,0,1,1,61,0,1,0,0,0,0,0,0,0,0,0,0,0,0,0,0,0
248331358,46080.0,1.0,22977.422,0.0,92040,0,8022.832,16959,646855,0,0,0,38.142284,0,2,1,0,1,1,61,0,1,0,0,0,0,0,0,0,0,0,0,0,0,0,0,0
249332246,46080.0,1.0,22900.002,0.0,92422,0,8051.562,17030,649630,0,0,0,38.146214,0,2,1,0,1,1,61,0,1,0,0,0,0,0,0,0,0,0,0,0,0,0,0,0
250332603,46080.0,1.0,23031.979,0.0,92801,0,8303.992,17098,652152,0,0,0,38.142006,0,2,1,0,1,1,61,0,1,0,0,0,0,0,0,0,0,0,0,0,0,0,0,0
251333199,46080.0,1.0,22896.943,0.0,93182,0,7849.068,17169,654672,0,0,0,38.13105,0,2,1,0,1,1,61,0,1,0,0,0,0,0,0,0,0,0,0,0,0,0,0,0
252332033,46080.0,1.0,22992.322,0.0,93562,0,8215.889,17239,657193,0,0,0,38.122456,0,2,1,0,1,1,61,0,1,0,0,0,0,0,0,0,0,0,0,0,0,0,0,0
253333838,46080.0,1.0,23180.148,0.0,93943,0,8277.628,17309,659713,0,0,0,38.113873,0,2,1,0,1,1,61,0,1,0,0,0,0,0,0,0,0,0,0,0,0,0,0,0
254333026,46080.0,1.0,22902.365,0.0,94321,0,8262.284,17379,662999,0,0,0,38.149433,0,2,1,0,1,1,61,0,1,0,0,0,0,0,0,0,0,0,0,0,0,0,0,0
255335630,46080.0,1.0,22920.18,0.0,94704,0,8019.9175,17449,665774,0,0,0,38.155426,0,2,1,0,1,1,61,0,1,0,0,0,0,0,0,0,0,0,0,0,0,0,0,0
256331415,46080.0,1.0,23016.385,0.0,95081,0,8275.745,17519,668295,0,0,0,38.14687,0,2,1,0,1,1,61,0,1,0,0,0,0,0,0,0,0,0,0,0,0,0,0,0
257331749,46080.0,1.0,22878.488,0.0,95463,0,8287.152,17589,671101,0,0,0,38.154587,0,2,1,0,1,1,61,0,1,0,0,0,0,0,0,0,0,0,0,0,0,0,0,0
258332781,46080.0,1.0,22991.812,0.0,95843,0,8051.53,17660,673887,0,0,0,38.158947,0,2,1,0,1,1,61,0,1,0,0,0,0,0,0,0,0,0,0,0,0,0,0,0
259341120,46080.0,1.0,22925.496,0.0,96228,0,8078.2417,17732,676622,0,0,0,38.158245,0,2,1,0,1,1,61,0,1,0,0,0,0,0,0,0,0,0,0,0,0,0,0,0
260333050,46080.0,1.0,23037.855,0.0,96603,0,8320.086,17801,679399,0,0,0,38.16634,0,2,1,0,1,1,61,0,1,0,0,0,0,0,0,0,0,0,0,0,0,0,0,0
261333823,46080.0,1.0,22868.69,0.0,96985,0,7566.2725,17870,681920,0,0,0,38.160046,0,2,1,0,1,1,61,0,1,0,0,0,0,0,0,0,0,0,0,0,0,0,0,0
262334561,46080.0,1.0,23008.074,0.0,97364,0,8273.116,17940,684441,0,0,0,38.151672,0,2,1,0,1,1,61,0,1,0,0,0,0,0,0,0,0,0,0,0,0,0,0,0
263334933,46080.0,1.0,22882.719,0.0,97745,0,7801.9253,18010,686962,0,0,0,38.143364,0,2,1,0,1,1,61,0,1,0,0,0,0,0,0,0,0,0,0,0,0,0,0,0
264331852,46080.0,1.0,23028.432,0.0,98125,0,8026.694,18080,689831,0,0,0,38.15437,0,2,1,0,1,1,61,0,1,0,0,0,0,0,0,0,0,0,0,0,0,0,0,0
265332698,46080.0,1.0,22958.488,0.0,98506,0,8296.227,18151,692616,0,0,0,38.158558,0,2,1,0,1,1,61,0,1,0,0,0,0,0,0,0,0,0,0,0,0,0,0,0
266332755,46080.0,1.0,23013.33,0.0,98885,0,8082.0625,18218,695037,0,0,0,38.151115,0,2,1,0,1,1,61,0,1,0,0,0,0,0,0,0,0,0,0,0,0,0,0,0
267332471,46080.0,1.0,22961.252,0.0,99267,0,7803.1714,18288,697676,0,0,0,38.149387,0,2,1,0,1,1,61,0,1,0,0,0,0,0,0,0,0,0,0,0,0,0,0,0
268332829,46080.0,1.0,22939.066,0.0,99646,0,8004.223,18358,700206,0,0,0,38.141735,0,2,1,0,1,1,61,0,1,0,0,0,0,0,0,0,0,0,0,0,0,0,0,0
269330468,46080.0,1.0,22900.898,0.0,100025,0,8155.105,18427,702856,0,0,0,38.142727,0,2,1,0,1,1,61,0,1,0,0,0,0,0,0,0,0,0,0,0,0,0,0,0
270334296,46080.0,1.0,22991.94,0.0,100406,0,7511.1597,18494,705634,0,0,0,38.154755,0,2,1,0,1,1,61,0,1,0,0,0,0,0,0,0,0,0,0,0,0,0,0,0
271335180,46080.0,1.0,22920.84,0.0,100787,0,7803.4985,18562,708562,0,0,0,38.172718,0,2,1,0,1,1,61,0,1,0,0,0,0,0,0,0,0,0,0,0,0,0,0,0
272335352,46080.0,1.0,22941.49,0.0,101167,0,7730.2197,18635,711187,0,0,0,38.164047,0,2,1,0,1,1,61,0,1,0,0,0,0,0,0,0,0,0,0,0,0,0,0,0
273332540,46080.0,1.0,23171.281,0.0,101548,0,8069.516,18703,713709,0,0,0,38.160133,0,2,1,0,1,1,61,0,1,0,0,0,0,0,0,0,0,0,0,0,0,0,0,0
274332104,46080.0,1.0,22970.395,0.0,101927,0,7786.0156,18773,716407,0,0,0,38.16156,0,2,1,0,1,1,61,0,1,0,0,0,0,0,0,0,0,0,0,0,0,0,0,0
275332120,46080.0,1.0,22880.018,0.0,102307,0,8272.911,18842,718937,0,0,0,38.156086,0,2,1,0,1,1,61,0,1,0,0,0,0,0,0,0,0,0,0,0,0,0,0,0
276330315,46080.0,1.0,23084.959,0.0,102686,0,7568.7075,18911,721275,0,0,0,38.1405,0,2,1,0,1,1,61,0,1,0,0,0,0,0,0,0,0,0,0,0,0,0,0,0
277332704,46080.0,1.0,22929.668,0.0,103068,0,7812.8203,18981,723997,0,0,0,38.14325,0,2,1,0,1,1,61,0,1,0,0,0,0,0,0,0,0,0,0,0,0,0,0,0
278330530,46080.0,1.0,23014.293,0.0,103446,0,8058.702,19050,726527,0,0,0,38.1379,0,2,1,0,1,1,61,0,1,0,0,0,0,0,0,0,0,0,0,0,0,0,0,0
279331021,46080.0,1.0,22886.424,0.0,103828,0,8054.993,19120,729057,0,0,0,38.130596,0,2,1,0,1,1,61,0,1,0,0,0,0,0,0,0,0,0,0,0,0,0,0,0
280334699,46080.0,1.0,22962.217,0.0,104208,0,7770.063,19187,731587,0,0,0,38.129307,0,2,1,0,1,1,61,0,1,0,0,0,0,0,0,0,0,0,0,0,0,0,0,0
281331210,46080.0,1.0,22922.156,0.0,104589,0,7777.4453,19256,733884,0,0,0,38.111965,0,2,1,0,1,1,61,0,1,0,0,0,0,0,0,0,0,0,0,0,0,0,0,0
282331216,46080.0,1.0,22990.03,0.0,104968,0,8035.892,19328,736659,0,0,0,38.113567,0,2,1,0,1,1,61,0,1,0,0,0,0,0,0,0,0,0,0,0,0,0,0,0
283332132,46080.0,1.0,22937.21,0.0,105350,0,8105.368,19395,739433,0,0,0,38.124928,0,2,1,0,1,1,61,0,1,0,0,0,0,0,0,0,0,0,0,0,0,0,0,0
284332118,46080.0,1.0,23014.998,0.0,105729,0,7281.366,19465,741959,0,0,0,38.117596,0,2,1,0,1,1,61,0,1,0,0,0,0,0,0,0,0,0,0,0,0,0,0,0
285332642,46080.0,1.0,22865.967,0.0,106111,0,8025.2427,19533,744482,0,0,0,38.114063,0,2,1,0,1,1,61,0,1,0,0,0,0,0,0,0,0,0,0,0,0,0,0,0
286332703,46080.0,1.0,23000.406,0.0,106490,0,7332.639,19600,747023,0,0,0,38.11342,0,2,1,0,1,1,61,0,1,0,0,0,0,0,0,0,0,0,0,0,0,0,0,0
287334314,46080.0,1.0,23085.133,0.0,106871,0,8024.185,19671,749525,0,0,0,38.103046,0,2,1,0,1,1,61,0,1,0,0,0,0,0,0,0,0,0,0,0,0,0,0,0
288334610,46080.0,1.0,22972.992,0.0,107251,0,8534.504,19740,752046,0,0,0,38.09757,0,2,1,0,1,1,61,0,1,0,0,0,0,0,0,0,0,0,0,0,0,0,0,0
289330967,46080.0,1.0,22912.006,0.0,107631,0,8034.301,19810,754822,0,0,0,38.10308,0,2,1,0,1,1,61,0,1,0,0,0,0,0,0,0,0,0,0,0,0,0,0,0
290335008,46080.0,1.0,23289.568,0.0,108011,0,8070.6426,19879,757598,0,0,0,38.11047,0,2,1,0,1,1,61,0,1,0,0,0,0,0,0,0,0,0,0,0,0,0,0,0
291330880,46080.0,1.0,22938.895,0.0,108392,0,8022.624,19949,760119,0,0,0,38.10311,0,2,1,0,1,1,61,0,1,0,0,0,0,0,0,0,0,0,0,0,0,0,0,0
292331853,46080.0,1.0,23017.654,0.0,108772,0,8043.455,20018,762713,0,0,0,38.10136,0,2,1,0,1,1,61,0,1,0,0,0,0,0,0,0,0,0,0,0,0,0,0,0
293332498,46080.0,1.0,22896.54,0.0,109153,0,7990.1094,20088,765163,0,0,0,38.090553,0,2,1,0,1,1,61,0,1,0,0,0,0,0,0,0,0,0,0,0,0,0,0,0
294333055,46080.0,1.0,23000.059,0.0,109533,0,7352.2812,20158,767685,0,0,0,38.083393,0,2,1,0,1,1,61,0,1,0,0,0,0,0,0,0,0,0,0,0,0,0,0,0
295332821,46080.0,1.0,22942.186,0.0,109914,0,8324.668,20229,770206,0,0,0,38.07435,0,2,1,0,1,1,61,0,1,0,0,0,0,0,0,0,0,0,0,0,0,0,0,0
296333301,46080.0,1.0,22950.514,0.0,110293,0,8013.0884,20298,772727,0,0,0,38.06912,0,2,1,0,1,1,61,0,1,0,0,0,0,0,0,0,0,0,0,0,0,0,0,0
297333754,46080.0,1.0,22956.242,0.0,110675,0,8019.966,20367,775248,0,0,0,38.063927,0,2,1,0,1,1,61,0,1,0,0,0,0,0,0,0,0,0,0,0,0,0,0,0
298330142,46080.0,1.0,23064.67,0.0,111053,0,8049.415,20438,777894,0,0,0,38.06116,0,2,1,0,1,1,61,0,1,0,0,0,0,0,0,0,0,0,0,0,0,0,0,0
299331093,46080.0,1.0,22912.787,0.0,111435,0,8276.589,20506,780289,0,0,0,38.051743,0,2,1,0,1,1,61,0,1,0,0,0,0,0,0,0,0,0,0,0,0,0,0,0
300332164,46080.0,1.0,23056.094,0.0,111815,0,8018.253,20575,782810,0,0,0,38.046658,0,2,1,0,1,1,61,0,1,0,0,0,0,0,0,0,0,0,0,0,0,0,0,0
301331463,46080.0,1.0,22853.027,0.0,112195,0,8006.878,20643,785588,0,0,0,38.055904,0,2,1,0,1,1,61,0,1,0,0,0,0,0,0,0,0,0,0,0,0,0,0,0
302331607,46080.0,1.0,23010.473,0.0,112575,0,7556.72,20713,788110,0,0,0,38.049053,0,2,1,0,1,1,61,0,1,0,0,0,0,0,0,0,0,0,0,0,0,0,0,0
303332389,46080.0,1.0,22924.05,0.0,112957,0,8115.31,20782,790799,0,0,0,38.052113,0,2,1,0,1,1,61,0,1,0,0,0,0,0,0,0,0,0,0,0,0,0,0,0
304332492,46080.0,1.0,23001.135,0.0,113336,0,8116.109,20851,793152,0,0,0,38.03904,0,2,1,0,1,1,61,0,1,0,0,0,0,0,0,0,0,0,0,0,0,0,0,0
305333734,46080.0,1.0,23163.043,0.0,113717,0,8107.015,20921,795672,0,0,0,38.032215,0,2,1,0,1,1,61,0,1,0,0,0,0,0,0,0,0,0,0,0,0,0,0,0
306332937,46080.0,1.0,22948.18,0.0,114097,0,8279.171,20993,798192,0,0,0,38.021816,0,2,1,0,1,1,61,0,1,0,0,0,0,0,0,0,0,0,0,0,0,0,0,0
307332148,46080.0,1.0,22932.594,0.0,114478,0,8287.591,21064,800712,0,0,0,38.013294,0,2,1,0,1,1,61,0,1,0,0,0,0,0,0,0,0,0,0,0,0,0,0,0
308334674,46080.0,1.0,23010.096,0.0,114860,0,8323.779,21136,803232,0,0,0,38.00303,0,2,1,0,1,1,61,0,1,0,0,0,0,0,0,0,0,0,0,0,0,0,0,0
