timestamp,accel_device_id,gyro_device_id,accel_clipping[0],accel_clipping[1],accel_clipping[2],accel_error_count,gyro_error_count,accel_rate_hz,gyro_rate_hz,accel_raw_rate_hz,gyro_raw_rate_hz,accel_vibration_metric,gyro_vibration_metric,gyro_coning_vibration,mean_accel[0],mean_accel[1],mean_accel[2],mean_gyro[0],mean_gyro[1],mean_gyro[2],var_accel[0],var_accel[1],var_accel[2],var_gyro[0],var_gyro[1],var_gyro[2],temperature_accel,temperature_gyro
2143085,2490386,2490386,0,0,0,0,0,252.85728,252.85728,8091.433,8091.433,0.02211711,0.001073205,4.4022204e-06,0.1154595,-0.09245178,-9.875157,0.01439222,0.0021557317,0.004998965,0.00028162467,0.00033119175,0.0011811292,2.2045413e-06,1.2152602e-06,1.3399653e-06,46.429935,46.429935
3171310,2490386,2490386,0,0,0,0,0,252.85728,252.85728,8091.433,8091.433,0.02453421,0.0015143466,6.984129e-06,0.11344416,-0.10314401,-9.875823,0.014221451,0.0023646746,0.0058875047,0.0059331264,0.0025295282,0.001329846,2.2343984e-06,1.1777677e-06,8.228758e-06,46.515438,46.515438
4199546,2490386,2490386,0,0,0,0,0,252.85728,252.85728,8091.433,8091.433,0.032900024,0.0018284495,9.800292e-06,0.1764625,-0.10104177,-9.869611,0.014239515,0.0025949928,0.004348782,0.00046520802,0.007583581,0.0039340183,4.3703913e-06,4.689554e-06,3.982141e-06,46.596085,46.596085
5125118,2490386,2490386,0,0,0,0,0,252.85728,252.85728,8091.433,8091.433,0.027499892,0.002047999,9.19172e-06,0.13004129,-0.09365704,-9.886955,0.01439753,0.0023391186,0.00502434,0.0025236118,0.000847301,0.0014428054,2.9952762e-06,2.2953627e-06,1.9461702e-05,46.64899,46.64899
6153216,2490386,2490386,0,0,0,0,0,252.85728,252.85728,8091.433,8091.433,0.020886416,0.0012258225,5.2618234e-06,0.13538341,-0.09826182,-9.874224,0.014348133,0.0022575513,0.005969078,0.0010609075,0.00035948734,0.0014159409,2.5727861e-06,1.0291028e-06,6.53261e-07,46.706326,46.706326
7181540,2490386,2490386,0,0,0,0,0,252.85728,252.85728,8091.433,8091.433,0.022224484,0.0011516224,4.943915e-06,0.14722343,-0.07220709,-9.889539,0.014493511,0.0024302478,0.00601302,0.0018468935,0.00067451096,0.0027398362,2.5461304e-06,1.777609e-06,2.534726e-06,46.759598,46.759598
8106880,2490386,2490386,0,0,0,0,0,252.85728,252.85728,8091.433,8091.433,0.026432449,0.0018133527,7.64517e-06,0.12596793,-0.101067685,-9.877741,0.014283716,0.0024386079,0.0055408487,0.0008613237,0.00032918257,0.0022350873,2.3450618e-06,2.0988225e-06,1.8215866e-06,46.798294,46.798294
9135218,2490386,2490386,0,0,0,0,0,252.85728,252.85728,8091.433,8091.433,0.028298987,0.0018076889,1.0357549e-05,0.2498251,-0.108346276,-9.870898,0.015376331,0.00349383,0.0071553322,0.0033123011,0.0045419093,0.0086918585,8.640262e-06,1.4350255e-05,1.4674433e-05,46.82789,46.82789
10163468,2490386,2490386,0,0,0,0,0,252.85728,252.85728,8091.433,8091.433,0.022784015,0.0015032176,7.521822e-06,0.14703435,-0.09721647,-9.877793,0.014302664,0.0024330872,0.005885821,0.00059710647,0.0005341147,0.0010545667,2.131301e-06,7.140773e-07,3.5053522e-06,46.882915,46.882915
11191654,2490386,2490386,0,0,0,0,0,252.85728,252.85728,8091.433,8091.433,0.018911254,0.0009898202,4.2500055e-06,0.18562359,-0.111603305,-9.875844,0.014263626,0.0023378306,0.0059032165,0.0003771046,0.00018635932,0.0011953203,2.3152797e-06,7.042769e-07,1.1333403e-06,46.91957,46.91957
12117077,2490386,2490386,0,0,0,0,0,252.85728,252.85728,8091.433,8091.433,0.020202084,0.0011703509,5.1149295e-06,0.19002897,-0.09437066,-9.87604,0.014215402,0.0021171197,0.0053570326,0.0005351762,0.0009095001,0.0010053866,2.1273718e-06,3.0992285e-07,1.7779228e-05,46.939083,46.939083
13145315,2490386,2490386,0,0,0,0,0,252.85728,252.85728,8091.433,8091.433,0.037105337,0.0020143446,1.1005474e-05,0.08175304,-0.0914973,-9.889337,0.013583144,0.0009027168,0.004871142,0.0052360105,0.0037994445,0.0026680974,7.4057825e-06,2.5256008e-06,1.2221322e-05,46.992004,46.992004
14173637,2490386,2490386,0,0,0,0,0,252.85728,252.85728,8091.433,8091.433,0.025843302,0.001745898,8.9359255e-06,0.17311917,-0.115637794,-9.870412,0.014583801,0.002200839,0.0053238114,0.0014485389,0.0033883946,0.0010543762,2.78542e-06,1.6069686e-06,1.480333e-05,47.006443,47.006443
15201924,2490386,2490386,0,0,0,0,0,252.85728,252.85728,8091.433,8091.433,0.0260267,0.0018323665,9.391218e-06,0.13183217,-0.10483288,-9.871024,0.014395015,0.002232952,0.005842411,0.0005240248,0.001596136,0.0031365482,1.8585248e-06,2.4133137e-06,6.675975e-06,47.03961,47.03961
16127353,2490386,2490386,0,0,0,0,0,252.85728,252.85728,8091.433,8091.433,0.035961762,0.0023485248,1.4783387e-05,0.16867152,-0.10039233,-9.854781,0.011548221,-0.0022127798,0.0039706365,0.010907717,0.003392284,0.005148017,4.407411e-06,1.49276375e-05,2.8954102e-05,47.055073,47.055073
17155524,2490386,2490386,0,0,0,0,0,252.85728,252.85728,8091.433,8091.433,0.024929022,0.0015779993,7.806818e-06,0.11901887,-0.12799795,-9.882499,0.014278613,0.0019331597,0.0047853603,0.0013248264,0.0012997688,0.0017198679,2.823565e-06,1.2849432e-06,6.11809e-06,47.087654,47.087654
18183863,2490386,2490386,0,0,0,0,0,252.85728,252.85728,8091.433,8091.433,0.01939984,0.0012236726,5.07361e-06,0.16505302,-0.08000702,-9.876359,0.014584698,0.0021558844,0.005678676,0.00051717577,0.0007495426,0.0017561413,3.763718e-06,1.6440105e-06,2.6907878e-06,47.10704,47.10704
19109199,2490386,2490386,0,0,0,0,0,252.85728,252.85728,8091.433,8091.433,0.02094333,0.0012716035,5.4211355e-06,0.108972594,-0.094242156,-9.880552,0.0144992275,0.0023610352,0.005325279,0.006288341,0.0010834718,0.0015733655,2.5895874e-06,2.5195138e-06,1.3716897e-05,47.125908,47.125908
20137618,2490386,2490386,0,0,0,0,0,252.85728,252.85728,8091.433,8091.433,0.04185502,0.00260622,1.9342557e-05,0.11840145,-0.022789493,-9.874487,0.013587091,0.00060857635,0.0052937227,0.001966261,0.024222257,0.0048161875,9.333913e-06,9.2932405e-06,5.8019465e-05,47.161034,47.161034
21165816,2490386,2490386,0,0,0,0,0,252.85728,252.85728,8091.433,8091.433,0.030849444,0.001782848,9.091831e-06,0.15834038,-0.09464956,-9.873029,0.014612093,0.002252421,0.0054243696,0.0007902209,0.0041033463,0.003272957,3.5093053e-06,3.1750913e-06,2.0636764e-06,47.174465,47.174465
22194048,2490386,2490386,0,0,0,0,0,252.85728,252.85728,8091.433,8091.433,0.026392376,0.0021241952,9.404863e-06,0.11303402,-0.10113967,-9.875941,0.014261205,0.002484288,0.0062817675,0.009485828,0.0005955292,0.0021934411,6.264319e-06,1.0487705e-05,4.080597e-06,47.190872,47.190872
23119428,2490386,2490386,0,0,0,0,0,252.85728,252.85728,8091.433,8091.433,0.021866966,0.0013023406,5.3751123e-06,0.14021435,-0.095634274,-9.876604,0.014349225,0.0022675614,0.005759165,0.00049757125,0.0011935057,0.001088445,1.8249835e-06,1.3383981e-06,2.8757886e-06,47.206764,47.206764
24147675,2490386,2490386,0,0,0,0,0,252.85728,252.85728,8091.433,8091.433,0.021024877,0.0012773979,5.3925037e-06,0.13069446,-0.10930935,-9.868727,0.014506945,0.002405839,0.0052472623,0.0010119954,0.0004700545,0.000933922,2.1018604e-06,1.1165235e-06,2.7798492e-06,47.22193,47.22193
25175937,2490386,2490386,0,0,0,0,0,252.85728,252.85728,8091.433,8091.433,0.01825071,0.0010182166,4.3056943e-06,0.12640002,-0.116694555,-9.873344,0.014335336,0.002368924,0.0055567236,0.0005513338,0.00043811777,0.0012911509,2.221047e-06,1.655543e-06,1.7268353e-06,47.245235,47.245235
26204204,2490386,2490386,0,0,0,0,0,252.85728,252.85728,8091.433,8091.433,0.05957359,0.004914637,5.4580105e-05,0.12351731,-0.07694992,-9.880808,0.014849224,0.0026175585,0.004194739,0.0010234617,0.0010667234,0.0020585386,1.4454496e-06,2.584762e-06,0.00010128709,47.274544,47.274544
27129633,2490386,2490386,0,0,0,0,0,252.85728,252.85728,8091.433,8091.433,0.075097166,0.006748639,6.63763e-05,0.15279223,-0.123019956,-9.872072,0.013583712,0.002602282,0.0041784844,0.011346413,0.020287419,0.007877682,1.5239474e-05,4.349965e-05,3.937877e-05,47.276077,47.276077
28157990,2490386,2490386,0,0,0,0,0,252.85728,252.85728,8091.433,8091.433,0.05153556,0.0046032825,5.0887797e-05,0.13906398,-0.16613367,-9.887257,0.013386702,0.0028244955,0.0030989603,0.0011630127,0.0423145,0.0067505874,6.909005e-06,3.4158737e-05,0.0003592138,47.282898,47.282898
29186328,2490386,2490386,0,0,0,0,0,252.85728,252.85728,8091.433,8091.433,0.031331416,0.0026489887,1.5569707e-05,0.15031159,-0.11911732,-9.876017,0.014397939,0.002952332,0.005523599,0.00075327547,0.00086362567,0.0046725557,5.6012345e-06,2.8402636e-05,7.1059685e-06,47.29313,47.29313
30111594,2490386,2490386,0,0,0,0,0,252.85728,252.85728,8091.433,8091.433,0.025666066,0.0015071603,7.1242166e-06,0.17550144,-0.10114373,-9.881195,0.014119272,0.0024841644,0.006141653,0.0016488506,0.0013378424,0.001358661,1.7794379e-06,1.6844718e-06,1.1746804e-06,47.31832,47.31832
31139871,2490386,2490386,0,0,0,0,0,252.85728,252.85728,8091.433,8091.433,0.02741835,0.0020674327,9.16217e-06,0.13603333,-0.117152564,-9.872952,0.014361671,0.002332788,0.0051190583,0.0005839914,0.0015645759,0.00082780374,3.0472022e-06,2.2571219e-06,2.4481599e-06,47.336464,47.336464
32168217,2490386,2490386,0,0,0,0,0,252.85728,252.85728,8091.433,8091.433,0.021223772,0.0012574744,5.3485833e-06,0.14515087,-0.08918941,-9.874229,0.014491732,0.0021521503,0.0053705266,0.0004729498,0.00049981446,0.00079738843,2.1888063e-06,1.8637639e-06,1.8050911e-06,47.334286,47.334286
33196414,2490386,2490386,0,0,0,0,0,252.85728,252.85728,8091.433,8091.433,0.027010467,0.0014415465,6.9417956e-06,0.103600554,-0.11761064,-9.877182,0.014384193,0.0022843464,0.005836567,0.0020129434,0.0004554033,0.0026489152,2.5141048e-06,5.8849178e-06,7.919639e-06,47.365715,47.365715
34121927,2490386,2490386,0,0,0,0,0,252.85728,252.85728,8091.433,8091.433,0.024342678,0.0014295583,6.248128e-06,0.16472052,-0.10117175,-9.880411,0.014380222,0.002520624,0.0056145377,0.0009163193,0.00023111452,0.0025108247,2.4366404e-06,3.1584693e-06,2.4903582e-06,47.382187,47.382187
35150166,2490386,2490386,0,0,0,0,0,252.85728,252.85728,8091.433,8091.433,0.016822198,0.000966679,4.0258806e-06,0.13758542,-0.09833303,-9.874017,0.014215783,0.00209945,0.0056120357,0.0010645286,0.00034896616,0.0008804995,2.6711677e-06,1.3020054e-06,8.5061436e-07,47.37543,47.37543
36178464,2490386,2490386,0,0,0,0,0,252.85728,252.85728,8091.433,8091.433,0.015333414,0.00084575376,3.5054068e-06,0.1495793,-0.102390274,-9.872704,0.0143145155,0.0024600925,0.0057623987,0.00033995867,0.00029824724,0.00092770497,2.4876094e-06,8.973463e-07,8.65779e-07,47.397503,47.397503
37103801,2490386,2490386,0,0,0,0,0,252.85728,252.85728,8091.433,8091.433,0.015980266,0.00086043915,3.6107645e-06,0.13910654,-0.10630862,-9.873664,0.014167751,0.0023037614,0.005309676,0.0004884193,0.0003226454,0.001151873,2.067476e-06,1.2143458e-06,1.7290307e-06,47.420944,47.420944
38132161,2490386,2490386,0,0,0,0,0,252.85728,252.85728,8091.433,8091.433,0.020526288,0.0010938802,4.630684e-06,0.12925717,-0.09807811,-9.87182,0.01438595,0.0024190943,0.0053301672,0.00064014475,0.00047693084,0.0013922701,2.8513616e-06,1.7649247e-06,2.8967122e-06,47.44091,47.44091
39160352,2490386,2490386,0,0,0,0,0,252.85728,252.85728,8091.433,8091.433,0.028845832,0.0017590772,8.587133e-06,0.13585539,-0.10284541,-9.8793955,0.014482589,0.0023596506,0.0055978145,0.0015200393,0.00042472186,0.005626793,8.500185e-06,1.5218259e-05,5.5876153e-06,47.44737,47.44737
40188770,2490386,2490386,0,0,0,0,0,252.85728,252.85728,8091.433,8091.433,0.036330957,0.0028002188,1.6908398e-05,0.18313454,-0.16875911,-9.863806,0.01429184,0.0032255054,0.008442349,0.01736897,0.0125260735,0.0031317116,2.1649308e-05,1.5795034e-05,4.9104765e-05,47.459923,47.459923
41114121,2490386,2490386,0,0,0,0,0,252.85728,252.85728,8091.433,8091.433,0.03631644,0.0022508067,1.2635246e-05,0.267762,-0.11515091,-9.888813,0.015008619,0.0028608977,0.0075131054,0.024783289,0.0052685365,0.0030087845,5.5446108e-06,6.3867833e-06,0.00012690073,47.452084,47.452084
42142343,2490386,2490386,0,0,0,0,0,252.85728,252.85728,8091.433,8091.433,0.043169323,0.0022914703,1.558945e-05,0.09924391,-0.11363644,-9.85752,0.0128803365,0.00066368195,0.0053585838,0.001367728,0.003383231,0.004484093,3.8221106e-06,1.7713865e-06,1.627703e-05,47.476616,47.476616
43170575,2490386,2490386,0,0,0,0,0,252.85728,252.85728,8091.433,8091.433,0.022517972,0.0012422311,5.778122e-06,0.13274539,-0.09435312,-9.874059,0.014769689,0.0022028957,0.0054093697,0.001531671,0.003411966,0.0011187899,2.69435e-06,9.939358e-07,2.637066e-06,47.48046,47.48046
44198850,2490386,2490386,0,0,0,0,0,252.85728,252.85728,8091.433,8091.433,0.054460846,0.0035700228,2.6103497e-05,0.1282374,-0.09487604,-9.873211,0.014874833,0.0020830745,0.005799161,0.002679438,0.0021761095,0.003869795,5.9705962e-06,5.570594e-06,2.0982085e-05,47.480606,47.480606
45124434,2490386,2490386,0,0,0,0,0,252.85728,252.85728,8091.433,8091.433,0.042156648,0.0028367164,1.9835514e-05,0.04630801,-0.14859128,-9.88133,0.013857234,0.0026762425,0.0062820395,0.027102882,0.0024848187,0.03326701,2.5624557e-05,3.7301204e-05,3.327694e-05,47.495773,47.495773
46152638,2490386,2490386,0,0,0,0,0,252.85728,252.85728,8091.433,8091.433,0.059743118,0.004295687,3.3261287e-05,0.17033714,-0.10825779,-9.875656,0.014075317,0.003068312,0.005442404,0.011222132,0.0013330511,0.011725905,3.858632e-06,6.6330585e-06,1.5919668e-05,47.508694,47.508694
47180827,2490386,2490386,0,0,0,0,0,252.85728,252.85728,8091.433,8091.433,0.022405889,0.0014219825,7.4312607e-06,0.108472705,-0.10120866,-9.880626,0.014129469,0.0024264473,0.005693773,0.0032792937,0.00043222614,0.0010291748,3.6477493e-06,1.5339658e-06,2.1571805e-06,47.503605,47.503605
48106317,2490386,2490386,0,0,0,0,0,252.85728,252.85728,8091.433,8091.433,0.040504083,0.0017434289,1.1896765e-05,0.28085837,-0.0950734,-9.892814,0.015107866,0.0052989963,0.009195121,0.1695407,0.008080088,0.028743727,8.934631e-06,1.4868185e-05,8.577266e-05,47.52117,47.52117
49134663,2490386,2490386,0,0,0,0,0,252.85728,252.85728,8091.433,8091.433,0.0426711,0.0029533585,2.0797761e-05,0.10399119,-0.17894323,-9.882534,0.013368073,0.001686587,0.0049599037,0.004003403,0.011884758,0.00840972,1.2568768e-05,8.259101e-06,6.059813e-05,47.507103,47.507103
50162809,2490386,2490386,0,0,0,0,0,252.85728,252.85728,8091.433,8091.433,0.022252414,0.0016262914,8.383014e-06,0.19675972,-0.09215938,-9.8811655,0.014494047,0.0024147423,0.0056315917,0.00026887178,0.00033488966,0.0016155095,3.1871007e-06,9.609834e-07,6.085605e-06,47.51987,47.51987
51191103,2490386,2490386,0,0,0,0,0,252.85728,252.85728,8091.433,8091.433,0.01853272,0.0010442218,4.4168023e-06,0.12600641,-0.12688068,-9.87931,0.014485693,0.0022521743,0.005579122,0.0019425132,0.0015534536,0.0013783455,3.4810244e-06,2.1053058e-06,2.8519737e-06,47.529095,47.529095
52116520,2490386,2490386,0,0,0,0,0,252.85728,252.85728,8091.433,8091.433,0.7490833,0.055097558,0.014314824,-0.66195303,-0.65865177,-9.9536915,-0.13490242,-0.17172807,0.29430085,0.4808897,0.89046866,10.432085,0.03580577,0.015529337,0.008824948,47.553116,47.553116
53144801,2490386,2490386,0,0,0,0,0,252.85728,252.85728,8091.433,8091.433,0.2968237,0.032108452,0.017268097,-0.05362134,5.8315763,-7.8574076,-0.6329166,0.077899344,-0.020654665,0.010028656,0.028457383,0.09002617,0.0020963014,0.0023869022,0.0005972046,47.42443,47.42443
54173074,2490386,2490386,0,0,0,0,0,252.85728,252.85728,8091.433,8091.433,1.3104438,0.13429435,0.065137155,0.48543024,8.242215,-5.135519,-0.6385035,0.408415,-0.09269475,0.005264067,0.0053049973,0.049911007,0.009661336,0.012767991,0.005360374,47.447876,47.447876
55201329,2490386,2490386,0,0,0,0,0,252.85728,252.85728,8091.433,8091.433,0.15475173,0.018405484,0.0059904275,0.28120902,9.312161,-3.0805483,0.05063982,-0.038721137,0.014447749,0.0031843637,0.0039385445,0.001555914,0.0005358945,3.462787e-05,3.7565136e-05,47.45927,47.45927
56126882,2490386,2490386,0,0,0,0,0,252.85728,252.85728,8091.433,8091.433,0.06968288,0.007515164,0.0008581811,0.42168036,9.460488,-2.7641878,-0.03548396,0.011859365,0.00049263844,0.010407488,0.0035623105,0.0017266488,6.763196e-05,0.00011356985,2.5461146e-05,47.453465,47.453465
57155035,2490386,2490386,0,0,0,0,0,252.85728,252.85728,8091.433,8091.433,0.0590045,0.007317192,0.0005798941,0.5439847,9.535622,-2.466233,-0.028732909,-0.053175263,-0.025491137,0.004312151,0.010840437,0.0051894453,4.3896987e-05,0.00015582953,4.4842647e-05,47.463406,47.463406
58183322,2490386,2490386,0,0,0,0,0,252.85728,252.85728,8091.433,8091.433,0.059583202,0.0075204936,0.00038259334,0.22466815,9.480877,-2.2569733,0.038215477,0.0042617056,0.0190719,0.0029467945,0.0009717498,0.009032424,0.00022640746,0.0006194671,8.3096544e-05,47.47023,47.47023
59108748,2490386,2490386,0,0,0,0,0,252.85728,252.85728,8091.433,8091.433,0.04586156,0.005266418,0.00026893904,0.104918085,9.528977,-2.2143056,-0.04614637,0.004120103,-0.022561066,0.0014178474,0.0046105846,0.029898869,0.00019803923,0.00017350531,0.00021830344,47.44962,47.44962
60137100,2490386,2490386,0,0,0,0,0,252.85728,252.85728,8091.433,8091.433,0.13363963,0.012008645,0.00066281186,0.00023927182,9.7241745,-2.078567,-0.035466287,0.01995579,-0.025962153,0.007894885,0.012940291,0.049628228,0.00068639644,0.0011921551,0.00018687753,47.44773,47.44773
61165280,2490386,2490386,0,0,0,0,0,252.85728,252.85728,8091.433,8091.433,0.0672764,0.0071916566,0.0003696424,-0.16991468,9.525832,-2.0794864,0.03002299,-0.053435344,0.0110880425,0.0016960205,0.0030834693,0.0058866236,0.00017776566,0.00022814987,2.2458345e-05,47.446857,47.446857
62193542,2490386,2490386,0,0,0,0,0,252.85728,252.85728,8091.433,8091.433,0.07527281,0.010066173,0.00075483305,-0.27538672,9.537741,-2.0798724,0.016290583,0.07501425,-0.026514214,0.002635527,0.004984775,0.008822042,0.0007438099,0.00013785124,0.00020450592,47.39939,47.39939
63119001,2490386,2490386,0,0,0,0,0,252.85728,252.85728,8091.433,8091.433,0.12644885,0.012818128,0.0007589952,-0.35178292,9.545697,-2.1719298,0.03819818,-0.011069373,0.014030044,0.006493898,0.0064068767,0.009940207,9.37347e-06,0.00029258511,0.00046630262,47.384727,47.384727
64147257,2490386,2490386,0,0,0,0,0,252.85728,252.85728,8091.433,8091.433,0.13358374,0.017409453,0.0031195323,0.7885828,9.545769,-1.7405969,-0.00062518625,0.059498947,0.055926442,0.010190768,0.012782957,0.038295675,0.00049191655,0.001343223,0.006081881,47.405205,47.405205
65175513,2490386,2490386,0,0,0,0,0,252.85728,252.85728,8091.433,8091.433,0.19842784,0.027883772,0.025157945,1.1955361,4.663118,-8.683135,0.70520234,-0.54139054,0.000959248,0.06290265,0.14815898,0.3139105,0.0918629,0.005008041,0.020303482,47.35164,47.35164
66203794,2490386,2490386,0,0,0,0,0,252.85728,252.85728,8091.433,8091.433,0.35770354,0.041887935,0.0145627195,-0.031688374,-0.7402352,-9.781275,0.15683872,-0.12717094,0.05643964,0.5284851,0.43914464,2.350556,0.036157455,0.044973016,0.004676373,47.442207,47.442207
67129234,2490386,2490386,0,0,0,0,0,252.85728,252.85728,8091.433,8091.433,0.23494068,0.02693782,0.004121637,0.16499029,-0.078646,-9.911616,0.014570538,0.0019287367,0.006191364,0.003168742,0.009180357,0.013123616,1.3957074e-06,1.1514125e-05,0.00035607876,47.47734,47.47734
68157590,2490386,2490386,0,0,0,0,0,252.85728,252.85728,8091.433,8091.433,0.04975353,0.004072423,0.00031509032,0.154741,-0.054224484,-9.890579,0.014845503,0.0029279958,0.0061848606,0.003060806,0.0030296422,0.0015781875,2.4809126e-06,2.564048e-06,1.1532934e-05,47.491642,47.491642
69185775,2490386,2490386,0,0,0,0,0,252.85728,252.85728,8091.433,8091.433,0.044408094,0.0028916006,3.851969e-05,0.12102727,-0.060767867,-9.88764,0.014609717,0.0028410745,0.005326165,0.002950694,0.0014547142,0.007525033,3.353079e-06,1.0400363e-05,1.9825644e-05,47.52626,47.52626
70111246,2490386,2490386,0,0,0,0,0,252.85728,252.85728,8091.433,8091.433,0.039101295,0.0031054753,1.7438777e-05,0.20277022,-0.057898834,-9.882776,0.014388195,0.002598196,0.006076398,0.005893672,0.0005617428,0.0023724984,4.6394644e-06,1.398711e-05,4.4719677e-06,47.52742,47.52742
71139473,2490386,2490386,0,0,0,0,0,252.85728,252.85728,8091.433,8091.433,0.057118755,0.0046743625,3.0072273e-05,0.06787929,-0.041283675,-9.896629,0.014137068,0.0022134637,0.0055780318,0.004350578,0.005403831,0.034340955,5.246788e-05,0.00010628484,3.260841e-05,47.56596,47.56596
72167842,2490386,2490386,0,0,0,0,0,252.85728,252.85728,8091.433,8091.433,0.05444484,0.0037156364,2.2884955e-05,0.16977857,-0.084377244,-9.879571,0.0144930305,0.0030902983,0.0047936304,0.013814856,0.0008889163,0.006872713,7.431571e-06,1.4005428e-05,2.0785696e-05,47.58026,47.58026
73196022,2490386,2490386,0,0,0,0,0,252.85728,252.85728,8091.433,8091.433,0.059979904,0.004783251,3.4100696e-05,0.19548681,-0.055690665,-9.867793,0.013696697,0.0030408772,0.005144408,0.010433225,0.026478406,0.009275447,1.6604887e-05,4.6221343e-05,4.6348334e-05,47.58686,47.58686
74121460,2490386,2490386,0,0,0,0,0,252.85728,252.85728,8091.433,8091.433,0.06254994,0.004293335,3.5203608e-05,0.16039008,-0.09833902,-9.886382,0.014483655,0.0030514013,0.006287715,0.0021394342,0.0029997975,0.006956162,4.9426862e-06,1.2360791e-05,2.2138474e-05,47.60015,47.60015
75149781,2490386,2490386,0,0,0,0,0,252.85728,252.85728,8091.433,8091.433,0.050241746,0.0046519255,4.061055e-05,-0.029821727,-0.055195656,-9.86465,0.014396301,0.0017892143,0.006848881,0.02097952,0.0011410943,0.0019902843,4.2161146e-06,1.7587143e-05,0.00019260336,47.61082,47.61082
76178007,2490386,2490386,0,0,0,0,0,252.85728,252.85728,8091.433,8091.433,0.04786002,0.0040131095,2.8198841e-05,0.18066348,-0.13194303,-9.857243,0.014657888,0.00265578,0.005753673,0.0022778842,0.008382973,0.00417601,5.450575e-06,1.1806332e-05,2.3802399e-05,47.61633,47.61633
77206355,2490386,2490386,0,0,0,0,0,252.85728,252.85728,8091.433,8091.433,0.031827837,0.0019675808,9.559579e-06,0.17261723,-0.08037835,-9.879911,0.01415275,0.0025189682,0.005318694,0.0012762888,0.0010604269,0.0021972354,3.292583e-06,2.1539865e-06,2.8296108e-06,47.62824,47.62824
78131744,2490386,2490386,0,0,0,0,0,252.85728,252.85728,8091.433,8091.433,0.025612997,0.0015144192,6.8248605e-06,0.15970229,-0.048225623,-9.876534,0.014749569,0.0026410606,0.0057468023,0.0007744551,0.0010801347,0.0055932086,4.1729127e-06,7.287665e-06,3.8025555e-06,47.632305,47.632305
79160004,2490386,2490386,0,0,0,0,0,252.85728,252.85728,8091.433,8091.433,0.023598924,0.0013228229,5.993235e-06,0.16580422,-0.058098707,-9.869964,0.014376306,0.0023785231,0.0060317777,0.0006881471,0.00059022865,0.003173706,2.8849709e-06,3.9128054e-06,2.5346699e-06,47.647827,47.647827
80188310,2490386,2490386,0,0,0,0,0,252.85728,252.85728,8091.433,8091.433,0.015514233,0.0008795235,3.7769316e-06,0.15101019,-0.0676628,-9.870539,0.014297572,0.0025435921,0.0055131046,0.00034378172,0.0004828493,0.0017341733,2.787379e-06,1.0786762e-06,9.662577e-07,47.658062,47.658062
81113728,2490386,2490386,0,0,0,0,0,252.85728,252.85728,8091.433,8091.433,0.018622328,0.00104136,4.4553026e-06,0.16269837,-0.0767727,-9.859813,0.014703647,0.0026807897,0.0058602067,0.00033721107,0.0002455933,0.00211993,3.286967e-06,2.0728605e-06,1.4213487e-06,47.687027,47.687027
82142005,2490386,2490386,0,0,0,0,0,252.85728,252.85728,8091.433,8091.433,0.017155476,0.0009981501,4.3679793e-06,0.16326019,-0.06657042,-9.877349,0.014348309,0.0025908032,0.0055840854,0.00030606223,0.000111765294,0.0017605317,3.0909353e-06,1.0669243e-06,3.9127576e-06,47.675846,47.675846
83170294,2490386,2490386,0,0,0,0,0,252.85728,252.85728,8091.433,8091.433,0.21770027,0.013118838,0.0002512957,0.14403117,-0.095017485,-9.893908,0.0154314255,-0.011558328,0.025678795,0.02305043,0.14193171,0.17310312,0.00014003323,0.00023318901,0.0012090545,47.697407,47.697407
84198632,2490386,2490386,0,0,0,0,0,252.85728,252.85728,8091.433,8091.433,0.2980058,0.019511485,0.00079920987,0.16944878,0.045436807,-9.84717,0.029131047,-0.008632007,-0.020854488,0.024411216,0.015252682,0.010763342,8.7139044e-05,0.000636873,0.00032701046,47.6855,47.6855
85124067,2490386,2490386,0,0,0,0,0,252.85728,252.85728,8091.433,8091.433,0.22879189,0.016269298,0.00070535066,0.050418016,0.047653243,-9.841912,-0.0031207767,0.005374808,0.016225439,0.049053844,0.03349449,0.014112521,0.0004696024,0.00042687365,0.0012163672,47.702347,47.702347
86152332,2490386,2490386,0,0,0,0,0,252.85728,252.85728,8091.433,8091.433,0.9208157,0.04465025,0.006532715,0.1821558,-0.062414307,-9.874738,0.013599277,0.0012995293,0.0025385513,0.00395536,0.018117169,0.026484177,6.410526e-05,0.00011439783,7.0486414e-05,47.696247,47.696247
87180548,2490386,2490386,0,0,0,0,0,252.85728,252.85728,8091.433,8091.433,0.42378664,0.035985935,0.0021848348,0.07639648,-0.08715995,-9.974635,0.019153273,0.006879636,0.020896507,0.33040813,0.21233723,1.2478567,0.00085214275,0.018063135,0.003532239,47.697983,47.697983
88105995,2490386,2490386,0,0,0,0,0,252.85728,252.85728,8091.433,8091.433,0.23875014,0.03181758,0.013740825,-0.5683802,2.5008798,-9.210114,-0.38290158,0.9485363,1.2282205,0.07194276,0.014927499,0.10340434,0.00011840689,0.00475088,0.014538096,47.734566,47.734566
89134383,2490386,2490386,0,0,0,0,0,252.85728,252.85728,8091.433,8091.433,0.096577086,0.01617024,0.018108036,2.1293569,1.2771016,-9.938714,-0.35370907,-0.34295025,1.0093914,0.03750537,0.11655791,0.013407522,0.00017003903,0.00027669722,0.00041985002,47.664597,47.664597
90162540,2490386,2490386,0,0,0,0,0,252.85728,252.85728,8091.433,8091.433,0.1069873,0.016964866,0.011732129,0.53009194,0.2663741,-9.603279,0.14846717,0.06415305,-0.8398634,0.007694247,0.010711036,0.05734454,0.0032895352,0.003593602,0.0014932697,47.525314,47.525314
91190980,2490386,2490386,0,0,0,0,0,252.85728,252.85728,8091.433,8091.433,0.13648716,0.017026281,0.011901003,-0.026821245,-0.089949414,-10.692813,0.39483425,-0.038211867,-1.1687165,0.13846219,0.3156679,0.14695516,0.0021650277,0.0007466298,0.006113681,47.571407,47.571407
92116285,2490386,2490386,0,0,0,0,0,252.85728,252.85728,8091.433,8091.433,0.07266479,0.013038653,0.003982189,0.24708349,0.40374815,-8.982333,-0.1351171,0.07052574,0.012714512,0.0035182748,0.012053885,0.008171503,0.0002939247,5.7662368e-05,0.00025000534,47.627583,47.627583
93144529,2490386,2490386,0,0,0,0,0,252.85728,252.85728,8091.433,8091.433,0.07593285,0.015025482,0.0047884732,-0.07024215,0.27178785,-9.974856,0.11808428,0.019267704,0.48359323,0.03628142,0.0023078143,0.06724512,0.00037190298,0.0031159376,0.008085566,47.653202,47.653202
94172808,2490386,2490386,0,0,0,0,0,252.85728,252.85728,8091.433,8091.433,0.09527345,0.01751695,0.005858752,-0.90931934,-0.63532054,-11.290455,0.55452424,-0.12081192,0.26117933,0.03554411,0.08142349,0.09120177,0.0077250698,0.00015696597,0.00435013,47.659874,47.659874
95201108,2490386,2490386,0,0,0,0,0,252.85728,252.85728,8091.433,8091.433,0.083253756,0.014307193,0.0070590037,-0.8585212,-1.4686866,-8.76412,-0.3464136,-0.28495342,0.44600224,0.011462161,0.019210719,0.011619783,0.0049030604,0.0008195702,0.00017754182,47.633892,47.633892
96126638,2490386,2490386,0,0,0,0,0,252.85728,252.85728,8091.433,8091.433,0.212224,0.02947768,0.010540842,-0.85316706,-0.14099813,-9.922245,0.2368527,0.2860229,0.26643223,0.06335662,0.040687706,0.070981875,0.022314673,0.0031432884,0.0009094048,47.610245,47.610245
97154808,2490386,2490386,0,0,0,0,0,252.85728,252.85728,8091.433,8091.433,0.712132,0.07890843,0.01788628,0.27805197,0.08239144,-9.839588,-0.026221268,-0.052531812,0.02502352,0.11223129,0.13921033,0.6729325,0.0013562271,0.004438796,0.004892294,47.528584,47.528584
98183073,2490386,2490386,0,0,0,0,0,252.85728,252.85728,8091.433,8091.433,0.0892432,0.009896953,0.0014188404,0.2788559,-0.17755067,-9.863681,0.0135831535,0.0022412122,0.0071584694,0.00090135017,0.0004455751,0.0023335395,1.1207266e-05,1.7894408e-05,6.778482e-06,47.590126,47.590126
99108520,2490386,2490386,0,0,0,0,0,252.85728,252.85728,8091.433,8091.433,0.022821462,0.0018047114,0.00013880212,0.2612527,-0.15849471,-9.868654,0.01325839,0.0019562556,0.0050885757,0.00018528297,0.0001325744,0.0010482372,3.041624e-06,1.0453114e-06,1.3691644e-06,47.6148,47.6148
100136805,2490386,2490386,0,0,0,0,0,252.85728,252.85728,8091.433,8091.433,0.017466756,0.000978871,1.3612126e-05,0.256648,-0.15991987,-9.869626,0.0135094905,0.0018487847,0.005376918,0.0001529036,0.00017247179,0.00097256753,2.636957e-06,5.591563e-07,3.738564e-07,47.603844,47.603844
101165072,2490386,2490386,0,0,0,0,0,252.85728,252.85728,8091.433,8091.433,0.01530304,0.0008351403,4.0792906e-06,0.25665617,-0.16016585,-9.883376,0.013436282,0.0018840525,0.0054677674,0.00022555672,0.0001265598,0.00092296203,2.3424464e-06,7.3490605e-07,2.6197418e-07,47.532578,47.532578
102193349,2490386,2490386,0,0,0,0,0,252.85728,252.85728,8091.433,8091.433,0.01713891,0.0009085408,3.7085872e-06,0.25676522,-0.15776314,-9.863895,0.013561366,0.0018900095,0.0054462375,0.00017562324,0.00012686696,0.0008610988,3.5375188e-06,4.90423e-07,2.7165893e-07,47.574158,47.574158
103118794,2490386,2490386,0,0,0,0,0,252.85728,252.85728,8091.433,8091.433,0.015460212,0.00085635437,3.4790373e-06,0.25635156,-0.15764497,-9.8597765,0.013487567,0.0020479155,0.0055466196,0.00018558922,0.000102110425,0.0009823297,2.4655403e-06,4.6901076e-07,2.9507387e-07,47.598694,47.598694
104147122,2490386,2490386,0,0,0,0,0,252.85728,252.85728,8091.433,8091.433,0.017275952,0.0009045804,3.7718232e-06,0.2562556,-0.15794025,-9.854768,0.01366756,0.0021027068,0.005492757,0.00020087526,0.000111425645,0.0009739141,2.6729292e-06,5.404829e-07,3.5865617e-07,47.607765,47.607765
105175334,2490386,2490386,0,0,0,0,0,252.85728,252.85728,8091.433,8091.433,0.019687632,0.0009585457,3.928586e-06,0.25585908,-0.1549958,-9.853342,0.0134875355,0.0020674395,0.005405673,0.00029478094,0.00015231493,0.0009114147,2.1870526e-06,6.882306e-07,3.379221e-07,47.626568,47.626568
106203653,2490386,2490386,0,0,0,0,0,252.85728,252.85728,8091.433,8091.433,0.019231115,0.0009286879,3.7996722e-06,0.25417304,-0.15640277,-9.854853,0.013755792,0.002007597,0.005404418,0.00014417112,8.220412e-05,0.0009824034,2.1284177e-06,6.4622424e-07,3.5458808e-07,47.623726,47.623726
107129055,2490386,2490386,0,0,0,0,0,252.85728,252.85728,8091.433,8091.433,0.018787943,0.0009598582,4.060021e-06,0.25354567,-0.1549596,-9.865438,0.013594402,0.0021365306,0.005380754,0.00019113632,0.00013112993,0.00086650683,3.1278119e-06,5.301492e-07,3.7132753e-07,47.62831,47.62831
108157348,2490386,2490386,0,0,0,0,0,252.85728,252.85728,8091.433,8091.433,0.01878679,0.00093875546,3.797704e-06,0.25504175,-0.15578344,-9.860725,0.013764824,0.002230979,0.0054536117,0.00019973058,0.00013500881,0.0010613499,2.4970761e-06,6.262875e-07,1.8750697e-07,47.63433,47.63433
109185585,2490386,2490386,0,0,0,0,0,252.85728,252.85728,8091.433,8091.433,0.01768883,0.00090470293,3.7118139e-06,0.25311723,-0.15416814,-9.8630085,0.013694938,0.002060842,0.0053836755,0.00021323252,0.00015335613,0.0009819792,2.8270945e-06,4.8466364e-07,3.4427904e-07,47.631283,47.631283
110111031,2490386,2490386,0,0,0,0,0,252.85728,252.85728,8091.433,8091.433,0.016940657,0.0009136743,3.7986074e-06,0.2520001,-0.15297158,-9.863944,0.013740946,0.0020141832,0.005578491,0.0002122648,0.00014356352,0.0010359227,2.2990564e-06,7.6121273e-07,4.3407795e-07,47.652187,47.652187
111139333,2490386,2490386,0,0,0,0,0,252.85728,252.85728,8091.433,8091.433,0.01604899,0.0008893009,3.6732708e-06,0.2503705,-0.15476814,-9.865358,0.013788679,0.0021365532,0.00556392,0.0001966037,0.0001383025,0.0011096761,3.968452e-06,6.075124e-07,2.6539522e-07,47.65436,47.65436
112167576,2490386,2490386,0,0,0,0,0,252.85728,252.85728,8091.433,8091.433,0.014925845,0.0008477514,3.4608113e-06,0.25431448,-0.15435098,-9.870894,0.013931335,0.001952213,0.0055599636,0.00010299683,0.00016498101,0.0009559297,2.6348341e-06,1.1312366e-06,4.1640936e-07,47.664673,47.664673
113195877,2490386,2490386,0,0,0,0,0,252.85728,252.85728,8091.433,8091.433,0.014153366,0.00082259235,3.3475596e-06,0.2532595,-0.15344894,-9.87247,0.013813923,0.002086223,0.0055002794,0.00015155,0.00020425307,0.00096243847,2.4115534e-06,5.201812e-07,3.847717e-07,47.687458,47.687458
114121312,2490386,2490386,0,0,0,0,0,252.85728,252.85728,8091.433,8091.433,0.014629128,0.00084118283,3.4305215e-06,0.25208157,-0.15355639,-9.872887,0.013753319,0.0020943773,0.0056157806,0.00014707046,0.00017753859,0.0010623779,2.814044e-06,4.5010856e-07,3.5130265e-07,47.664528,47.664528
115149630,2490386,2490386,0,0,0,0,0,252.85728,252.85728,8091.433,8091.433,0.014374911,0.00078720035,3.2003659e-06,0.25130814,-0.15449616,-9.878118,0.013781948,0.0020985964,0.0055301604,0.0001737035,0.000166606,0.0011750949,2.0753737e-06,6.4319124e-07,2.3735377e-07,47.68237,47.68237
116177854,2490386,2490386,0,0,0,0,0,252.85728,252.85728,8091.433,8091.433,0.01639566,0.0008483256,3.4980055e-06,0.25219032,-0.15018389,-9.875543,0.013627407,0.0020559828,0.005489012,0.00016883417,0.00012274527,0.0010505122,2.3697364e-06,1.000632e-06,2.3453403e-07,47.69776,47.69776
117103316,2490386,2490386,0,0,0,0,0,252.85728,252.85728,8091.433,8091.433,0.016184384,0.0008721778,3.649862e-06,0.2519584,-0.1524828,-9.870716,0.013773739,0.0021667606,0.0056432206,0.00019527017,0.00017534332,0.001145132,2.146887e-06,7.190627e-07,3.8134135e-07,47.69203,47.69203
118131685,2490386,2490386,0,0,0,0,0,252.85728,252.85728,8091.433,8091.433,0.015910234,0.00085670303,3.5836756e-06,0.253355,-0.15245625,-9.867839,0.01389997,0.0021050973,0.0055099954,0.00018639916,0.00016634319,0.00089327106,3.1390712e-06,3.95074e-07,2.7692633e-07,47.73602,47.73602
119159862,2490386,2490386,0,0,0,0,0,252.85728,252.85728,8091.433,8091.433,0.016550278,0.00088971073,3.757375e-06,0.25218284,-0.15309873,-9.869488,0.013596281,0.0021829007,0.005589928,0.00020380113,9.6960954e-05,0.0009862881,2.4761403e-06,8.766949e-07,2.942598e-07,47.7342,47.7342
120188139,2490386,2490386,0,0,0,0,0,252.85728,252.85728,8091.433,8091.433,0.0152925765,0.0008301913,3.4417683e-06,0.25234228,-0.15200432,-9.867371,0.013657254,0.002197127,0.005545564,0.00014877316,0.00015650743,0.0008531975,2.3647447e-06,6.180979e-07,3.1207952e-07,47.769478,47.769478
121113583,2490386,2490386,0,0,0,0,0,252.85728,252.85728,8091.433,8091.433,0.014164201,0.00083588844,3.394867e-06,0.2529981,-0.15248193,-9.869557,0.013629268,0.0022080757,0.00538457,0.00019404625,9.561975e-05,0.00085208996,2.1646965e-06,2.6978898e-07,3.616388e-07,47.775497,47.775497
122141870,2490386,2490386,0,0,0,0,0,252.85728,252.85728,8091.433,8091.433,0.014371904,0.0007901014,3.3057556e-06,0.25273678,-0.1521762,-9.870835,0.01355035,0.0020791946,0.005272336,0.00017797112,0.00015294543,0.0011172759,1.7213135e-06,6.9438255e-07,4.9368424e-07,47.77282,47.77282
123170146,2490386,2490386,0,0,0,0,0,252.85728,252.85728,8091.433,8091.433,0.014982243,0.00082342006,3.4094508e-06,0.25238833,-0.15332517,-9.867861,0.013669262,0.0021368298,0.005539145,0.00017234412,0.00014064132,0.0008977279,2.1946016e-06,7.8821114e-07,2.9897288e-07,47.79038,47.79038
124198508,2490386,2490386,0,0,0,0,0,252.85728,252.85728,8091.433,8091.433,0.016397338,0.00084238895,3.6351312e-06,0.25346383,-0.15407394,-9.869024,0.013613893,0.002187872,0.005521886,0.00021144038,0.00015808812,0.00096405204,2.1825047e-06,6.9162127e-07,2.6100955e-07,47.790813,47.790813
125123990,2490386,2490386,0,0,0,0,0,252.85728,252.85728,8091.433,8091.433,0.018187521,0.0009037484,3.844111e-06,0.2540068,-0.15149026,-9.870177,0.013486467,0.0020645743,0.005654589,0.00019199627,0.00012648005,0.0009795497,2.0743082e-06,6.3324205e-07,2.940229e-07,47.805477,47.805477
126152211,2490386,2490386,0,0,0,0,0,252.85728,252.85728,8091.433,8091.433,0.018008975,0.0009083883,3.7814764e-06,0.2532545,-0.1534596,-9.873031,0.01386782,0.0020859079,0.0055546374,0.00018010195,0.00013813352,0.0008142055,2.3107925e-06,6.0437276e-07,3.0303303e-07,47.82318,47.82318
127180438,2490386,2490386,0,0,0,0,0,252.85728,252.85728,8091.433,8091.433,0.01675204,0.00088037184,3.7744394e-06,0.24949983,-0.15402618,-9.872616,0.013647124,0.0022905273,0.0055559203,0.0001907027,0.0001455853,0.0008908388,2.3160685e-06,8.238086e-07,3.1124316e-07,47.811935,47.811935
128105874,2490386,2490386,0,0,0,0,0,252.85728,252.85728,8091.433,8091.433,0.018164907,0.0009231081,3.857851e-06,0.25323814,-0.15218443,-9.869165,0.013608316,0.0020208848,0.0054166242,0.00016250853,0.00012035587,0.0010882809,2.520308e-06,6.230447e-07,4.2162245e-07,47.829426,47.829426
129134341,2490386,2490386,0,0,0,0,0,252.85728,252.85728,8091.433,8091.433,0.019881763,0.00095285085,3.9624824e-06,0.24955557,-0.15295789,-9.870241,0.013394158,0.0021873442,0.0055233147,0.00016319954,8.0866426e-05,0.0010963159,2.6582175e-06,5.837165e-07,1.9941507e-07,47.841995,47.841995
130162557,2490386,2490386,0,0,0,0,0,252.85728,252.85728,8091.433,8091.433,0.018007396,0.00094274065,3.8205008e-06,0.25167635,-0.15382402,-9.870226,0.013729864,0.0021658284,0.005437297,0.0001959931,0.000121835394,0.0009030211,2.5717034e-06,6.3654846e-07,2.8649788e-07,47.85425,47.85425
131190824,2490386,2490386,0,0,0,0,0,252.85728,252.85728,8091.433,8091.433,0.015439599,0.0008358572,3.3475958e-06,0.25386456,-0.15456209,-9.8713,0.013817379,0.002099535,0.005451309,0.00020664699,0.00018065344,0.0009887674,2.2670895e-06,5.793129e-07,2.792798e-07,47.86572,47.86572
132116254,2490386,2490386,0,0,0,0,0,252.85728,252.85728,8091.433,8091.433,0.015294234,0.0008405119,3.4476636e-06,0.253165,-0.15021992,-9.869804,0.013638639,0.0020387128,0.0054734834,0.0002278176,0.00013502878,0.00096494507,2.5163856e-06,7.0896755e-07,4.2138302e-07,47.869778,47.869778
133144457,2490386,2490386,0,0,0,0,0,252.85728,252.85728,8091.433,8091.433,0.016952906,0.0008992697,3.7225352e-06,0.25176176,-0.1545787,-9.871623,0.0136931455,0.002256755,0.0053451327,0.00023602686,0.00014093121,0.00079488027,2.445714e-06,6.967029e-07,3.5686375e-07,47.88256,47.88256
134172732,2490386,2490386,0,0,0,0,0,252.85728,252.85728,8091.433,8091.433,0.016326116,0.00089140097,3.7893797e-06,0.25085405,-0.15416828,-9.872753,0.013794574,0.0021860087,0.0055596903,0.0001820395,0.000120796765,0.0009856954,3.4840548e-06,7.5612303e-07,2.8218042e-07,47.88778,47.88778
135201084,2490386,2490386,0,0,0,0,0,252.85728,252.85728,8091.433,8091.433,0.017891435,0.00092045066,3.9639713e-06,0.25201282,-0.15077658,-9.870204,0.013452774,0.0020244578,0.005742207,0.00019631788,0.00012937484,0.0010040273,2.8495351e-06,6.482376e-07,4.0758655e-07,47.91834,47.91834
136126563,2490386,2490386,0,0,0,0,0,252.85728,252.85728,8091.433,8091.433,0.018303715,0.0009653125,4.0994773e-06,0.2523345,-0.15313084,-9.872859,0.013785166,0.002144082,0.005611054,0.00018218896,0.00015520249,0.0009544287,2.248243e-06,7.689421e-07,3.6653537e-07,47.903236,47.903236
137154749,2490386,2490386,0,0,0,0,0,252.85728,252.85728,8091.433,8091.433,0.017529387,0.000868175,3.681497e-06,0.25197923,-0.15176298,-9.868315,0.013695201,0.0020892394,0.0057380395,0.00020393089,0.00014139806,0.0011230691,2.21247e-06,6.088249e-07,2.2117725e-07,47.91544,47.91544
138183108,2490386,2490386,0,0,0,0,0,252.85728,252.85728,8091.433,8091.433,0.016335137,0.0008800099,3.6658885e-06,0.25384057,-0.15075332,-9.867525,0.01359881,0.002095363,0.0054900255,0.00020261393,0.000104963605,0.000879361,2.1825342e-06,7.177543e-07,3.9131635e-07,47.94207,47.94207
139108477,2490386,2490386,0,0,0,0,0,252.85728,252.85728,8091.433,8091.433,0.0151176015,0.00082309655,3.4942861e-06,0.2519034,-0.15497208,-9.87291,0.013660629,0.002259606,0.0054760347,0.00017218111,0.00013187563,0.0010276462,3.5471828e-06,5.832708e-07,3.9031016e-07,47.94519,47.94519
140136761,2490386,2490386,0,0,0,0,0,252.85728,252.85728,8091.433,8091.433,0.014720075,0.0008185943,3.429622e-06,0.2521112,-0.15132296,-9.869019,0.01352515,0.0021770964,0.0056127305,0.000137063,0.00010174635,0.0012765767,2.1952474e-06,6.6368113e-07,4.0812168e-07,47.960144,47.960144
141165122,2490386,2490386,0,0,0,0,0,252.85728,252.85728,8091.433,8091.433,0.015070342,0.00083978847,3.597283e-06,0.25035447,-0.15143885,-9.873836,0.01352581,0.002032765,0.0054537575,0.00022879447,0.00013689799,0.001127462,3.0674264e-06,8.7691785e-07,2.5523715e-07,47.960213,47.960213
142193329,2490386,2490386,0,0,0,0,0,252.85728,252.85728,8091.433,8091.433,0.01573161,0.000862849,3.6661818e-06,0.25278607,-0.15203166,-9.873575,0.013644361,0.0021914574,0.0054154606,0.0001487653,0.00015120061,0.0008820764,3.0901926e-06,3.387342e-07,4.0344253e-07,47.964424,47.964424
143118781,2490386,2490386,0,0,0,0,0,252.85728,252.85728,8091.433,8091.433,0.015007248,0.0008678299,3.490553e-06,0.2517794,-0.15033638,-9.871163,0.013489487,0.0020243027,0.0054579577,0.00017524732,0.00015329747,0.0009495847,3.0788867e-06,6.8614236e-07,4.0412013e-07,47.97146,47.97146
144147107,2490386,2490386,0,0,0,0,0,252.85728,252.85728,8091.433,8091.433,0.014870363,0.0008216987,3.5127505e-06,0.25445554,-0.15141201,-9.875817,0.013636656,0.0021998044,0.005704791,0.00014036364,0.00011684661,0.0009182399,2.5210268e-06,5.2634107e-07,3.4663825e-07,47.99121,47.99121
145175429,2490386,2490386,0,0,0,0,0,252.85728,252.85728,8091.433,8091.433,0.016997341,0.0008794988,3.7099642e-06,0.251212,-0.15004316,-9.873093,0.0136245815,0.0021951199,0.0055253003,0.00019592313,8.539842e-05,0.0009815329,2.003102e-06,6.236527e-07,3.460719e-07,47.99302,47.99302
146203716,2490386,2490386,0,0,0,0,0,252.85728,252.85728,8091.433,8091.433,0.016371546,0.0008888357,3.7061018e-06,0.25123066,-0.15087944,-9.871735,0.013540043,0.0020795206,0.0053868107,0.00019538697,9.651054e-05,0.00094142056,2.5824802e-06,7.917292e-07,2.9706655e-07,48.01392,48.01392
147129175,2490386,2490386,0,0,0,0,0,252.85728,252.85728,8091.433,8091.433,0.019262549,0.0009801617,4.1814515e-06,0.25254333,-0.15385984,-9.874724,0.013638173,0.0020910904,0.0055064503,0.0002304849,0.00014119127,0.00097645604,2.328486e-06,6.883151e-07,2.8065077e-07,48.006443,48.006443
148157415,2490386,2490386,0,0,0,0,0,252.85728,252.85728,8091.433,8091.433,0.018662317,0.00092206395,3.8994826e-06,0.25154474,-0.15147382,-9.877924,0.013649591,0.0022084992,0.0056941546,0.00017756136,0.0001345551,0.00086187903,2.0636678e-06,6.686814e-07,3.011447e-07,48.013706,48.013706
149185657,2490386,2490386,0,0,0,0,0,252.85728,252.85728,8091.433,8091.433,0.01820185,0.00089925365,3.8948733e-06,0.25176635,-0.14970711,-9.874972,0.013638151,0.002157583,0.0056729177,0.00014736627,9.719902e-05,0.00092983316,2.056361e-06,6.64526e-07,3.271238e-07,48.020027,48.020027
150111185,2490386,2490386,0,0,0,0,0,252.85728,252.85728,8091.433,8091.433,0.020920197,0.0009991855,4.3318682e-06,0.24920179,-0.1507783,-9.876169,0.0136110345,0.0022559802,0.0053690686,0.00022580671,0.00018196786,0.00094148726,2.5493725e-06,6.7631225e-07,3.6800807e-07,48.03389,48.03389
151139404,2490386,2490386,0,0,0,0,0,252.85728,252.85728,8091.433,8091.433,0.018289534,0.0009006624,3.867681e-06,0.25019392,-0.1496595,-9.875366,0.0135572655,0.002165348,0.0055300067,0.00017482255,0.000104027735,0.0010617487,2.2799636e-06,9.728531e-07,4.6787002e-07,48.03969,48.03969
152167882,2490386,2490386,0,0,0,0,0,252.85728,252.85728,8091.433,8091.433,0.01665908,0.0008861306,3.6802362e-06,0.25153697,-0.15278606,-9.8720875,0.013447751,0.002208934,0.0054046405,0.00018457128,0.00011433025,0.0010722763,1.9323347e-06,7.896281e-07,2.4931083e-07,48.045273,48.045273
153195978,2490386,2490386,0,0,0,0,0,252.85728,252.85728,8091.433,8091.433,0.01776476,0.00091126136,3.905541e-06,0.2541153,-0.15415831,-9.874533,0.013659782,0.0021508152,0.005521023,0.00020903815,0.00010417246,0.0010114798,2.1469605e-06,5.755519e-07,2.9928438e-07,48.0574,48.0574
154121429,2490386,2490386,0,0,0,0,0,252.85728,252.85728,8091.433,8091.433,0.017633036,0.0008935598,3.8260932e-06,0.2500902,-0.15052651,-9.871171,0.013627313,0.0021177072,0.0054765297,0.00020741562,0.00016616094,0.0010050933,2.8007876e-06,6.0673983e-07,4.2277128e-07,48.06459,48.06459
155149743,2490386,2490386,0,0,0,0,0,252.85728,252.85728,8091.433,8091.433,0.018085994,0.0009085439,3.938018e-06,0.25106993,-0.1492327,-9.872757,0.013434673,0.0021535468,0.0056191613,0.00022219853,0.00012970316,0.0007828635,2.8523439e-06,3.6632719e-07,3.1016992e-07,48.085274,48.085274
156178009,2490386,2490386,0,0,0,0,0,252.85728,252.85728,8091.433,8091.433,0.017375356,0.0009182097,3.89745e-06,0.25108472,-0.15179048,-9.874268,0.013850402,0.0021662577,0.0055513005,0.00019860927,0.00013856975,0.0009311458,2.517503e-06,9.586138e-07,2.477363e-07,48.083015,48.083015
157103458,2490386,2490386,0,0,0,0,0,252.85728,252.85728,8091.433,8091.433,0.016195385,0.0008686355,3.7460286e-06,0.2518164,-0.15256098,-9.874328,0.013800211,0.002245883,0.0053786878,0.00020933701,0.00013386918,0.0009920846,2.268815e-06,6.113722e-07,3.5031823e-07,48.09151,48.09151
158131924,2490386,2490386,0,0,0,0,0,252.85728,252.85728,8091.433,8091.433,0.017523546,0.00088137237,3.826313e-06,0.25211364,-0.1495103,-9.869473,0.0137272915,0.0021409872,0.0054997536,0.00015898424,0.0001534601,0.00095375156,2.7108542e-06,7.6306975e-07,3.610426e-07,48.098915,48.098915
159160054,2490386,2490386,0,0,0,0,0,252.85728,252.85728,8091.433,8091.433,0.017956492,0.0009085648,3.8067074e-06,0.25212303,-0.15262538,-9.875204,0.013511785,0.002125936,0.0055985157,0.00021223322,0.00018458528,0.00086257554,2.3534799e-06,7.185349e-07,1.8190352e-07,48.10007,48.10007
160188386,2490386,2490386,0,0,0,0,0,252.85728,252.85728,8091.433,8091.433,0.016503345,0.00086900045,3.6660044e-06,0.2518954,-0.14950337,-9.874196,0.013689402,0.0022071656,0.005638149,0.00021047961,0.00013385918,0.0011438276,1.9301626e-06,5.5884107e-07,5.2754103e-07,48.119675,48.119675
161113793,2490386,2490386,0,0,0,0,0,252.85728,252.85728,8091.433,8091.433,0.014852969,0.0007858316,3.312601e-06,0.25212067,-0.15255609,-9.873521,0.013744814,0.0021030009,0.005644771,0.00017810361,9.5621916e-05,0.001093142,1.1482842e-06,4.809558e-07,3.104399e-07,48.122864,48.122864
162142070,2490386,2490386,0,0,0,0,0,252.85728,252.85728,8091.433,8091.433,0.015529687,0.00081900024,3.4081534e-06,0.25355002,-0.1526027,-9.874182,0.013709508,0.0022599108,0.0053086863,0.00013077894,0.0001352836,0.0010767332,1.6692217e-06,5.05553e-07,3.1682669e-07,48.11873,48.11873
163170364,2490386,2490386,0,0,0,0,0,252.85728,252.85728,8091.433,8091.433,0.017651347,0.00088411616,3.670403e-06,0.25158852,-0.15027617,-9.87699,0.013641631,0.0023518386,0.0053819316,0.00020158273,0.00011037437,0.0010769459,2.6857833e-06,7.656217e-07,3.4158063e-07,48.11757,48.11757
164198738,2490386,2490386,0,0,0,0,0,252.85728,252.85728,8091.433,8091.433,0.019607719,0.0009492411,4.083859e-06,0.25203508,-0.15230183,-9.875065,0.01372015,0.0020841358,0.00537784,0.00026391196,0.00013006949,0.00087897555,2.0681211e-06,5.356963e-07,2.5681024e-07,48.145943,48.145943
165124264,2490386,2490386,0,0,0,0,0,252.85728,252.85728,8091.433,8091.433,0.019609919,0.00093801535,3.916881e-06,0.25153047,-0.15193403,-9.87892,0.013486431,0.0022017418,0.00539716,0.00015119443,0.000110275534,0.0009226773,2.0996736e-06,6.049658e-07,3.2156083e-07,48.14355,48.14355
166152421,2490386,2490386,0,0,0,0,0,252.85728,252.85728,8091.433,8091.433,0.019728687,0.0009595116,4.077092e-06,0.25136468,-0.15056342,-9.87655,0.013492152,0.0022190632,0.005462695,0.0001856259,0.000114983784,0.0009239129,2.2319234e-06,8.2795543e-07,2.726233e-07,48.1408,48.1408
167180686,2490386,2490386,0,0,0,0,0,252.85728,252.85728,8091.433,8091.433,0.019784737,0.00094810524,4.030142e-06,0.25078312,-0.15152808,-9.874563,0.013515241,0.0023443212,0.0054947166,0.00016711668,9.9832156e-05,0.0009819232,2.2073914e-06,8.199821e-07,2.687096e-07,48.165474,48.165474
168106140,2490386,2490386,0,0,0,0,0,252.85728,252.85728,8091.433,8091.433,0.020181198,0.00095469464,3.977732e-06,0.25168592,-0.14974757,-9.873261,0.013623727,0.0022106078,0.0054818303,0.00019440043,0.00016984894,0.0009835268,2.263346e-06,5.459418e-07,3.34309e-07,48.173603,48.173603
169134470,2490386,2490386,0,0,0,0,0,252.85728,252.85728,8091.433,8091.433,0.01899079,0.0009462582,4.0526884e-06,0.25122592,-0.14896388,-9.876993,0.013617175,0.002057914,0.0055355206,0.00017760319,9.880785e-05,0.00092913705,1.8260575e-06,8.4938387e-07,4.7477232e-07,48.172283,48.172283
170162735,2490386,2490386,0,0,0,0,0,252.85728,252.85728,8091.433,8091.433,0.020049552,0.0009857032,4.2630954e-06,0.2526369,-0.15164554,-9.873126,0.013498239,0.002137935,0.0055723134,0.00020438991,6.083206e-05,0.00093924016,2.4795413e-06,7.3544373e-07,2.9223287e-07,48.168377,48.168377
171191070,2490386,2490386,0,0,0,0,0,252.85728,252.85728,8091.433,8091.433,0.018898143,0.00092753954,3.8814733e-06,0.25288165,-0.15340927,-9.874859,0.013579498,0.0021217817,0.0054022674,0.00018704351,9.61174e-05,0.00094779243,1.5561459e-06,7.492319e-07,3.5200404e-07,48.178688,48.178688
172116475,2490386,2490386,0,0,0,0,0,252.85728,252.85728,8091.433,8091.433,0.019101348,0.00089357735,3.7687707e-06,0.25060317,-0.15177976,-9.875665,0.013580582,0.0020812778,0.0056313034,0.00018581774,6.746582e-05,0.000905213,2.1841615e-06,5.106531e-07,3.4915035e-07,48.206844,48.206844
173144784,2490386,2490386,0,0,0,0,0,252.85728,252.85728,8091.433,8091.433,0.016759025,0.00085681124,3.586314e-06,0.25345048,-0.149914,-9.872066,0.0134383375,0.0021482664,0.0054496173,0.00017544336,0.00013292125,0.0010152047,1.9718689e-06,5.167913e-07,2.3371263e-07,48.2088,48.2088
174173055,2490386,2490386,0,0,0,0,0,252.85728,252.85728,8091.433,8091.433,0.01770478,0.0009268066,3.9433744e-06,0.2522067,-0.14871968,-9.876945,0.013539862,0.0021883284,0.0053133033,0.00019571921,0.00012410848,0.0010244098,2.4568863e-06,7.498339e-07,4.084827e-07,48.196533,48.196533
175201361,2490386,2490386,0,0,0,0,0,252.85728,252.85728,8091.433,8091.433,0.018171271,0.0009216942,3.871251e-06,0.25145346,-0.14963453,-9.874793,0.013720508,0.002127469,0.005539073,0.00018450565,0.00016268138,0.00092655444,2.0270031e-06,7.6870526e-07,3.437214e-07,48.21729,48.21729
176127066,2490386,2490386,0,0,0,0,0,252.85728,252.85728,8091.433,8091.433,0.016617347,0.00084638596,3.6933752e-06,0.25149265,-0.15153815,-9.872728,0.013539568,0.002212354,0.0054753413,0.00018190758,0.00013499794,0.001026613,1.8851097e-06,6.8167896e-07,3.0720105e-07,48.2289,48.2289
177155117,2490386,2490386,0,0,0,0,0,252.85728,252.85728,8091.433,8091.433,0.017060058,0.0008588529,3.68216e-06,0.25263116,-0.15142095,-9.873619,0.013604982,0.0021418135,0.0054758326,0.00025962025,0.000112859736,0.00094960805,2.2091347e-06,7.32329e-07,3.752378e-07,48.22767,48.22767
178183462,2490386,2490386,0,0,0,0,0,252.85728,252.85728,8091.433,8091.433,0.016926005,0.00086514745,3.6040487e-06,0.25063545,-0.14988026,-9.872516,0.013633351,0.0022012477,0.0055285976,0.00021542821,0.00013190454,0.0011847694,2.1284272e-06,4.3389971e-07,2.8474216e-07,48.257645,48.257645
179108870,2490386,2490386,0,0,0,0,0,252.85728,252.85728,8091.433,8091.433,0.016218279,0.0008507304,3.5799217e-06,0.2527324,-0.15073326,-9.869476,0.013552855,0.0022612165,0.0053250487,0.0001404104,0.00018102954,0.0011885883,1.8347913e-06,4.8113975e-07,3.1679022e-07,48.23631,48.23631
180137158,2490386,2490386,0,0,0,0,0,252.85728,252.85728,8091.433,8091.433,0.016232345,0.00087017764,3.707693e-06,0.25292197,-0.15217221,-9.871415,0.013392729,0.0022107249,0.0056181466,0.00016743186,9.813707e-05,0.0012742947,2.4906913e-06,8.161681e-07,3.3232098e-07,48.27456,48.27456
181165558,2490386,2490386,0,0,0,0,0,252.85728,252.85728,8091.433,8091.433,0.0160877,0.0008602776,3.6770637e-06,0.25257915,-0.14831918,-9.871384,0.013498215,0.0021752422,0.005451037,0.00022045271,0.00011095613,0.0009687662,3.120791e-06,3.2471758e-07,2.7377376e-07,48.262005,48.262005
182193736,2490386,2490386,0,0,0,0,0,252.85728,252.85728,8091.433,8091.433,0.016737903,0.00089720794,3.8325725e-06,0.25107422,-0.14996792,-9.873369,0.013582365,0.0021602483,0.005629696,0.00021474213,9.989513e-05,0.0009788475,2.7074839e-06,5.870523e-07,4.513705e-07,48.26323,48.26323
183119208,2490386,2490386,0,0,0,0,0,252.85728,252.85728,8091.433,8091.433,0.019613389,0.0009919659,4.1316675e-06,0.253681,-0.15172307,-9.877263,0.01339033,0.002304689,0.005364342,0.00019597975,0.00014384107,0.000728893,1.9006629e-06,5.4578646e-07,3.8917253e-07,48.27492,48.27492
184147613,2490386,2490386,0,0,0,0,0,252.85728,252.85728,8091.433,8091.433,0.019860903,0.0009165753,3.9723213e-06,0.25217548,-0.15116255,-9.877226,0.013400692,0.0022363134,0.005573779,0.00025721098,8.9998044e-05,0.0010248487,1.4207561e-06,1.0158718e-06,1.9767982e-07,48.28174,48.28174
185175785,2490386,2490386,0,0,0,0,0,252.85728,252.85728,8091.433,8091.433,0.020083504,0.0009564858,4.3038826e-06,0.25130802,-0.15001239,-9.879341,0.013517021,0.002196023,0.0056642694,0.0002502084,0.00012846773,0.00096333295,1.6652816e-06,8.356304e-07,3.8340826e-07,48.266655,48.266655
186204085,2490386,2490386,0,0,0,0,0,252.85728,252.85728,8091.433,8091.433,0.019849904,0.0009473619,4.0434084e-06,0.25264987,-0.14946784,-9.87719,0.013213237,0.002119793,0.0054509738,0.00023016531,0.00013894413,0.0011240426,2.3252787e-06,6.0998946e-07,5.527362e-07,48.27805,48.27805
187129557,2490386,2490386,0,0,0,0,0,252.85728,252.85728,8091.433,8091.433,0.01988264,0.0009385783,4.0587825e-06,0.2532711,-0.15152018,-9.876172,0.013789685,0.0021114473,0.005614965,0.00022465056,5.5245848e-05,0.0010275347,2.1557164e-06,5.951483e-07,4.1147277e-07,48.287266,48.287266
188157859,2490386,2490386,0,0,0,0,0,252.85728,252.85728,8091.433,8091.433,0.017912598,0.0009248571,3.864489e-06,0.2523767,-0.1513066,-9.877209,0.013644167,0.0021948414,0.005576134,0.00022665357,0.00012299318,0.0011663031,2.3902055e-06,5.5495804e-07,3.8298634e-07,48.312008,48.312008
189186139,2490386,2490386,0,0,0,0,0,252.85728,252.85728,8091.433,8091.433,0.01714088,0.00089320866,3.856643e-06,0.2513119,-0.15022792,-9.874748,0.013527611,0.0022598,0.005539266,0.00017179262,0.000100058285,0.0009587882,2.5255263e-06,5.5329053e-07,2.9590953e-07,48.32703,48.32703
190111592,2490386,2490386,0,0,0,0,0,252.85728,252.85728,8091.433,8091.433,0.018588854,0.0009099485,3.958307e-06,0.25283945,-0.15171598,-9.875436,0.01352112,0.002115883,0.005690356,0.00018468036,8.166031e-05,0.0010860105,1.4945931e-06,9.1357026e-07,2.565992e-07,48.328922,48.328922
191139892,2490386,2490386,0,0,0,0,0,252.85728,252.85728,8091.433,8091.433,0.017498668,0.00087893324,3.6717288e-06,0.25119823,-0.15121065,-9.8753605,0.01350764,0.002160564,0.005473555,0.00017485599,0.00010035393,0.0009311476,2.0319912e-06,8.4331106e-07,2.7712446e-07,48.32986,48.32986
192168199,2490386,2490386,0,0,0,0,0,252.85728,252.85728,8091.433,8091.433,0.01701161,0.00089912774,3.8937073e-06,0.2512547,-0.15229683,-9.873794,0.0136419535,0.0021245873,0.005450116,0.00017684024,9.4879375e-05,0.0011861854,2.338325e-06,5.75612e-07,5.592399e-07,48.369198,48.369198
193196565,2490386,2490386,0,0,0,0,0,252.85728,252.85728,8091.433,8091.433,0.017137041,0.00089843775,3.939343e-06,0.2508348,-0.15008081,-9.873075,0.013596363,0.0021989332,0.0054733646,0.00017301102,0.00016385983,0.0009840046,2.6391638e-06,6.7045977e-07,2.384173e-07,48.374935,48.374935
194122055,2490386,2490386,0,0,0,0,0,252.85728,252.85728,8091.433,8091.433,0.018737135,0.0009087259,3.9273673e-06,0.2508225,-0.15187974,-9.876458,0.013668223,0.0023861008,0.005525106,0.00018908478,0.00012421518,0.00091491354,1.8702439e-06,6.331692e-07,2.6861176e-07,48.36608,48.36608
195150246,2490386,2490386,0,0,0,0,0,252.85728,252.85728,8091.433,8091.433,0.019990508,0.00094114814,3.9085744e-06,0.25010046,-0.15120935,-9.874511,0.013281927,0.0020682178,0.0054931273,0.0002776278,0.00016652622,0.0009835808,1.9095355e-06,4.4309942e-07,3.0544348e-07,48.36703,48.36703
196178577,2490386,2490386,0,0,0,0,0,252.85728,252.85728,8091.433,8091.433,0.018502606,0.00086797384,3.6124206e-06,0.25019425,-0.15268697,-9.873427,0.013572228,0.0021172161,0.005530892,0.00016685331,0.00011414725,0.0010838024,1.8611665e-06,6.2151815e-07,2.833812e-07,48.376976,48.376976
197104140,2490386,2490386,0,0,0,0,0,252.85728,252.85728,8091.433,8091.433,0.017233001,0.0008713664,3.7187817e-06,0.25008193,-0.15046518,-9.874896,0.013685365,0.002411734,0.005510956,0.00015002185,0.000103689024,0.0010097893,2.5328575e-06,5.5490386e-07,3.0603726e-07,48.379005,48.379005
198132389,2490386,2490386,0,0,0,0,0,252.85728,252.85728,8091.433,8091.433,0.016498022,0.0008789119,3.76065e-06,0.2513685,-0.14840999,-9.875156,0.01373886,0.002186818,0.005571861,0.00020820538,0.0001681832,0.0008652322,2.702383e-06,7.207516e-07,3.1886094e-07,48.38887,48.38887
199160592,2490386,2490386,0,0,0,0,0,252.85728,252.85728,8091.433,8091.433,0.01692047,0.0008581621,3.6860636e-06,0.24824475,-0.15189941,-9.876769,0.013461694,0.0021935506,0.005554527,0.00019465857,0.00014510375,0.0009834929,2.22509e-06,9.500908e-07,4.0679458e-07,48.401497,48.401497
200188887,2490386,2490386,0,0,0,0,0,252.85728,252.85728,8091.433,8091.433,0.01674637,0.0008813421,3.7610275e-06,0.25208265,-0.1517766,-9.874947,0.013464246,0.0020554133,0.005582711,0.00019342803,0.00011096051,0.0010099869,2.46195e-06,5.049057e-07,3.088181e-07,48.4187,48.4187
201114450,2490386,2490386,0,0,0,0,0,252.85728,252.85728,8091.433,8091.433,0.0177403,0.0009337734,3.9336014e-06,0.24873963,-0.15051815,-9.8767605,0.013598357,0.0021422368,0.0054603056,0.000203511,0.00014738801,0.00087078376,2.5626186e-06,9.087992e-07,2.6853112e-07,48.42429,48.42429
202142656,2490386,2490386,0,0,0,0,0,252.85728,252.85728,8091.433,8091.433,0.017474761,0.0009426088,4.0573386e-06,0.24954481,-0.14953434,-9.876953,0.013573645,0.0021404002,0.0055949246,0.00019830404,0.00014405313,0.0011155767,2.4507565e-06,5.599097e-07,4.9666255e-07,48.418705,48.418705
203170954,2490386,2490386,0,0,0,0,0,252.85728,252.85728,8091.433,8091.433,0.018097479,0.0009097609,3.8378616e-06,0.24931863,-0.14976697,-9.872867,0.013589634,0.002316252,0.0053639268,0.00018553332,0.00015401107,0.00088683906,1.8006924e-06,5.477224e-07,3.1066614e-07,48.430893,48.430893
204199293,2490386,2490386,0,0,0,0,0,252.85728,252.85728,8091.433,8091.433,0.018023659,0.00093331124,3.9529777e-06,0.25180727,-0.15045208,-9.873549,0.013546566,0.0023373745,0.005493479,0.00020597428,0.00011294461,0.00087822945,2.1746532e-06,8.4010117e-07,3.3015434e-07,48.441856,48.441856
205124869,2490386,2490386,0,0,0,0,0,252.85728,252.85728,8091.433,8091.433,0.017018907,0.0008950524,3.8589383e-06,0.25281683,-0.1512236,-9.874978,0.0136331525,0.0021435535,0.0055592223,0.00020836035,9.660721e-05,0.000896653,2.475707e-06,4.6415357e-07,5.441139e-07,48.465733,48.465733
206153018,2490386,2490386,0,0,0,0,0,252.85728,252.85728,8091.433,8091.433,0.017535226,0.0009160757,3.947696e-06,0.25302416,-0.15168639,-9.877207,0.013817516,0.002354147,0.005419009,0.00023046069,0.00011179693,0.0009116103,2.2087918e-06,8.7506703e-07,3.9595542e-07,48.46116,48.46116
207181400,2490386,2490386,0,0,0,0,0,252.85728,252.85728,8091.433,8091.433,0.019603988,0.0009490467,4.1184135e-06,0.25087908,-0.15981516,-9.875387,0.013356981,0.0022639176,0.0057374337,0.00024653977,0.0018993503,0.0011860669,2.0528823e-06,7.6094636e-07,1.1401675e-06,48.447952,48.447952
208106785,2490386,2490386,0,0,0,0,0,252.85728,252.85728,8091.433,8091.433,0.43201306,0.046247754,0.001137271,0.25421867,-0.17403993,-9.875743,0.011028317,-0.00030015936,0.004566153,0.008908294,0.17854248,0.15609226,0.0041413303,0.00031212714,0.00017793821,48.469795,48.469795
209135178,2490386,2490386,0,0,0,0,0,252.85728,252.85728,8091.433,8091.433,0.3938554,0.037379425,0.0005920896,0.25712472,-0.14843285,-9.967781,0.012029807,0.0017442483,0.0057218587,0.014192598,0.21244971,0.09750604,0.0012926944,0.0009805361,0.00013298738,48.165405,48.165405
210163368,2490386,2490386,0,0,0,0,0,252.85728,252.85728,8091.433,8091.433,1.1319339,0.10821282,0.010216203,0.010198385,0.10721663,-13.91468,-0.046436545,-0.0938345,-0.03037147,0.39245248,0.38906392,9.867858,0.037093446,0.0125349695,0.0014069044,48.039547,48.039547
211191707,2490386,2490386,0,0,0,0,0,252.85728,252.85728,8091.433,8091.433,4.3835616,0.57640433,0.14031947,0.17829303,0.401453,-9.483569,0.059285045,-0.015917987,-0.027539084,0.21392745,14.402141,26.20731,0.41896135,0.097105145,0.0429715,47.73246,47.73246
212117087,2490386,2490386,0,0,0,0,0,252.85728,252.85728,8091.433,8091.433,7.437336,0.7874481,0.4536005,0.2965277,0.37431234,-13.01857,0.11303449,0.11281218,-0.08690617,0.41214836,48.94238,17.109018,0.13439918,0.33284357,0.18682232,47.512688,47.512688
213145356,2490386,2490386,0,0,0,0,0,252.85728,252.85728,8091.433,8091.433,4.500513,0.4764308,0.15497677,0.049409002,-0.41062096,-9.233428,0.06665084,-0.06260144,0.0068900366,0.34100002,17.604984,16.029625,0.08343799,0.1517733,0.058196105,47.38836,47.38836
214173621,2490386,2490386,0,0,0,0,0,252.85728,252.85728,8091.433,8091.433,5.1510158,0.55985814,0.21228057,0.2847141,0.6395932,-12.592616,0.011961095,0.030535279,-0.064461224,1.1313102,60.704906,26.5549,0.25740388,0.48405328,0.21366711,47.330147,47.330147
215201879,2490386,2490386,0,0,0,0,0,252.85728,252.85728,8091.433,8091.433,2.9550617,0.30904168,0.058210418,0.11216929,0.038782902,-9.579138,-0.015857724,0.029553564,0.011738718,0.14847066,0.6880209,4.010104,0.018437061,0.010243279,0.0009087235,47.159153,47.159153
216127405,2490386,2490386,0,0,0,0,0,252.85728,252.85728,8091.433,8091.433,2.9684472,0.27991533,0.013449015,0.06710682,0.037199743,-9.760431,0.008857257,0.017385472,0.015895763,-0.19054477,2.0986083,21.101276,0.18781559,0.001100734,0.002733894,47.069084,47.069084
217155557,2490386,2490386,0,0,0,0,0,252.85728,252.85728,8091.433,8091.433,2.6687553,0.2514724,0.0071279174,0.06830174,0.058659352,-10.080623,-0.0077817333,-0.0094017405,-0.034829497,-0.048601437,1.3876303,8.20537,0.0847061,0.0005380764,0.001663746,46.953606,46.953606
218183839,2490386,2490386,0,0,0,0,0,252.85728,252.85728,8091.433,8091.433,2.6246486,0.2714117,0.011019848,0.0873109,0.057205707,-10.265061,0.041152526,0.01015791,-0.007843658,-0.019434683,0.84444916,4.319138,0.05810901,0.0014963535,0.0010286692,46.93444,46.93444
219109327,2490386,2490386,0,0,0,0,0,252.85728,252.85728,8091.433,8091.433,2.4504936,0.22752765,0.009301416,0.13202466,-0.039071165,-12.666008,0.052126646,-0.021115711,-0.020118017,-0.027165892,0.97282344,9.134036,0.057148222,0.0017608093,0.0011524094,46.962967,46.962967
220137525,2490386,2490386,0,0,0,0,0,252.85728,252.85728,8091.433,8091.433,2.340434,0.23229787,0.013295743,0.09631252,-0.022831256,-9.981955,-0.004267895,-0.06433109,0.0018119653,0.010444404,0.7379017,1.2304095,0.046447728,0.0015214302,0.0007285017,46.87885,46.87885
221165834,2490386,2490386,0,0,0,0,0,252.85728,252.85728,8091.433,8091.433,2.2634234,0.20907055,0.082792364,0.006591527,0.13520394,-9.873935,-0.05779593,0.008957204,0.47959268,-0.0124001745,0.38908055,3.3680162,0.030923085,0.0006996605,0.009623657,46.87239,46.87239
222194005,2490386,2490386,0,0,0,0,0,252.85728,252.85728,8091.433,8091.433,2.5962565,0.2287538,0.032239906,0.040839735,0.024733962,-9.967719,0.042167205,0.06746427,-0.014919933,-0.13786943,1.8563622,17.019205,0.12122247,0.0013942793,0.0020520866,46.76286,46.76286
223119421,2490386,2490386,0,0,0,0,0,252.85728,252.85728,8091.433,8091.433,2.566364,0.2670574,0.009471903,0.064158835,0.033786878,-10.081402,0.058203597,-0.0024545952,0.011866018,-0.025690038,1.9124948,11.670296,0.16576199,0.00086209073,0.0024835833,46.633816,46.633816
224147661,2490386,2490386,0,0,0,0,0,252.85728,252.85728,8091.433,8091.433,2.4029167,0.26048806,0.0067185885,0.068957634,0.013237445,-9.377539,-0.041303582,0.021732323,0.014642595,0.018393034,0.6596534,1.1274097,0.049780175,0.0010318917,0.0008920868,46.60805,46.60805
225175922,2490386,2490386,0,0,0,0,0,252.85728,252.85728,8091.433,8091.433,2.4620664,0.25627285,0.011254001,0.06900662,0.05837022,-10.066757,-0.006894164,0.06272897,0.012449195,-0.1695798,1.4630091,17.035875,0.18963507,0.0004535739,0.0028027198,46.568134,46.568134
226204148,2490386,2490386,0,0,0,0,0,252.85728,252.85728,8091.433,8091.433,2.4592948,0.26097068,0.0065573426,0.09574578,-0.023054173,-9.8757305,0.07543292,-0.005584383,0.0054273033,-0.031566203,1.1922812,6.3074236,0.11987766,0.0014545583,0.0018951384,46.48017,46.48017
227129553,2490386,2490386,0,0,0,0,0,252.85728,252.85728,8091.433,8091.433,2.5498545,0.2581056,0.007213072,0.085414894,0.0015554724,-9.839278,0.0006211528,0.008454975,-0.0118679525,-0.03132594,1.3464849,6.1196365,0.08934619,0.002391506,0.0015080376,46.292843,46.292843
228157826,2490386,2490386,0,0,0,0,0,252.85728,252.85728,8091.433,8091.433,2.5390964,0.21798584,0.008690074,0.08591019,0.09742281,-10.118448,0.06251337,-0.0052710427,-0.010346086,-0.049501095,1.312246,8.977547,0.08961299,0.0013965233,0.001464255,46.01457,46.01457
229186019,2490386,2490386,0,0,0,0,0,252.85728,252.85728,8091.433,8091.433,2.303446,0.23298983,0.009653728,0.09227045,0.13570917,-10.222985,0.094196536,0.026471574,0.004916355,0.009765034,1.7864264,8.353466,0.16419156,0.0016061057,0.0025054365,45.878548,45.878548
230111486,2490386,2490386,0,0,0,0,0,252.85728,252.85728,8091.433,8091.433,2.276062,0.22667496,0.013668667,0.09460506,-0.018389527,-9.968028,-0.057014357,0.0040474567,0.039574593,-0.08252634,1.2218596,10.0141115,0.07406783,0.00096313807,0.0013237204,45.944378,45.944378
231139630,2490386,2490386,0,0,0,0,0,252.85728,252.85728,8091.433,8091.433,2.7223868,0.24349205,0.03155712,-0.024201997,0.0675454,-10.052387,-0.030203057,0.11732767,0.021300144,-0.17007217,1.6182988,16.568867,0.09904244,0.0005117913,0.0015776611,46.096725,46.096725
232167945,2490386,2490386,0,0,0,0,0,252.85728,252.85728,8091.433,8091.433,2.4766781,0.26408765,0.017824339,-0.07056148,0.0035412305,-9.770137,-0.018218921,0.019602697,0.012809361,-0.0707246,1.1498592,10.713084,0.10270687,0.0009015044,0.0017610777,45.907078,45.907078
233196174,2490386,2490386,0,0,0,0,0,252.85728,252.85728,8091.433,8091.433,2.666715,0.252388,0.092020676,-0.019554593,0.035660177,-10.443903,0.0001395812,0.7540768,0.01947489,-0.10655613,2.1845448,13.927841,0.13710868,0.01627387,0.00243719,45.872818,45.872818
234121495,2490386,2490386,0,0,0,0,0,252.85728,252.85728,8091.433,8091.433,2.6980655,0.2520803,0.06266072,0.122861035,0.0019760933,-10.263966,0.51258755,-0.09893282,0.010237449,-0.14998825,2.8891287,17.839464,0.1775291,0.0035633245,0.00282852,45.799953,45.799953
235149800,2490386,2490386,0,0,0,0,0,252.85728,252.85728,8091.433,8091.433,2.2014203,0.20472698,0.017712906,0.11061547,-0.14010349,-9.846481,-0.19293436,0.03209831,0.037035283,0.001300936,0.49371,2.0279236,0.026063705,0.0013472486,0.00075984676,45.726276,45.726276
236177971,2490386,2490386,0,0,0,0,0,252.85728,252.85728,8091.433,8091.433,2.0363688,0.2113341,0.009374973,0.13284256,-0.15626308,-10.059031,-0.25784552,-0.030066127,0.014194734,-0.043278426,0.84375966,6.4318805,0.08196575,0.001705799,0.0012667264,45.442715,45.442715
237103398,2490386,2490386,0,0,0,0,0,252.85728,252.85728,8091.433,8091.433,2.5252364,0.26609644,0.027503535,0.1081341,0.042379778,-10.220915,0.27008972,-0.061504327,-0.008590258,-0.11317256,2.8141468,16.462978,0.19027333,0.0013019773,0.0030827546,45.38893,45.38893
238131590,2490386,2490386,0,0,0,0,0,252.85728,252.85728,8091.433,8091.433,2.530388,0.26481998,0.07172674,0.17587276,0.045099206,-10.24492,0.061139315,-0.32906178,0.0073969695,-0.056718826,1.3233721,8.898367,0.09024121,0.002174913,0.0016198467,45.34654,45.34654
239159711,2490386,2490386,0,0,0,0,0,252.85728,252.85728,8091.433,8091.433,2.4546354,0.23762241,0.021196278,0.27646795,-0.011709628,-9.9526205,0.04303594,-0.104318015,0.016843086,0.0088994,1.8790766,5.8956532,0.11941414,0.0017843173,0.0024608679,45.19797,45.19797
240188027,2490386,2490386,0,0,0,0,0,252.85728,252.85728,8091.433,8091.433,2.3053076,0.23443826,0.092243545,0.1860918,-0.06318793,-10.017405,0.037677437,0.3436468,0.009223418,0.036697987,1.5979681,3.4658115,0.12282743,0.003418622,0.0022877192,45.0147,45.0147
241113349,2490386,2490386,0,0,0,0,0,252.85728,252.85728,8091.433,8091.433,2.8227503,0.27678055,0.07288156,0.055317257,-0.016689066,-10.1523,0.069579214,-0.19735928,-9.3025745e-05,-0.11664781,2.4361734,18.094503,0.23183958,0.001919205,0.0034727347,44.973618,44.973618
242141588,2490386,2490386,0,0,0,0,0,252.85728,252.85728,8091.433,8091.433,2.4731874,0.2257566,0.021267492,0.06830225,0.13420863,-10.163087,0.04404458,-0.012045532,-0.0067346296,-0.102511846,1.4176465,13.151579,0.10554275,0.0009991239,0.0018659245,44.811115,44.811115
243169676,2490386,2490386,0,0,0,0,0,252.85728,252.85728,8091.433,8091.433,2.3711143,0.27358505,0.0076592634,0.072246194,0.14455712,-9.981062,0.1413358,0.013133213,-0.0021491027,-0.048677716,2.5909634,13.072614,0.2782759,0.001389698,0.0042022537,44.69507,44.69507
244197944,2490386,2490386,0,0,0,0,0,252.85728,252.85728,8091.433,8091.433,2.5434606,0.24672855,0.008654595,0.09913696,-0.042768274,-9.990251,-0.0588917,-0.021112284,0.0009272593,-0.08520074,1.3456315,10.374902,0.12507595,0.0010963763,0.0021692077,44.715523,44.715523
245123413,2490386,2490386,0,0,0,0,0,252.85728,252.85728,8091.433,8091.433,2.596103,0.2540958,0.0067440737,0.09270685,-0.049419314,-10.036821,-0.06357955,-0.021149259,0.0052231424,-0.037761405,1.2298987,7.989366,0.1213371,0.0018431519,0.0020290837,44.63548,44.63548
246151524,2490386,2490386,0,0,0,0,0,252.85728,252.85728,8091.433,8091.433,2.616844,0.27307367,0.00943211,0.085922845,0.034991547,-9.58968,0.03565664,-0.053074628,-0.004140808,-0.15668193,1.27216,16.921268,0.13845253,0.00072948146,0.002534561,44.5237,44.5237
247179617,2490386,2490386,0,0,0,0,0,252.85728,252.85728,8091.433,8091.433,2.67661,0.25846356,0.0076609612,0.082907885,0.023029035,-9.868604,-0.0070171645,0.027968187,-0.0064442465,-0.115083925,2.0281494,13.769754,0.13876793,0.0004676396,0.0024139213,44.556076,44.556076
248104967,2490386,2490386,0,0,0,0,0,252.85728,252.85728,8091.433,8091.433,2.3564854,0.23478115,0.006652352,0.07459664,0.051241502,-10.136358,0.029986884,0.024962863,-0.0040044184,-0.06705452,1.4900011,13.389377,0.1284912,0.0009469667,0.0019882165,44.431377,44.431377
249133213,2490386,2490386,0,0,0,0,0,252.85728,252.85728,8091.433,8091.433,2.5727522,0.25602266,0.006550205,0.08165474,-0.037819553,-10.323373,0.010798371,-0.01709185,0.014757854,-0.0772834,2.2192261,16.323338,0.23597191,0.0013894071,0.0035570152,44.31126,44.31126
250161307,2490386,2490386,0,0,0,0,0,252.85728,252.85728,8091.433,8091.433,2.6663446,0.2533876,0.007331639,0.09625311,-0.012183716,-10.0271,-0.05150797,-0.026194582,-1.3273254e-05,-0.06787512,1.1021004,8.23023,0.089863315,0.0013459206,0.0014233275,44.409096,44.409096
251189486,2490386,2490386,0,0,0,0,0,252.85728,252.85728,8091.433,8091.433,2.6014485,0.2613282,0.008726652,0.076938316,0.026028782,-9.908288,0.012475102,0.008309443,0.011495963,-0.07309549,2.2207522,14.479116,0.23862278,0.0019586636,0.0034030473,44.486183,44.486183
252114863,2490386,2490386,0,0,0,0,0,252.85728,252.85728,8091.433,8091.433,2.7764673,0.28503704,0.01373916,0.09693673,-0.0026224265,-10.174347,0.051683858,-0.062107425,0.0041266535,-0.11229214,3.3395758,17.457743,0.32615605,0.0020848322,0.0045489483,44.5102,44.5102
253143023,2490386,2490386,0,0,0,0,0,252.85728,252.85728,8091.433,8091.433,2.732359,0.25854203,0.017554557,0.096685894,0.09655819,-10.086532,-0.19608355,0.020980634,0.016330063,-0.21985641,1.9963989,22.186724,0.19412251,0.00059230626,0.0031191427,44.502216,44.502216
254171209,2490386,2490386,0,0,0,0,0,252.85728,252.85728,8091.433,8091.433,2.8703644,0.2848209,0.019861626,0.10021935,0.070219085,-9.978336,-0.30982056,-0.0037034487,-0.004540384,-0.07604682,2.602454,13.812218,0.1569724,0.0016710988,0.0025615043,44.26263,44.26263
255199472,2490386,2490386,0,0,0,0,0,252.85728,252.85728,8091.433,8091.433,2.4052947,0.25834143,0.06644967,0.064002074,-0.0005122876,-10.018686,0.10421259,-0.3147449,0.0093313735,-0.015002541,0.60171014,3.253616,0.028471027,0.0021867752,0.0005453517,44.27149,44.27149
256124869,2490386,2490386,0,0,0,0,0,252.85728,252.85728,8091.433,8091.433,2.4545884,0.27371418,0.05619825,-0.073079385,-0.0004917419,-9.935305,-0.012743199,0.25479728,0.018216658,-0.049902108,1.67257,10.883044,0.15503676,0.0028238674,0.0025247214,44.19078,44.19078
257152911,2490386,2490386,0,0,0,0,0,252.85728,252.85728,8091.433,8091.433,2.084591,0.23572102,0.043034516,-0.12486812,0.049002733,-10.007956,0.015132103,0.37760192,0.024980545,0.054315433,2.2396333,5.659393,0.18632506,0.0048306426,0.0028906688,44.228153,44.228153
258181071,2490386,2490386,0,0,0,0,0,252.85728,252.85728,8091.433,8091.433,2.358786,0.22841305,0.06103948,0.13144171,0.02030711,-9.862241,0.013115806,-0.1218047,0.013670233,-0.030713663,0.9601755,5.043575,0.073622026,0.00331488,0.0011865558,44.018185,44.018185
259106497,2490386,2490386,0,0,0,0,0,252.85728,252.85728,8091.433,8091.433,2.371836,0.22501491,0.02179176,0.11491227,-0.12221618,-10.251087,-0.3416415,0.02396867,0.022496095,-0.06525145,1.0051943,9.09807,0.068679765,0.0009345939,0.0012313789,43.99975,43.99975
260134591,2490386,2490386,0,0,0,0,0,252.85728,252.85728,8091.433,8091.433,2.3225925,0.24839453,0.013181305,0.1298094,-0.25482166,-10.069625,0.031773634,-0.022405058,0.030001292,-0.06424891,2.6195445,9.92372,0.18152018,0.0017715675,0.0030359048,43.702675,43.702675
261162742,2490386,2490386,0,0,0,0,0,252.85728,252.85728,8091.433,8091.433,2.509391,0.25241184,0.018845556,0.11206504,-0.010552963,-10.027559,0.31068432,-0.008178157,0.023803726,-0.081845306,2.198504,14.666941,0.21117161,0.0014518428,0.0033140674,43.246803,43.246803
262190940,2490386,2490386,0,0,0,0,0,252.85728,252.85728,8091.433,8091.433,2.268359,0.24520785,0.016136397,0.086497,0.051929947,-10.034713,0.008567385,-0.066134214,0.016902814,-0.009837592,1.3649353,5.3472333,0.07959063,0.0010880958,0.0015495919,43.189106,43.189106
263116225,2490386,2490386,0,0,0,0,0,252.85728,252.85728,8091.433,8091.433,2.4103537,0.22595933,0.07133479,0.18123,-0.035906162,-10.342184,-0.043761022,-0.31489578,-0.0005229315,-0.03724282,1.99735,12.839565,0.16001804,0.0026099826,0.0025572835,43.1163,43.1163
264144363,2490386,2490386,0,0,0,0,0,252.85728,252.85728,8091.433,8091.433,2.4207783,0.23570772,0.0214526,0.19993693,0.100216776,-9.821588,0.019841103,0.016257558,0.019395456,0.019281114,1.2317426,4.058127,0.09468196,0.0015220718,0.0016901215,43.08553,43.08553
265172609,2490386,2490386,0,0,0,0,0,252.85728,252.85728,8091.433,8091.433,2.4678447,0.25513327,0.06927806,0.12403979,0.029396959,-9.896578,0.13365477,0.22519377,0.009798265,0.006078169,1.4780185,6.100616,0.12947576,0.00637988,0.0022155389,43.1576,43.1576
266200707,2490386,2490386,0,0,0,0,0,252.85728,252.85728,8091.433,8091.433,2.7033327,0.24344148,0.031210594,0.103699476,-0.01937405,-10.075661,-0.93823695,0.012341209,0.0036628924,-0.11904031,1.1520042,13.0734005,0.119279526,0.0022231631,0.0020837763,43.013897,43.013897
267126085,2490386,2490386,0,0,0,0,0,252.85728,252.85728,8091.433,8091.433,2.5528154,0.27169138,0.024619356,0.11279628,0.2971176,-9.791341,0.30991444,0.0012219152,-0.027674641,-0.016579764,2.497955,7.1653266,0.082386844,0.0017960937,0.0016303048,42.842964,42.842964
268154100,2490386,2490386,0,0,0,0,0,252.85728,252.85728,8091.433,8091.433,2.1015594,0.21056752,0.018503737,0.119363375,0.026880177,-10.218755,-0.1534258,-0.0838076,0.01737452,0.0154572595,0.55690104,2.3620386,0.060155544,0.0010914471,0.0011668478,42.57856,42.57856
269182205,2490386,2490386,0,0,0,0,0,252.85728,252.85728,8091.433,8091.433,2.0753295,0.22959204,0.013372103,0.07606505,-0.13463944,-10.119799,-0.06754422,0.055441327,0.030801097,-0.058225553,1.4127566,7.993464,0.06681777,0.001315897,0.0011861118,42.64236,42.64236
270107576,2490386,2490386,0,0,0,0,0,252.85728,252.85728,8091.433,8091.433,2.6647367,0.27077624,0.009763855,0.08805137,0.016239937,-9.947336,-0.018075008,-0.0059119347,0.016122503,-0.07133484,0.68384993,7.962788,0.08889956,0.0009271226,0.0013890956,42.703693,42.703693
271135638,2490386,2490386,0,0,0,0,0,252.85728,252.85728,8091.433,8091.433,2.5239286,0.25959322,0.036536798,0.036060996,0.07913823,-9.638894,0.07148403,0.00884239,-0.21229485,-0.08755813,2.3963876,17.064173,0.23402755,0.0005571377,0.023369899,42.681053,42.681053
272163877,2490386,2490386,0,0,0,0,0,252.85728,252.85728,8091.433,8091.433,2.5695012,0.2614838,0.01765618,0.10264708,-0.064594805,-10.274861,-0.058344506,-0.023287203,0.009677733,-0.094131894,1.4847585,14.31073,0.12661172,0.0007278878,0.0020579647,42.70347,42.70347
273191959,2490386,2490386,0,0,0,0,0,252.85728,252.85728,8091.433,8091.433,2.706644,0.26909155,0.009931879,0.099560656,0.032741554,-9.950974,0.035910554,-0.037775055,0.00810805,-0.19998181,1.9818313,22.580494,0.23479795,0.00034620916,0.0036341592,42.647873,42.647873
274117227,2490386,2490386,0,0,0,0,0,252.85728,252.85728,8091.433,8091.433,2.5827363,0.24533829,0.0073388736,0.10539784,-0.008425854,-10.168028,-0.009598016,0.010963404,0.014720004,-0.15871982,2.3081584,19.697384,0.24959995,0.00087834185,0.0034644175,42.625015,42.625015
275145365,2490386,2490386,0,0,0,0,0,252.85728,252.85728,8091.433,8091.433,2.5941365,0.2447662,0.009194823,0.082056396,0.084768504,-9.995433,0.01014322,-0.055109587,0.0037833278,-0.085566595,1.1132082,11.346809,0.09716756,0.0010803796,0.0018363557,42.674583,42.674583
276173456,2490386,2490386,0,0,0,0,0,252.85728,252.85728,8091.433,8091.433,2.5051758,0.25408855,0.011760738,0.10731444,0.05107888,-9.838837,0.07939485,-0.05880825,0.0152894575,-0.08771917,2.1456208,13.746842,0.15524079,0.0016381672,0.0025083665,42.614265,42.614265
277201766,2490386,2490386,0,0,0,0,0,252.85728,252.85728,8091.433,8091.433,2.6569297,0.2679693,0.010562698,0.083415516,0.0010272731,-10.058161,-0.008004735,-0.0161975,0.024167616,-0.020239418,1.1663169,5.4123425,0.113946885,0.00091546815,0.0017924708,42.659996,42.659996
278126987,2490386,2490386,0,0,0,0,0,252.85728,252.85728,8091.433,8091.433,2.4492943,0.26038554,0.01090909,0.082443856,0.017340727,-9.472387,0.02698999,0.054490615,0.012103942,0.018373843,0.8162882,1.5843368,0.060706627,0.0019458059,0.0010159167,42.631687,42.631687
279155029,2490386,2490386,0,0,0,0,0,252.85728,252.85728,8091.433,8091.433,2.9577148,0.31469303,0.016830249,0.08086932,-0.03460382,-9.905631,0.036594003,-0.019425074,0.019701581,-0.12680727,2.6774402,18.16764,0.26484635,0.0014870798,0.004101538,42.617172,42.617172
280183158,2490386,2490386,0,0,0,0,0,252.85728,252.85728,8091.433,8091.433,2.7435915,0.2857994,0.01019078,0.09098395,-0.048815645,-10.138526,0.029939955,0.009700796,0.036572028,-0.07286121,1.9705446,13.698315,0.2172183,0.0012191366,0.0032083252,42.60433,42.60433
281108486,2490386,2490386,0,0,0,0,0,252.85728,252.85728,8091.433,8091.433,2.402794,0.24067533,0.01835322,0.08041557,0.22461338,-9.859855,0.44950727,-0.0014281081,-0.008165992,0.006862375,1.2316748,5.807283,0.103429735,0.0024810866,0.001863024,42.45089,42.45089
282136576,2490386,2490386,0,0,0,0,0,252.85728,252.85728,8091.433,8091.433,2.4136376,0.25665542,0.02337064,0.11369442,0.09018726,-9.990056,-0.47041023,0.0024012635,0.036013708,-0.049492676,1.6731865,12.441934,0.19357497,0.0014158991,0.0031829088,42.173565,42.173565
283164807,2490386,2490386,0,0,0,0,0,252.85728,252.85728,8091.433,8091.433,2.6163814,0.27798325,0.044359066,0.14171189,0.005997014,-10.065601,0.048405606,-0.4485028,0.03251492,-0.044792246,2.2019286,9.852232,0.17815627,0.0030815096,0.0026532128,42.263554,42.263554
284192820,2490386,2490386,0,0,0,0,0,252.85728,252.85728,8091.433,8091.433,2.648243,0.27288234,0.07809104,-0.08697103,0.0034178682,-10.022008,-0.014210382,0.12780087,-0.00014793729,-0.0176464,2.3453195,10.152611,0.15575367,0.0014939707,0.0027779562,42.245125,42.245125
285118112,2490386,2490386,0,0,0,0,0,252.85728,252.85728,8091.433,8091.433,2.2680008,0.22351997,0.03915492,-0.08112543,0.024820065,-10.054505,-0.0021461693,-0.03920119,0.02753835,-0.12356543,0.95418495,12.370461,0.08821248,0.0025639168,0.0015832464,42.17182,42.17182
286146226,2490386,2490386,0,0,0,0,0,252.85728,252.85728,8091.433,8091.433,2.6799552,0.25870183,0.07688857,0.09823948,0.027220862,-9.856161,-0.009487244,-0.12878387,0.014567393,-0.16745538,1.072317,17.074537,0.09550625,0.0014466397,0.0014739186,42.03138,42.03138
287174331,2490386,2490386,0,0,0,0,0,252.85728,252.85728,8091.433,8091.433,2.5006654,0.24091633,0.019598503,0.050723933,0.072791405,-9.796129,-0.050389312,0.093898416,0.031180216,-0.02643707,0.6145409,5.881551,0.05090198,0.002848218,0.0009164713,41.947407,41.947407
288202549,2490386,2490386,0,0,0,0,0,252.85728,252.85728,8091.433,8091.433,2.5769994,0.23357046,0.019608026,0.12888753,-0.25500354,-9.942067,-0.36920848,0.0018404986,0.031824023,-0.09910169,1.077976,11.826221,0.08781966,0.0007666325,0.0016643681,41.941383,41.941383
289127856,2490386,2490386,0,0,0,0,0,252.85728,252.85728,8091.433,8091.433,2.3262928,0.2717986,0.018113906,0.12818147,-0.2473052,-9.828724,0.015370315,-0.01948459,0.026981816,-0.057242487,2.2813737,10.592206,0.1916323,0.0015476769,0.003208315,41.742733,41.742733
290155861,2490386,2490386,0,0,0,0,0,252.85728,252.85728,8091.433,8091.433,2.5865164,0.25428665,0.020369725,0.116329655,-0.07816651,-10.289377,0.28040865,0.04203628,0.0019774884,-0.08223227,1.25852,9.209819,0.078309804,0.0005138303,0.0013030376,41.547787,41.547787
291184043,2490386,2490386,0,0,0,0,0,252.85728,252.85728,8091.433,8091.433,2.5451643,0.27992323,0.06832593,0.0369895,0.061763395,-9.757603,0.15407386,0.10041803,-0.09042055,-0.118671395,2.4040084,15.997924,0.2251265,0.0014706925,0.003646022,41.404655,41.404655
292109211,2490386,2490386,0,0,0,0,0,252.85728,252.85728,8091.433,8091.433,2.3265653,0.23456061,0.1176741,0.2042556,0.016401574,-10.1781435,0.010388605,-0.53648466,0.019542994,-0.048412103,2.0711079,9.376545,0.14067884,0.0038795886,0.0023274068,41.384842,41.384842
293137392,2490386,2490386,0,0,0,0,0,252.85728,252.85728,8091.433,8091.433,2.604108,0.22595443,0.06695106,0.1464215,-0.049527556,-10.055202,-0.040524337,0.4236438,0.017528439,-0.07117974,1.1413845,9.560334,0.056032225,0.0018065191,0.0010677212,41.393185,41.393185
294165459,2490386,2490386,0,0,0,0,0,252.85728,252.85728,8091.433,8091.433,2.455038,0.24807666,0.08696287,0.05838267,0.13898,-9.891358,0.10764337,0.2753932,0.022614714,-0.030050945,1.3671821,7.262862,0.13319197,0.002564903,0.0019918717,41.368443,41.368443
295193497,2490386,2490386,0,0,0,0,0,252.85728,252.85728,8091.433,8091.433,2.9317484,0.28128746,0.026638474,0.023889948,0.0028232054,-9.850889,-0.025969304,0.10608397,0.013612953,-0.13382557,1.6702135,15.39835,0.19355349,0.0012673871,0.0027952476,41.4273,41.4273
296118737,2490386,2490386,0,0,0,0,0,252.85728,252.85728,8091.433,8091.433,2.634905,0.22195223,0.021525443,0.07337182,0.15092997,-9.93616,0.24041858,-0.016931288,-0.009111548,-0.07401215,0.9487316,7.852478,0.07226878,0.0007981084,0.0011766246,41.26929,41.26929
297146987,2490386,2490386,0,0,0,0,0,252.85728,252.85728,8091.433,8091.433,2.3468273,0.23378386,0.018846098,0.10274018,0.14528567,-9.85103,-0.14624548,0.036344737,2.2888926e-05,0.0015019422,1.9517896,7.14397,0.12104862,0.0025947148,0.0020540643,41.190105,41.190105
298174940,2490386,2490386,0,0,0,0,0,252.85728,252.85728,8091.433,8091.433,2.6040268,0.26323003,0.014130177,0.08106024,-0.13375084,-10.090251,-0.14271349,0.0036760569,0.028124832,-0.13101554,1.3388143,16.143045,0.18808858,0.0013712983,0.0026890466,41.172832,41.172832
299202994,2490386,2490386,0,0,0,0,0,252.85728,252.85728,8091.433,8091.433,2.187092,0.21786988,0.009460806,0.03235919,-0.06805299,-9.916299,0.051776517,-0.051717404,0.00052785204,-0.013793241,0.3872283,3.011184,0.042831715,0.00087454845,0.00070005184,41.265156,41.265156
300128300,2490386,2490386,0,0,0,0,0,252.85728,252.85728,8091.433,8091.433,3.3002722,0.32815665,0.008757678,0.045647763,-0.033946507,-9.71817,0.06585792,-0.0045254976,0.008414679,-0.22614211,1.872185,24.533194,0.2414519,0.0005245554,0.0034613875,41.318645,41.318645
301156489,2490386,2490386,0,0,0,0,0,252.85728,252.85728,8091.433,8091.433,2.5113673,0.2328226,0.0074616787,0.061420355,-0.006213653,-9.894077,0.067493506,0.03360188,0.0049550254,-0.110108115,1.1543962,13.575097,0.11602515,0.0013035891,0.001732426,41.196785,41.196785
302184508,2490386,2490386,0,0,0,0,0,252.85728,252.85728,8091.433,8091.433,2.537573,0.24881412,0.011411065,0.07387138,-0.020855352,-9.877215,0.061281856,-0.033996627,0.0053614224,-0.15830569,1.2942786,17.41076,0.112848,0.002265679,0.0018079669,41.257027,41.257027
303109719,2490386,2490386,0,0,0,0,0,252.85728,252.85728,8091.433,8091.433,2.9535985,0.293311,0.009814279,0.052906442,0.040049348,-9.396249,0.011566385,0.020920511,0.012096127,-0.17219515,2.1473303,20.238693,0.19888479,0.0011933245,0.0028387771,41.21152,41.21152
304137824,2490386,2490386,0,0,0,0,0,252.85728,252.85728,8091.433,8091.433,2.8246338,0.31655312,0.018526124,0.11229752,-0.031732608,-9.878978,0.07044374,-0.070814565,0.010895856,-0.03306049,2.4139493,9.2436695,0.25809458,0.0018353107,0.003639634,41.260654,41.260654
305165931,2490386,2490386,0,0,0,0,0,252.85728,252.85728,8091.433,8091.433,2.8220475,0.3084826,0.011859435,0.07207454,0.099671766,-9.552429,0.05626536,-0.02560814,-0.0022115267,-0.10112436,3.3513865,17.055437,0.27142668,0.002630346,0.0044022333,41.249187,41.249187
306193994,2490386,2490386,0,0,0,0,0,252.85728,252.85728,8091.433,8091.433,2.4992955,0.2776133,0.016546316,0.0926141,-0.014575218,-10.171875,0.07915056,-0.09307868,-0.015285609,-0.021035057,2.2985244,7.2639017,0.16341646,0.0014410355,0.0025398296,41.31618,41.31618
307119274,2490386,2490386,0,0,0,0,0,252.85728,252.85728,8091.433,8091.433,2.5132759,0.26481834,0.017238604,0.08076101,0.018825017,-10.046246,-0.018245963,-0.13957056,-0.012943962,-0.086643696,0.36594376,8.13359,0.05697918,0.00113121,0.0010416314,41.290928,41.290928
308147376,2490386,2490386,0,0,0,0,0,252.85728,252.85728,8091.433,8091.433,8.858178,0.7996922,0.70779157,-2.4280224,-0.8713603,-11.838848,0.061809935,0.012162275,-0.08246086,22.585428,15.560932,426.27707,0.5305847,1.793449,0.13229257,41.07645,41.07645
