timestamp,nav_state_timestamp,failsafe_timestamp,armed_time,takeoff_time,onboard_control_sensors_present,onboard_control_sensors_enabled,onboard_control_sensors_health,nav_state,arming_state,hil_state,failsafe,system_type,system_id,component_id,vehicle_type,is_vtol,is_vtol_tailsitter,vtol_fw_permanent_stab,in_transition_mode,in_transition_to_fw,rc_signal_lost,data_link_lost,data_link_lost_counter,high_latency_data_link_lost,engine_failure,mission_failure,geofence_violated,failure_detector_status,latest_arming_reason,latest_disarming_reason
1009454,368634,0,0,0,270565380,268468236,32772,0,1,0,0,2,1,1,1,0,0,0,0,0,1,1,0,0,0,0,0,0,0,0
1510978,368634,0,0,0,270565388,268468236,425999,0,1,0,0,2,1,1,1,0,0,0,0,0,1,1,0,0,0,0,0,0,0,0
2013297,368634,0,0,0,270565420,270565388,2523151,0,1,0,0,2,1,1,1,0,0,0,0,0,1,1,0,0,0,0,0,0,0,0
2524352,368634,0,0,0,270565420,270565388,270958607,0,1,0,0,2,1,1,1,0,0,0,0,0,1,1,0,0,0,0,0,0,0,0
3034001,368634,0,0,0,270565420,270565388,270958607,0,1,0,0,2,1,1,1,0,0,0,0,0,1,1,0,0,0,0,0,0,0,0
3540824,368634,0,0,0,270565420,270565388,270958607,0,1,0,0,2,1,1,1,0,0,0,0,0,1,1,0,0,0,0,0,0,0,0
4048826,368634,0,0,0,270565420,270565388,270958607,0,1,0,0,2,1,1,1,0,0,0,0,0,1,1,0,0,0,0,0,0,0,0
4094572,368634,0,0,0,270565420,270565388,270958607,0,1,0,0,2,1,1,1,0,0,0,0,0,1,0,0,0,0,0,0,0,0,0
4599413,368634,0,0,0,270565420,270565388,270958607,0,1,0,0,2,1,1,1,0,0,0,0,0,1,0,0,0,0,0,0,0,0,0
5109964,368634,0,0,0,270565420,270565388,270958607,0,1,0,0,2,1,1,1,0,0,0,0,0,1,0,0,0,0,0,0,0,0,0
5620958,368634,0,0,0,270565420,270565388,270958607,0,1,0,0,2,1,1,1,0,0,0,0,0,1,0,0,0,0,0,0,0,0,0
6128826,368634,0,0,0,270565420,270565388,270958607,0,1,0,0,2,1,1,1,0,0,0,0,0,1,0,0,0,0,0,0,0,0,0
6638792,368634,0,0,0,270565420,270565388,270958607,0,1,0,0,2,1,1,1,0,0,0,0,0,1,0,0,0,0,0,0,0,0,0
7138819,368634,0,0,0,270565420,270565388,270958607,0,1,0,0,2,1,1,1,0,0,0,0,0,1,0,0,0,0,0,0,0,0,0
7647797,368634,0,0,0,270565420,270565388,270958607,0,1,0,0,2,1,1,1,0,0,0,0,0,1,0,0,0,0,0,0,0,0,0
8150797,368634,0,0,0,270565420,270565388,270958607,0,1,0,0,2,1,1,1,0,0,0,0,0,1,0,0,0,0,0,0,0,0,0
8659797,368634,0,0,0,271089708,270565388,271482895,0,1,0,0,2,1,1,1,0,0,0,0,0,1,0,0,0,0,0,0,0,0,0
9163596,368634,0,0,0,271089708,270565388,271482895,0,1,0,0,2,1,1,1,0,0,0,0,0,1,0,0,0,0,0,0,0,0,0
9671795,368634,0,0,0,271089708,270565388,271482895,0,1,0,0,2,1,1,1,0,0,0,0,0,1,0,0,0,0,0,0,0,0,0
10171954,368634,0,0,0,271089708,270565388,271482895,0,1,0,0,2,1,1,1,0,0,0,0,0,1,0,0,0,0,0,0,0,0,0
10683010,368634,0,0,0,271089708,270565388,271482895,0,1,0,0,2,1,1,1,0,0,0,0,0,1,0,0,0,0,0,0,0,0,0
11193851,368634,0,0,0,271089676,268468236,950287,0,1,0,0,2,1,1,1,0,0,0,0,0,1,0,0,0,0,0,0,0,0,0
11694858,368634,0,0,0,271089708,270565388,271482895,0,1,0,0,2,1,1,1,0,0,0,0,0,1,0,0,0,0,0,0,0,0,0
12205794,368634,0,0,0,271089708,270565388,271482895,0,1,0,0,2,1,1,1,0,0,0,0,0,1,0,0,0,0,0,0,0,0,0
12713796,368634,0,0,0,271089708,270565388,271482895,0,1,0,0,2,1,1,1,0,0,0,0,0,1,0,0,0,0,0,0,0,0,0
13215945,368634,0,0,0,271089708,270565388,271482895,0,1,0,0,2,1,1,1,0,0,0,0,0,1,0,0,0,0,0,0,0,0,0
13716581,368634,0,0,0,271089708,270565388,271482895,0,1,0,0,2,1,1,1,0,0,0,0,0,1,0,0,0,0,0,0,0,0,0
14140900,368634,0,0,0,271089708,270565388,271482895,0,1,0,0,2,1,1,1,0,0,0,0,0,1,0,0,0,0,0,0,0,0,0
14642870,368634,0,0,0,271089708,270565388,271482895,0,1,0,0,2,1,1,1,0,0,0,0,0,1,0,0,0,0,0,0,0,0,0
15149900,368634,0,0,0,271089708,270565388,271482895,0,1,0,0,2,1,1,1,0,0,0,0,0,1,0,0,0,0,0,0,0,0,0
15659854,368634,0,0,0,271089708,270565388,271482895,0,1,0,0,2,1,1,1,0,0,0,0,0,1,0,0,0,0,0,0,0,0,0
16160854,368634,0,0,0,271089708,270565388,271482895,0,1,0,0,2,1,1,1,0,0,0,0,0,1,0,0,0,0,0,0,0,0,0
16661796,368634,0,0,0,271089708,270565388,271482895,0,1,0,0,2,1,1,1,0,0,0,0,0,1,0,0,0,0,0,0,0,0,0
17169798,368634,0,0,0,271089708,270565388,271482895,0,1,0,0,2,1,1,1,0,0,0,0,0,1,0,0,0,0,0,0,0,0,0
17427892,17427887,0,0,0,271155244,270630924,271548431,2,1,0,0,2,1,1,1,0,0,0,0,0,0,0,0,0,0,0,0,0,0,0
17938202,17427887,0,0,0,271155244,270630924,271548431,2,1,0,0,2,1,1,1,0,0,0,0,0,0,0,0,0,0,0,0,0,0,0
18441095,17427887,0,0,0,271155244,270630924,271548431,2,1,0,0,2,1,1,1,0,0,0,0,0,0,0,0,0,0,0,0,0,0,0
18941906,17427887,0,0,0,271155244,270630924,271548431,2,1,0,0,2,1,1,1,0,0,0,0,0,0,0,0,0,0,0,0,0,0,0
19452004,17427887,0,0,0,271155244,270630924,271548431,2,1,0,0,2,1,1,1,0,0,0,0,0,0,0,0,0,0,0,0,0,0,0
19956850,17427887,0,0,0,271155244,270630924,271548431,2,1,0,0,2,1,1,1,0,0,0,0,0,0,0,0,0,0,0,0,0,0,0
20463860,17427887,0,0,0,271155244,270630924,271548431,2,1,0,0,2,1,1,1,0,0,0,0,0,0,0,0,0,0,0,0,0,0,0
20973797,17427887,0,0,0,271155244,270630924,271548431,2,1,0,0,2,1,1,1,0,0,0,0,0,0,0,0,0,0,0,0,0,0,0
21484843,17427887,0,0,0,271155244,270630924,271548431,2,1,0,0,2,1,1,1,0,0,0,0,0,0,0,0,0,0,0,0,0,0,0
21985792,17427887,0,0,0,271155244,270630924,271548431,2,1,0,0,2,1,1,1,0,0,0,0,0,0,0,0,0,0,0,0,0,0,0
22488592,17427887,0,0,0,271155244,270630924,271548431,2,1,0,0,2,1,1,1,0,0,0,0,0,0,0,0,0,0,0,0,0,0,0
22989831,17427887,0,0,0,271155244,270630924,271548431,2,1,0,0,2,1,1,1,0,0,0,0,0,0,0,0,0,0,0,0,0,0,0
23495952,17427887,0,0,0,271155244,270630924,271548431,2,1,0,0,2,1,1,1,0,0,0,0,0,0,0,0,0,0,0,0,0,0,0
23997986,17427887,0,0,0,271155244,270630924,271548431,2,1,0,0,2,1,1,1,0,0,0,0,0,0,0,0,0,0,0,0,0,0,0
24498826,17427887,0,0,0,271155244,270630924,271548431,2,1,0,0,2,1,1,1,0,0,0,0,0,0,0,0,0,0,0,0,0,0,0
25002824,17427887,0,0,0,271155244,270630924,271548431,2,1,0,0,2,1,1,1,0,0,0,0,0,0,0,0,0,0,0,0,0,0,0
25510791,17427887,0,0,0,271155244,270630924,271548431,2,1,0,0,2,1,1,1,0,0,0,0,0,0,0,0,0,0,0,0,0,0,0
26013835,17427887,0,0,0,271155244,270630924,271548431,2,1,0,0,2,1,1,1,0,0,0,0,0,0,0,0,0,0,0,0,0,0,0
26517795,17427887,0,0,0,271155244,270630924,271548431,2,1,0,0,2,1,1,1,0,0,0,0,0,0,0,0,0,0,0,0,0,0,0
27019899,17427887,0,0,0,271155244,270630924,271548431,2,1,0,0,2,1,1,1,0,0,0,0,0,0,0,0,0,0,0,0,0,0,0
27522848,17427887,0,0,0,271155244,270630924,271548431,2,1,0,0,2,1,1,1,0,0,0,0,0,0,0,0,0,0,0,0,0,0,0
28028184,17427887,0,0,0,271155244,270630924,271548431,2,1,0,0,2,1,1,1,0,0,0,0,0,0,0,0,0,0,0,0,0,0,0
28528795,17427887,0,0,0,271155244,270630924,271548431,2,1,0,0,2,1,1,1,0,0,0,0,0,0,0,0,0,0,0,0,0,0,0
29029794,17427887,0,0,0,271155244,270630924,271548431,2,1,0,0,2,1,1,1,0,0,0,0,0,0,0,0,0,0,0,0,0,0,0
29538306,17427887,0,0,0,271155244,270630924,271548431,2,1,0,0,2,1,1,1,0,0,0,0,0,0,0,0,0,0,0,0,0,0,0
30041168,17427887,0,0,0,271155244,270630924,271548431,2,1,0,0,2,1,1,1,0,0,0,0,0,0,0,0,0,0,0,0,0,0,0
30544843,17427887,0,0,0,271155244,270630924,271548431,2,1,0,0,2,1,1,1,0,0,0,0,0,0,0,0,0,0,0,0,0,0,0
31046091,17427887,0,0,0,271155244,270630924,271548431,2,1,0,0,2,1,1,1,0,0,0,0,0,0,0,0,0,0,0,0,0,0,0
31552424,17427887,0,0,0,271155244,270630924,271548431,2,1,0,0,2,1,1,1,0,0,0,0,0,0,0,0,0,0,0,0,0,0,0
32056831,17427887,0,0,0,271155244,270630924,271548431,2,1,0,0,2,1,1,1,0,0,0,0,0,0,0,0,0,0,0,0,0,0,0
32559984,17427887,0,0,0,271155244,270630924,271548431,2,1,0,0,2,1,1,1,0,0,0,0,0,0,0,0,0,0,0,0,0,0,0
33063793,17427887,0,0,0,271155244,270630924,271548431,2,1,0,0,2,1,1,1,0,0,0,0,0,0,0,0,0,0,0,0,0,0,0
33572625,17427887,0,0,0,271155244,270630924,271548431,2,1,0,0,2,1,1,1,0,0,0,0,0,0,0,0,0,0,0,0,0,0,0
34073794,17427887,0,0,0,271155244,270630924,271548431,2,1,0,0,2,1,1,1,0,0,0,0,0,0,0,0,0,0,0,0,0,0,0
34577892,17427887,0,0,0,271155244,270630924,271548431,2,1,0,0,2,1,1,1,0,0,0,0,0,0,0,0,0,0,0,0,0,0,0
35087534,17427887,0,0,0,271155244,270630924,271548431,2,1,0,0,2,1,1,1,0,0,0,0,0,0,0,0,0,0,0,0,0,0,0
35590917,17427887,0,0,0,271155244,270630924,271548431,2,1,0,0,2,1,1,1,0,0,0,0,0,0,0,0,0,0,0,0,0,0,0
36096123,17427887,0,0,0,271155244,270630924,271548431,2,1,0,0,2,1,1,1,0,0,0,0,0,0,0,0,0,0,0,0,0,0,0
36599877,17427887,0,0,0,271155244,270630924,271548431,2,1,0,0,2,1,1,1,0,0,0,0,0,0,0,0,0,0,0,0,0,0,0
37104965,17427887,0,0,0,271155244,270630924,271548431,2,1,0,0,2,1,1,1,0,0,0,0,0,0,0,0,0,0,0,0,0,0,0
37615794,17427887,0,0,0,271155244,270630924,271548431,2,1,0,0,2,1,1,1,0,0,0,0,0,0,0,0,0,0,0,0,0,0,0
38118872,17427887,0,0,0,271155244,270630924,271548431,2,1,0,0,2,1,1,1,0,0,0,0,0,0,0,0,0,0,0,0,0,0,0
38619796,17427887,0,0,0,271155244,270630924,271548431,2,1,0,0,2,1,1,1,0,0,0,0,0,0,0,0,0,0,0,0,0,0,0
39130794,17427887,0,0,0,271155244,270630924,271548431,2,1,0,0,2,1,1,1,0,0,0,0,0,0,0,0,0,0,0,0,0,0,0
39631832,17427887,0,0,0,271155244,270630924,271548431,2,1,0,0,2,1,1,1,0,0,0,0,0,0,0,0,0,0,0,0,0,0,0
40137943,17427887,0,0,0,271155244,270630924,271548431,2,1,0,0,2,1,1,1,0,0,0,0,0,0,0,0,0,0,0,0,0,0,0
40648040,17427887,0,0,0,271155244,270630924,271548431,2,1,0,0,2,1,1,1,0,0,0,0,0,0,0,0,0,0,0,0,0,0,0
41151851,17427887,0,0,0,271155244,270630924,271548431,2,1,0,0,2,1,1,1,0,0,0,0,0,0,0,0,0,0,0,0,0,0,0
41657102,17427887,0,0,0,271155244,270630924,271548431,2,1,0,0,2,1,1,1,0,0,0,0,0,0,0,0,0,0,0,0,0,0,0
42167022,17427887,0,0,0,271155244,270630924,271548431,2,1,0,0,2,1,1,1,0,0,0,0,0,0,0,0,0,0,0,0,0,0,0
42671936,17427887,0,0,0,271155244,270630924,271548431,2,1,0,0,2,1,1,1,0,0,0,0,0,0,0,0,0,0,0,0,0,0,0
43179895,17427887,0,0,0,271155244,270630924,271548431,2,1,0,0,2,1,1,1,0,0,0,0,0,0,0,0,0,0,0,0,0,0,0
43683834,17427887,0,0,0,271155244,270630924,271548431,2,1,0,0,2,1,1,1,0,0,0,0,0,0,0,0,0,0,0,0,0,0,0
44184192,17427887,0,0,0,271155244,270630924,271548431,2,1,0,0,2,1,1,1,0,0,0,0,0,0,0,0,0,0,0,0,0,0,0
44693981,17427887,0,0,0,271155244,270630924,271548431,2,1,0,0,2,1,1,1,0,0,0,0,0,0,0,0,0,0,0,0,0,0,0
45204662,17427887,0,0,0,271155244,270630924,271548431,2,1,0,0,2,1,1,1,0,0,0,0,0,0,0,0,0,0,0,0,0,0,0
45706664,17427887,0,0,0,271155244,270630924,271548431,2,1,0,0,2,1,1,1,0,0,0,0,0,0,0,0,0,0,0,0,0,0,0
46208584,17427887,0,0,0,271155244,270630924,271548431,2,1,0,0,2,1,1,1,0,0,0,0,0,0,0,0,0,0,0,0,0,0,0
46713836,17427887,0,0,0,271155244,270630924,271548431,2,1,0,0,2,1,1,1,0,0,0,0,0,0,0,0,0,0,0,0,0,0,0
47219865,17427887,0,0,0,271155244,270630924,271548431,2,1,0,0,2,1,1,1,0,0,0,0,0,0,0,0,0,0,0,0,0,0,0
47728872,17427887,0,0,0,271155244,270630924,271548431,2,1,0,0,2,1,1,1,0,0,0,0,0,0,0,0,0,0,0,0,0,0,0
48237428,17427887,0,0,0,271155244,270630924,271548431,2,1,0,0,2,1,1,1,0,0,0,0,0,0,0,0,0,0,0,0,0,0,0
48743583,17427887,0,0,0,271155244,270630924,271548431,2,1,0,0,2,1,1,1,0,0,0,0,0,0,0,0,0,0,0,0,0,0,0
49250795,17427887,0,0,0,271155244,270630924,271548431,2,1,0,0,2,1,1,1,0,0,0,0,0,0,0,0,0,0,0,0,0,0,0
49750827,17427887,0,0,0,271155244,270630924,271548431,2,1,0,0,2,1,1,1,0,0,0,0,0,0,0,0,0,0,0,0,0,0,0
50260797,17427887,0,0,0,271155244,270630924,271548431,2,1,0,0,2,1,1,1,0,0,0,0,0,0,0,0,0,0,0,0,0,0,0
50761824,17427887,0,0,0,271155244,270630924,271548431,2,1,0,0,2,1,1,1,0,0,0,0,0,0,0,0,0,0,0,0,0,0,0
51261892,17427887,0,0,0,271155244,270630924,271548431,2,1,0,0,2,1,1,1,0,0,0,0,0,0,0,0,0,0,0,0,0,0,0
51769394,17427887,0,0,0,271155244,270630924,271548431,2,1,0,0,2,1,1,1,0,0,0,0,0,0,0,0,0,0,0,0,0,0,0
52278985,17427887,0,0,0,271155244,270630924,271548431,2,1,0,0,2,1,1,1,0,0,0,0,0,0,0,0,0,0,0,0,0,0,0
52785826,17427887,0,0,0,271155244,270630924,271548431,2,1,0,0,2,1,1,1,0,0,0,0,0,0,0,0,0,0,0,0,0,0,0
52877574,52877313,0,0,0,271155244,270630924,271548431,1,1,0,1,2,1,1,1,0,0,0,0,0,0,0,0,0,0,0,0,0,0,0
53383100,52877313,0,0,0,271155244,270630924,271548431,1,1,0,1,2,1,1,1,0,0,0,0,0,0,0,0,0,0,0,0,0,0,0
53885221,52877313,0,0,0,271155244,270630924,271548431,1,1,0,1,2,1,1,1,0,0,0,0,0,0,0,0,0,0,0,0,0,0,0
54395756,52877313,0,0,0,271155244,270630924,271548431,1,1,0,1,2,1,1,1,0,0,0,0,0,0,0,0,0,0,0,0,0,0,0
54529906,52877313,0,0,0,271155244,270630924,271548431,1,1,0,1,2,1,1,1,0,0,0,0,0,0,0,0,0,0,0,0,1,0,0
55040905,52877313,0,0,0,271155244,270630924,3112975,1,1,0,1,2,1,1,1,0,0,0,0,0,0,0,0,0,0,0,0,1,0,0
55550993,52877313,0,0,0,271155244,270630924,3112975,1,1,0,1,2,1,1,1,0,0,0,0,0,0,0,0,0,0,0,0,1,0,0
56056914,52877313,0,0,0,271155244,270630924,3112975,1,1,0,1,2,1,1,1,0,0,0,0,0,0,0,0,0,0,0,0,1,0,0
56563796,52877313,0,0,0,271155244,270630924,3112975,1,1,0,1,2,1,1,1,0,0,0,0,0,0,0,0,0,0,0,0,1,0,0
57073796,52877313,0,0,0,271155244,270630924,3112975,1,1,0,1,2,1,1,1,0,0,0,0,0,0,0,0,0,0,0,0,1,0,0
57579796,52877313,0,0,0,271155244,270630924,3112975,1,1,0,1,2,1,1,1,0,0,0,0,0,0,0,0,0,0,0,0,1,0,0
58089389,52877313,0,0,0,271155244,270630924,3112975,1,1,0,1,2,1,1,1,0,0,0,0,0,0,0,0,0,0,0,0,1,0,0
58591040,52877313,0,0,0,271155244,270630924,3112975,1,1,0,1,2,1,1,1,0,0,0,0,0,0,0,0,0,0,0,0,1,0,0
59097405,52877313,0,0,0,271155244,270630924,3112975,1,1,0,1,2,1,1,1,0,0,0,0,0,0,0,0,0,0,0,0,1,0,0
59599924,52877313,0,0,0,271155244,270630924,3112975,1,1,0,1,2,1,1,1,0,0,0,0,0,0,0,0,0,0,0,0,1,0,0
60103835,52877313,0,0,0,271155244,270630924,3112975,1,1,0,1,2,1,1,1,0,0,0,0,0,0,0,0,0,0,0,0,1,0,0
60610835,52877313,0,0,0,271155244,270630924,3112975,1,1,0,1,2,1,1,1,0,0,0,0,0,0,0,0,0,0,0,0,1,0,0
61115077,52877313,0,0,0,271155244,270630924,3112975,1,1,0,1,2,1,1,1,0,0,0,0,0,0,0,0,0,0,0,0,1,0,0
61626285,52877313,0,0,0,271155244,270630924,3112975,1,1,0,1,2,1,1,1,0,0,0,0,0,0,0,0,0,0,0,0,1,0,0
62136890,52877313,0,0,0,271155244,270630924,3112975,1,1,0,1,2,1,1,1,0,0,0,0,0,0,0,0,0,0,0,0,1,0,0
62641947,52877313,0,0,0,271155244,270630924,3112975,1,1,0,1,2,1,1,1,0,0,0,0,0,0,0,0,0,0,0,0,1,0,0
63149797,52877313,0,0,0,271155244,270630924,3112975,1,1,0,1,2,1,1,1,0,0,0,0,0,0,0,0,0,0,0,0,1,0,0
63650967,52877313,0,0,0,271155244,270630924,3112975,1,1,0,1,2,1,1,1,0,0,0,0,0,0,0,0,0,0,0,0,1,0,0
64153799,52877313,0,0,0,271155244,270630924,3112975,1,1,0,1,2,1,1,1,0,0,0,0,0,0,0,0,0,0,0,0,1,0,0
64663818,52877313,0,0,0,271155244,270630924,3112975,1,1,0,1,2,1,1,1,0,0,0,0,0,0,0,0,0,0,0,0,1,0,0
64730823,52877313,0,0,0,271155244,270630924,3112975,1,1,0,1,2,1,1,1,0,0,0,0,0,0,0,0,0,0,0,0,0,0,0
65240795,52877313,0,0,0,271155244,270630924,271548431,1,1,0,1,2,1,1,1,0,0,0,0,0,0,0,0,0,0,0,0,0,0,0
65749797,52877313,0,0,0,271155244,270630924,271548431,1,1,0,1,2,1,1,1,0,0,0,0,0,0,0,0,0,0,0,0,0,0,0
66249810,52877313,0,0,0,271155244,270630924,271548431,1,1,0,1,2,1,1,1,0,0,0,0,0,0,0,0,0,0,0,0,0,0,0
66751963,52877313,0,0,0,271155244,270630924,271548431,1,1,0,1,2,1,1,1,0,0,0,0,0,0,0,0,0,0,0,0,0,0,0
67252435,52877313,0,0,0,271155212,268533772,1015823,1,1,0,1,2,1,1,1,0,0,0,0,0,0,0,0,0,0,0,0,0,0,0
67752907,52877313,0,0,0,271155212,268533772,1015823,1,1,0,1,2,1,1,1,0,0,0,0,0,0,0,0,0,0,0,0,0,0,0
68253160,52877313,0,0,0,271155244,270630924,271548431,1,1,0,1,2,1,1,1,0,0,0,0,0,0,0,0,0,0,0,0,0,0,0
68757856,52877313,0,0,0,271155212,268533772,1015823,1,1,0,1,2,1,1,1,0,0,0,0,0,0,0,0,0,0,0,0,0,0,0
69258867,52877313,0,0,0,271155244,270630924,271548431,1,1,0,1,2,1,1,1,0,0,0,0,0,0,0,0,0,0,0,0,0,0,0
69761018,52877313,0,0,0,271155244,270630924,271548431,1,1,0,1,2,1,1,1,0,0,0,0,0,0,0,0,0,0,0,0,0,0,0
70271797,52877313,0,0,0,271155244,270630924,271548431,1,1,0,1,2,1,1,1,0,0,0,0,0,0,0,0,0,0,0,0,0,0,0
70781837,52877313,0,0,0,271155244,270630924,271548431,1,1,0,1,2,1,1,1,0,0,0,0,0,0,0,0,0,0,0,0,0,0,0
71097068,71096843,0,0,0,271155244,270630924,271548431,2,1,0,0,2,1,1,1,0,0,0,0,0,0,0,0,0,0,0,0,0,0,0
71603828,71096843,0,0,0,271155244,270630924,271548431,2,1,0,0,2,1,1,1,0,0,0,0,0,0,0,0,0,0,0,0,0,0,0
72110905,71096843,0,0,0,271155244,270630924,271548431,2,1,0,0,2,1,1,1,0,0,0,0,0,0,0,0,0,0,0,0,0,0,0
72619786,71096843,0,0,0,271155244,270630924,271548431,2,1,0,0,2,1,1,1,0,0,0,0,0,0,0,0,0,0,0,0,0,0,0
73127798,71096843,0,0,0,271155244,270630924,271548431,2,1,0,0,2,1,1,1,0,0,0,0,0,0,0,0,0,0,0,0,0,0,0
73633002,71096843,0,0,0,271155244,270630924,271548431,2,1,0,0,2,1,1,1,0,0,0,0,0,0,0,0,0,0,0,0,0,0,0
74141900,71096843,0,0,0,271155244,270630924,271548431,2,1,0,0,2,1,1,1,0,0,0,0,0,0,0,0,0,0,0,0,0,0,0
74644847,71096843,0,0,0,271155244,270630924,271548431,2,1,0,0,2,1,1,1,0,0,0,0,0,0,0,0,0,0,0,0,0,0,0
75146797,71096843,0,0,0,271155244,270630924,271548431,2,1,0,0,2,1,1,1,0,0,0,0,0,0,0,0,0,0,0,0,0,0,0
75653798,71096843,0,0,0,271155244,270630924,271548431,2,1,0,0,2,1,1,1,0,0,0,0,0,0,0,0,0,0,0,0,0,0,0
76155484,71096843,0,0,0,271155244,270630924,271548431,2,1,0,0,2,1,1,1,0,0,0,0,0,0,0,0,0,0,0,0,0,0,0
76656971,71096843,0,0,0,271155244,270630924,271548431,2,1,0,0,2,1,1,1,0,0,0,0,0,0,0,0,0,0,0,0,0,0,0
77160999,71096843,0,0,0,271155244,270630924,271548431,2,1,0,0,2,1,1,1,0,0,0,0,0,0,0,0,0,0,0,0,0,0,0
77663794,71096843,0,0,0,271155244,270630924,271548431,2,1,0,0,2,1,1,1,0,0,0,0,0,0,0,0,0,0,0,0,0,0,0
78170835,71096843,0,0,0,271155244,270630924,271548431,2,1,0,0,2,1,1,1,0,0,0,0,0,0,0,0,0,0,0,0,0,0,0
78674979,71096843,0,0,0,271155244,270630924,271548431,2,1,0,0,2,1,1,1,0,0,0,0,0,0,0,0,0,0,0,0,0,0,0
79178050,71096843,0,0,0,271155244,270630924,271548431,2,1,0,0,2,1,1,1,0,0,0,0,0,0,0,0,0,0,0,0,0,0,0
79683879,71096843,0,0,0,271155244,270630924,271548431,2,1,0,0,2,1,1,1,0,0,0,0,0,0,0,0,0,0,0,0,0,0,0
80185130,71096843,0,0,0,271155244,270630924,271548431,2,1,0,0,2,1,1,1,0,0,0,0,0,0,0,0,0,0,0,0,0,0,0
80691887,71096843,0,0,0,271155244,270630924,271548431,2,1,0,0,2,1,1,1,0,0,0,0,0,0,0,0,0,0,0,0,0,0,0
81198219,71096843,0,0,0,271155244,270630924,271548431,2,1,0,0,2,1,1,1,0,0,0,0,0,0,0,0,0,0,0,0,0,0,0
81699874,71096843,0,0,0,271155244,270630924,271548431,2,1,0,0,2,1,1,1,0,0,0,0,0,0,0,0,0,0,0,0,0,0,0
82206468,71096843,0,0,0,271155244,270630924,271548431,2,1,0,0,2,1,1,1,0,0,0,0,0,0,0,0,0,0,0,0,0,0,0
82709871,71096843,0,0,0,271155244,270630924,271548431,2,1,0,0,2,1,1,1,0,0,0,0,0,0,0,0,0,0,0,0,0,0,0
83214916,71096843,0,0,0,271155244,270630924,271548431,2,1,0,0,2,1,1,1,0,0,0,0,0,0,0,0,0,0,0,0,0,0,0
83720412,71096843,0,0,0,271155244,270630924,271548431,2,1,0,0,2,1,1,1,0,0,0,0,0,0,0,0,0,0,0,0,0,0,0
84221799,71096843,0,0,0,271155244,270630924,271548431,2,1,0,0,2,1,1,1,0,0,0,0,0,0,0,0,0,0,0,0,0,0,0
84726234,71096843,0,0,0,271155244,270630924,271548431,2,1,0,0,2,1,1,1,0,0,0,0,0,0,0,0,0,0,0,0,0,0,0
85227800,71096843,0,0,0,271155244,270630924,271548431,2,1,0,0,2,1,1,1,0,0,0,0,0,0,0,0,0,0,0,0,0,0,0
85734491,71096843,0,0,0,271155244,270630924,271548431,2,1,0,0,2,1,1,1,0,0,0,0,0,0,0,0,0,0,0,0,0,0,0
86240822,71096843,0,0,0,271155244,270630924,271548431,2,1,0,0,2,1,1,1,0,0,0,0,0,0,0,0,0,0,0,0,0,0,0
86740923,71096843,0,0,0,271155244,270630924,271548431,2,1,0,0,2,1,1,1,0,0,0,0,0,0,0,0,0,0,0,0,0,0,0
87240974,71096843,0,0,0,271155212,268533772,1015823,2,1,0,0,2,1,1,1,0,0,0,0,0,0,0,0,0,0,0,0,0,0,0
87750838,71096843,0,0,0,271155244,270630924,271548431,2,1,0,0,2,1,1,1,0,0,0,0,0,0,0,0,0,0,0,0,0,0,0
88029012,88028794,0,0,0,271155244,270630924,271548431,1,1,0,1,2,1,1,1,0,0,0,0,0,0,0,0,0,0,0,0,0,0,0
88530820,88028794,0,0,0,271155212,268533772,1015823,1,1,0,1,2,1,1,1,0,0,0,0,0,0,0,0,0,0,0,0,0,0,0
89032201,88028794,0,0,0,271155212,268533772,1015823,1,1,0,1,2,1,1,1,0,0,0,0,0,0,0,0,0,0,0,0,0,0,0
89541860,88028794,0,0,0,271155212,268533772,1015823,1,1,0,1,2,1,1,1,0,0,0,0,0,0,0,0,0,0,0,0,0,0,0
90050800,88028794,0,0,0,271155212,268533772,1015823,1,1,0,1,2,1,1,1,0,0,0,0,0,0,0,0,0,0,0,0,0,0,0
90559802,88028794,0,0,0,271155212,268533772,1015823,1,1,0,1,2,1,1,1,0,0,0,0,0,0,0,0,0,0,0,0,0,0,0
91061830,88028794,0,0,0,271155212,268533772,1015823,1,1,0,1,2,1,1,1,0,0,0,0,0,0,0,0,0,0,0,0,0,0,0
91572798,88028794,0,0,0,271155212,268533772,1015823,1,1,0,1,2,1,1,1,0,0,0,0,0,0,0,0,0,0,0,0,0,0,0
92082909,88028794,0,0,0,271155212,268533772,1015823,1,1,0,1,2,1,1,1,0,0,0,0,0,0,0,0,0,0,0,0,0,0,0
92584884,88028794,0,0,0,271155212,268533772,1015823,1,1,0,1,2,1,1,1,0,0,0,0,0,0,0,0,0,0,0,0,0,0,0
93094851,88028794,0,0,0,271155212,268533772,1015823,1,1,0,1,2,1,1,1,0,0,0,0,0,0,0,0,0,0,0,0,0,0,0
93594891,88028794,0,0,0,271155212,268533772,1015823,1,1,0,1,2,1,1,1,0,0,0,0,0,0,0,0,0,0,0,0,0,0,0
94095804,88028794,0,0,0,271155212,268533772,1015823,1,1,0,1,2,1,1,1,0,0,0,0,0,0,0,0,0,0,0,0,0,0,0
94605343,88028794,0,0,0,271155212,268533772,1015823,1,1,0,1,2,1,1,1,0,0,0,0,0,0,0,0,0,0,0,0,0,0,0
95107663,88028794,0,0,0,271155212,268533772,1015823,1,1,0,1,2,1,1,1,0,0,0,0,0,0,0,0,0,0,0,0,0,0,0
95609797,88028794,0,0,0,271155212,268533772,1015823,1,1,0,1,2,1,1,1,0,0,0,0,0,0,0,0,0,0,0,0,0,0,0
96112901,88028794,0,0,0,271155212,268533772,1015823,1,1,0,1,2,1,1,1,0,0,0,0,0,0,0,0,0,0,0,0,0,0,0
96617740,88028794,0,0,0,271155212,268533772,1015823,1,1,0,1,2,1,1,1,0,0,0,0,0,0,0,0,0,0,0,0,0,0,0
97120797,88028794,0,0,0,271155212,268533772,1015823,1,1,0,1,2,1,1,1,0,0,0,0,0,0,0,0,0,0,0,0,0,0,0
97615903,97615566,0,0,0,271155212,268533772,1015823,2,1,0,0,2,1,1,1,0,0,0,0,0,0,0,0,0,0,0,0,0,0,0
98120930,97615566,0,0,0,271155244,270630924,271548431,2,1,0,0,2,1,1,1,0,0,0,0,0,0,0,0,0,0,0,0,0,0,0
98623935,97615566,0,0,0,271155212,268533772,1015823,2,1,0,0,2,1,1,1,0,0,0,0,0,0,0,0,0,0,0,0,0,0,0
99129795,97615566,0,0,0,271155244,270630924,271548431,2,1,0,0,2,1,1,1,0,0,0,0,0,0,0,0,0,0,0,0,0,0,0
99637983,97615566,0,0,0,271155212,268533772,1015823,2,1,0,0,2,1,1,1,0,0,0,0,0,0,0,0,0,0,0,0,0,0,0
100148993,97615566,0,0,0,271155212,268533772,1015823,2,1,0,0,2,1,1,1,0,0,0,0,0,0,0,0,0,0,0,0,0,0,0
100652963,97615566,0,0,0,271155244,270630924,271548431,2,1,0,0,2,1,1,1,0,0,0,0,0,0,0,0,0,0,0,0,0,0,0
101159799,97615566,0,0,0,271155244,270630924,271548431,2,1,0,0,2,1,1,1,0,0,0,0,0,0,0,0,0,0,0,0,0,0,0
101660946,97615566,0,0,0,271155244,270630924,271548431,2,1,0,0,2,1,1,1,0,0,0,0,0,0,0,0,0,0,0,0,0,0,0
102162465,97615566,0,0,0,271155244,270630924,271548431,2,1,0,0,2,1,1,1,0,0,0,0,0,0,0,0,0,0,0,0,0,0,0
102662808,97615566,0,0,0,271155244,270630924,271548431,2,1,0,0,2,1,1,1,0,0,0,0,0,0,0,0,0,0,0,0,0,0,0
103165930,97615566,0,0,0,271155244,270630924,271548431,2,1,0,0,2,1,1,1,0,0,0,0,0,0,0,0,0,0,0,0,0,0,0
103673111,97615566,0,0,0,271155244,270630924,271548431,2,1,0,0,2,1,1,1,0,0,0,0,0,0,0,0,0,0,0,0,0,0,0
104179406,97615566,0,0,0,271155244,270630924,271548431,2,1,0,0,2,1,1,1,0,0,0,0,0,0,0,0,0,0,0,0,0,0,0
104686649,97615566,0,0,0,271155244,270630924,271548431,2,1,0,0,2,1,1,1,0,0,0,0,0,0,0,0,0,0,0,0,0,0,0
105196640,97615566,0,0,0,271155244,270630924,271548431,2,1,0,0,2,1,1,1,0,0,0,0,0,0,0,0,0,0,0,0,0,0,0
105696807,97615566,0,0,0,271155244,270630924,271548431,2,1,0,0,2,1,1,1,0,0,0,0,0,0,0,0,0,0,0,0,0,0,0
106199072,97615566,0,0,0,271155244,270630924,271548431,2,1,0,0,2,1,1,1,0,0,0,0,0,0,0,0,0,0,0,0,0,0,0
106706793,97615566,0,0,0,271155244,270630924,271548431,2,1,0,0,2,1,1,1,0,0,0,0,0,0,0,0,0,0,0,0,0,0,0
107206835,97615566,0,0,0,271155244,270630924,271548431,2,1,0,0,2,1,1,1,0,0,0,0,0,0,0,0,0,0,0,0,0,0,0
107708911,97615566,0,0,0,271155244,270630924,271548431,2,1,0,0,2,1,1,1,0,0,0,0,0,0,0,0,0,0,0,0,0,0,0
108217969,97615566,0,0,0,271155244,270630924,271548431,2,1,0,0,2,1,1,1,0,0,0,0,0,0,0,0,0,0,0,0,0,0,0
108719615,97615566,0,0,0,271155244,270630924,271548431,2,1,0,0,2,1,1,1,0,0,0,0,0,0,0,0,0,0,0,0,0,0,0
109219797,97615566,0,0,0,271155244,270630924,271548431,2,1,0,0,2,1,1,1,0,0,0,0,0,0,0,0,0,0,0,0,0,0,0
109729834,97615566,0,0,0,271155244,270630924,271548431,2,1,0,0,2,1,1,1,0,0,0,0,0,0,0,0,0,0,0,0,0,0,0
110231821,97615566,0,0,0,271155244,270630924,271548431,2,1,0,0,2,1,1,1,0,0,0,0,0,0,0,0,0,0,0,0,0,0,0
110732209,97615566,0,0,0,271155244,270630924,271548431,2,1,0,0,2,1,1,1,0,0,0,0,0,0,0,0,0,0,0,0,0,0,0
111240853,97615566,0,0,0,271155244,270630924,271548431,2,1,0,0,2,1,1,1,0,0,0,0,0,0,0,0,0,0,0,0,0,0,0
111745794,97615566,0,0,0,271155244,270630924,271548431,2,1,0,0,2,1,1,1,0,0,0,0,0,0,0,0,0,0,0,0,0,0,0
112251001,97615566,0,0,0,271155244,270630924,271548431,2,1,0,0,2,1,1,1,0,0,0,0,0,0,0,0,0,0,0,0,0,0,0
112755044,97615566,0,0,0,271155244,270630924,271548431,2,1,0,0,2,1,1,1,0,0,0,0,0,0,0,0,0,0,0,0,0,0,0
113263491,97615566,0,0,0,271155244,270630924,271548431,2,1,0,0,2,1,1,1,0,0,0,0,0,0,0,0,0,0,0,0,0,0,0
113771043,97615566,0,0,0,271155244,270630924,271548431,2,1,0,0,2,1,1,1,0,0,0,0,0,0,0,0,0,0,0,0,0,0,0
114273833,97615566,0,0,0,271155244,270630924,271548431,2,1,0,0,2,1,1,1,0,0,0,0,0,0,0,0,0,0,0,0,0,0,0
114775072,97615566,0,0,0,271155244,270630924,271548431,2,1,0,0,2,1,1,1,0,0,0,0,0,0,0,0,0,0,0,0,0,0,0
115285009,97615566,0,0,0,271155244,270630924,271548431,2,1,0,0,2,1,1,1,0,0,0,0,0,0,0,0,0,0,0,0,0,0,0
115785885,97615566,0,0,0,271155244,270630924,271548431,2,1,0,0,2,1,1,1,0,0,0,0,0,0,0,0,0,0,0,0,0,0,0
116289258,97615566,0,0,0,271155244,270630924,271548431,2,1,0,0,2,1,1,1,0,0,0,0,0,0,0,0,0,0,0,0,0,0,0
116796198,97615566,0,0,0,271155244,270630924,271548431,2,1,0,0,2,1,1,1,0,0,0,0,0,0,0,0,0,0,0,0,0,0,0
117297272,97615566,0,0,0,271155244,270630924,271548431,2,1,0,0,2,1,1,1,0,0,0,0,0,0,0,0,0,0,0,0,0,0,0
117800837,97615566,0,0,0,271155244,270630924,271548431,2,1,0,0,2,1,1,1,0,0,0,0,0,0,0,0,0,0,0,0,0,0,0
118302874,97615566,0,0,0,271155244,270630924,271548431,2,1,0,0,2,1,1,1,0,0,0,0,0,0,0,0,0,0,0,0,0,0,0
118805796,97615566,0,0,0,271155244,270630924,271548431,2,1,0,0,2,1,1,1,0,0,0,0,0,0,0,0,0,0,0,0,0,0,0
119309800,97615566,0,0,0,271155244,270630924,271548431,2,1,0,0,2,1,1,1,0,0,0,0,0,0,0,0,0,0,0,0,0,0,0
119818137,97615566,0,0,0,271155244,270630924,271548431,2,1,0,0,2,1,1,1,0,0,0,0,0,0,0,0,0,0,0,0,0,0,0
120319796,97615566,0,0,0,271155244,270630924,271548431,2,1,0,0,2,1,1,1,0,0,0,0,0,0,0,0,0,0,0,0,0,0,0
120825947,97615566,0,0,0,271155244,270630924,271548431,2,1,0,0,2,1,1,1,0,0,0,0,0,0,0,0,0,0,0,0,0,0,0
121331797,97615566,0,0,0,271155244,270630924,271548431,2,1,0,0,2,1,1,1,0,0,0,0,0,0,0,0,0,0,0,0,0,0,0
121838798,97615566,0,0,0,271155244,270630924,271548431,2,1,0,0,2,1,1,1,0,0,0,0,0,0,0,0,0,0,0,0,0,0,0
122341835,97615566,0,0,0,271155244,270630924,271548431,2,1,0,0,2,1,1,1,0,0,0,0,0,0,0,0,0,0,0,0,0,0,0
122851819,97615566,0,0,0,271155244,270630924,271548431,2,1,0,0,2,1,1,1,0,0,0,0,0,0,0,0,0,0,0,0,0,0,0
123355005,97615566,0,0,0,271155244,270630924,271548431,2,1,0,0,2,1,1,1,0,0,0,0,0,0,0,0,0,0,0,0,0,0,0
123862797,97615566,0,0,0,271155244,270630924,271548431,2,1,0,0,2,1,1,1,0,0,0,0,0,0,0,0,0,0,0,0,0,0,0
124362828,97615566,0,0,0,271155244,270630924,271548431,2,1,0,0,2,1,1,1,0,0,0,0,0,0,0,0,0,0,0,0,0,0,0
124864597,97615566,0,0,0,271155244,270630924,271548431,2,1,0,0,2,1,1,1,0,0,0,0,0,0,0,0,0,0,0,0,0,0,0
125369946,97615566,0,0,0,271155244,270630924,271548431,2,1,0,0,2,1,1,1,0,0,0,0,0,0,0,0,0,0,0,0,0,0,0
125872831,97615566,0,0,0,271155244,270630924,271548431,2,1,0,0,2,1,1,1,0,0,0,0,0,0,0,0,0,0,0,0,0,0,0
126378143,97615566,0,0,0,271155244,270630924,271548431,2,1,0,0,2,1,1,1,0,0,0,0,0,0,0,0,0,0,0,0,0,0,0
126884843,97615566,0,0,0,271155244,270630924,271548431,2,1,0,0,2,1,1,1,0,0,0,0,0,0,0,0,0,0,0,0,0,0,0
127384874,97615566,0,0,0,271155244,270630924,271548431,2,1,0,0,2,1,1,1,0,0,0,0,0,0,0,0,0,0,0,0,0,0,0
127890115,97615566,0,0,0,271155244,270630924,271548431,2,1,0,0,2,1,1,1,0,0,0,0,0,0,0,0,0,0,0,0,0,0,0
128395840,97615566,0,0,0,271155244,270630924,271548431,2,1,0,0,2,1,1,1,0,0,0,0,0,0,0,0,0,0,0,0,0,0,0
128901803,97615566,0,0,0,271155244,270630924,271548431,2,1,0,0,2,1,1,1,0,0,0,0,0,0,0,0,0,0,0,0,0,0,0
129405138,97615566,0,0,0,271155244,270630924,271548431,2,1,0,0,2,1,1,1,0,0,0,0,0,0,0,0,0,0,0,0,0,0,0
129908837,97615566,0,0,0,271155244,270630924,271548431,2,1,0,0,2,1,1,1,0,0,0,0,0,0,0,0,0,0,0,0,0,0,0
130416614,97615566,0,0,0,271155244,270630924,271548431,2,1,0,0,2,1,1,1,0,0,0,0,0,0,0,0,0,0,0,0,0,0,0
130926624,97615566,0,0,0,271155244,270630924,271548431,2,1,0,0,2,1,1,1,0,0,0,0,0,0,0,0,0,0,0,0,0,0,0
131428894,97615566,0,0,0,271155244,270630924,271548431,2,1,0,0,2,1,1,1,0,0,0,0,0,0,0,0,0,0,0,0,0,0,0
131929795,97615566,0,0,0,271155244,270630924,271548431,2,1,0,0,2,1,1,1,0,0,0,0,0,0,0,0,0,0,0,0,0,0,0
132434845,97615566,0,0,0,271155244,270630924,271548431,2,1,0,0,2,1,1,1,0,0,0,0,0,0,0,0,0,0,0,0,0,0,0
132939820,97615566,0,0,0,271155244,270630924,271548431,2,1,0,0,2,1,1,1,0,0,0,0,0,0,0,0,0,0,0,0,0,0,0
133446177,97615566,0,0,0,271155244,270630924,271548431,2,1,0,0,2,1,1,1,0,0,0,0,0,0,0,0,0,0,0,0,0,0,0
133949797,97615566,0,0,0,271155244,270630924,271548431,2,1,0,0,2,1,1,1,0,0,0,0,0,0,0,0,0,0,0,0,0,0,0
134450834,97615566,0,0,0,271155244,270630924,271548431,2,1,0,0,2,1,1,1,0,0,0,0,0,0,0,0,0,0,0,0,0,0,0
134957424,97615566,0,0,0,271155244,270630924,271548431,2,1,0,0,2,1,1,1,0,0,0,0,0,0,0,0,0,0,0,0,0,0,0
135462875,97615566,0,0,0,271155244,270630924,271548431,2,1,0,0,2,1,1,1,0,0,0,0,0,0,0,0,0,0,0,0,0,0,0
135972667,97615566,0,0,0,271155244,270630924,271548431,2,1,0,0,2,1,1,1,0,0,0,0,0,0,0,0,0,0,0,0,0,0,0
136479835,97615566,0,0,0,271155244,270630924,271548431,2,1,0,0,2,1,1,1,0,0,0,0,0,0,0,0,0,0,0,0,0,0,0
136982941,97615566,0,0,0,271155244,270630924,271548431,2,1,0,0,2,1,1,1,0,0,0,0,0,0,0,0,0,0,0,0,0,0,0
137483795,97615566,0,0,0,271155244,270630924,271548431,2,1,0,0,2,1,1,1,0,0,0,0,0,0,0,0,0,0,0,0,0,0,0
137991034,97615566,0,0,0,271155244,270630924,271548431,2,1,0,0,2,1,1,1,0,0,0,0,0,0,0,0,0,0,0,0,0,0,0
138496846,97615566,0,0,0,271155244,270630924,271548431,2,1,0,0,2,1,1,1,0,0,0,0,0,0,0,0,0,0,0,0,0,0,0
138998373,97615566,0,0,0,271155244,270630924,271548431,2,1,0,0,2,1,1,1,0,0,0,0,0,0,0,0,0,0,0,0,0,0,0
139505402,97615566,0,0,0,271155244,270630924,271548431,2,1,0,0,2,1,1,1,0,0,0,0,0,0,0,0,0,0,0,0,0,0,0
140007839,97615566,0,0,0,271155244,270630924,271548431,2,1,0,0,2,1,1,1,0,0,0,0,0,0,0,0,0,0,0,0,0,0,0
140509109,97615566,0,0,0,271155244,270630924,271548431,2,1,0,0,2,1,1,1,0,0,0,0,0,0,0,0,0,0,0,0,0,0,0
141016096,97615566,0,0,0,271155244,270630924,271548431,2,1,0,0,2,1,1,1,0,0,0,0,0,0,0,0,0,0,0,0,0,0,0
141525995,97615566,0,0,0,271155244,270630924,271548431,2,1,0,0,2,1,1,1,0,0,0,0,0,0,0,0,0,0,0,0,0,0,0
142030837,97615566,0,0,0,271155244,270630924,271548431,2,1,0,0,2,1,1,1,0,0,0,0,0,0,0,0,0,0,0,0,0,0,0
142538794,97615566,0,0,0,271155244,270630924,271548431,2,1,0,0,2,1,1,1,0,0,0,0,0,0,0,0,0,0,0,0,0,0,0
143038852,97615566,0,0,0,271155244,270630924,271548431,2,1,0,0,2,1,1,1,0,0,0,0,0,0,0,0,0,0,0,0,0,0,0
143539820,97615566,0,0,0,271155244,270630924,271548431,2,1,0,0,2,1,1,1,0,0,0,0,0,0,0,0,0,0,0,0,0,0,0
144041820,97615566,0,0,0,271155244,270630924,271548431,2,1,0,0,2,1,1,1,0,0,0,0,0,0,0,0,0,0,0,0,0,0,0
144549960,97615566,0,0,0,271155244,270630924,271548431,2,1,0,0,2,1,1,1,0,0,0,0,0,0,0,0,0,0,0,0,0,0,0
145050822,97615566,0,0,0,271155244,270630924,271548431,2,1,0,0,2,1,1,1,0,0,0,0,0,0,0,0,0,0,0,0,0,0,0
145553797,97615566,0,0,0,271155244,270630924,271548431,2,1,0,0,2,1,1,1,0,0,0,0,0,0,0,0,0,0,0,0,0,0,0
146062331,97615566,0,0,0,271155244,270630924,271548431,2,1,0,0,2,1,1,1,0,0,0,0,0,0,0,0,0,0,0,0,0,0,0
146566862,97615566,0,0,0,271155244,270630924,271548431,2,1,0,0,2,1,1,1,0,0,0,0,0,0,0,0,0,0,0,0,0,0,0
147068234,97615566,0,0,0,271155244,270630924,271548431,2,1,0,0,2,1,1,1,0,0,0,0,0,0,0,0,0,0,0,0,0,0,0
147573046,97615566,0,0,0,271155244,270630924,271548431,2,1,0,0,2,1,1,1,0,0,0,0,0,0,0,0,0,0,0,0,0,0,0
148083825,97615566,0,0,0,271155244,270630924,271548431,2,1,0,0,2,1,1,1,0,0,0,0,0,0,0,0,0,0,0,0,0,0,0
148590926,97615566,0,0,0,271155244,270630924,271548431,2,1,0,0,2,1,1,1,0,0,0,0,0,0,0,0,0,0,0,0,0,0,0
149097838,97615566,0,0,0,271155244,270630924,271548431,2,1,0,0,2,1,1,1,0,0,0,0,0,0,0,0,0,0,0,0,0,0,0
149601828,97615566,0,0,0,271155244,270630924,271548431,2,1,0,0,2,1,1,1,0,0,0,0,0,0,0,0,0,0,0,0,0,0,0
150105793,97615566,0,0,0,271155244,270630924,271548431,2,1,0,0,2,1,1,1,0,0,0,0,0,0,0,0,0,0,0,0,0,0,0
150606838,97615566,0,0,0,271155244,270630924,271548431,2,1,0,0,2,1,1,1,0,0,0,0,0,0,0,0,0,0,0,0,0,0,0
151109795,97615566,0,0,0,271155244,270630924,271548431,2,1,0,0,2,1,1,1,0,0,0,0,0,0,0,0,0,0,0,0,0,0,0
151618795,97615566,0,0,0,271155244,270630924,271548431,2,1,0,0,2,1,1,1,0,0,0,0,0,0,0,0,0,0,0,0,0,0,0
152121126,97615566,0,0,0,271155244,270630924,271548431,2,1,0,0,2,1,1,1,0,0,0,0,0,0,0,0,0,0,0,0,0,0,0
152631800,97615566,0,0,0,271155244,270630924,271548431,2,1,0,0,2,1,1,1,0,0,0,0,0,0,0,0,0,0,0,0,0,0,0
153141798,97615566,0,0,0,271155244,270630924,271548431,2,1,0,0,2,1,1,1,0,0,0,0,0,0,0,0,0,0,0,0,0,0,0
153647868,97615566,0,0,0,271155244,270630924,271548431,2,1,0,0,2,1,1,1,0,0,0,0,0,0,0,0,0,0,0,0,0,0,0
154150821,97615566,0,0,0,271155244,270630924,271548431,2,1,0,0,2,1,1,1,0,0,0,0,0,0,0,0,0,0,0,0,0,0,0
154657321,97615566,0,0,0,271155244,270630924,271548431,2,1,0,0,2,1,1,1,0,0,0,0,0,0,0,0,0,0,0,0,0,0,0
155160838,97615566,0,0,0,271155244,270630924,271548431,2,1,0,0,2,1,1,1,0,0,0,0,0,0,0,0,0,0,0,0,0,0,0
155662839,97615566,0,0,0,271155244,270630924,271548431,2,1,0,0,2,1,1,1,0,0,0,0,0,0,0,0,0,0,0,0,0,0,0
156171817,97615566,0,0,0,271155244,270630924,271548431,2,1,0,0,2,1,1,1,0,0,0,0,0,0,0,0,0,0,0,0,0,0,0
156682823,97615566,0,0,0,271155244,270630924,271548431,2,1,0,0,2,1,1,1,0,0,0,0,0,0,0,0,0,0,0,0,0,0,0
157185189,97615566,0,0,0,271155244,270630924,271548431,2,1,0,0,2,1,1,1,0,0,0,0,0,0,0,0,0,0,0,0,0,0,0
157686331,97615566,0,0,0,271155244,270630924,271548431,2,1,0,0,2,1,1,1,0,0,0,0,0,0,0,0,0,0,0,0,0,0,0
158197018,97615566,0,0,0,271155244,270630924,271548431,2,1,0,0,2,1,1,1,0,0,0,0,0,0,0,0,0,0,0,0,0,0,0
158702140,97615566,0,0,0,271155244,270630924,271548431,2,1,0,0,2,1,1,1,0,0,0,0,0,0,0,0,0,0,0,0,0,0,0
159204882,97615566,0,0,0,271155244,270630924,271548431,2,1,0,0,2,1,1,1,0,0,0,0,0,0,0,0,0,0,0,0,0,0,0
159707521,97615566,0,0,0,271155244,270630924,271548431,2,1,0,0,2,1,1,1,0,0,0,0,0,0,0,0,0,0,0,0,0,0,0
160208286,97615566,0,0,0,271155244,270630924,271548431,2,1,0,0,2,1,1,1,0,0,0,0,0,0,0,0,0,0,0,0,0,0,0
160711799,97615566,0,0,0,271155244,270630924,271548431,2,1,0,0,2,1,1,1,0,0,0,0,0,0,0,0,0,0,0,0,0,0,0
161218456,97615566,0,0,0,271155244,270630924,271548431,2,1,0,0,2,1,1,1,0,0,0,0,0,0,0,0,0,0,0,0,0,0,0
161719123,97615566,0,0,0,271155244,270630924,271548431,2,1,0,0,2,1,1,1,0,0,0,0,0,0,0,0,0,0,0,0,0,0,0
162221849,97615566,0,0,0,271155244,270630924,271548431,2,1,0,0,2,1,1,1,0,0,0,0,0,0,0,0,0,0,0,0,0,0,0
162731821,97615566,0,0,0,271155244,270630924,271548431,2,1,0,0,2,1,1,1,0,0,0,0,0,0,0,0,0,0,0,0,0,0,0
163235797,97615566,0,0,0,271155244,270630924,271548431,2,1,0,0,2,1,1,1,0,0,0,0,0,0,0,0,0,0,0,0,0,0,0
163737249,97615566,0,0,0,271155244,270630924,271548431,2,1,0,0,2,1,1,1,0,0,0,0,0,0,0,0,0,0,0,0,0,0,0
164240905,97615566,0,0,0,271155244,270630924,271548431,2,1,0,0,2,1,1,1,0,0,0,0,0,0,0,0,0,0,0,0,0,0,0
164747882,97615566,0,0,0,271155244,270630924,271548431,2,1,0,0,2,1,1,1,0,0,0,0,0,0,0,0,0,0,0,0,0,0,0
165249795,97615566,0,0,0,271155244,270630924,271548431,2,1,0,0,2,1,1,1,0,0,0,0,0,0,0,0,0,0,0,0,0,0,0
165753864,97615566,0,0,0,271155244,270630924,271548431,2,1,0,0,2,1,1,1,0,0,0,0,0,0,0,0,0,0,0,0,0,0,0
166262801,97615566,0,0,0,271155244,270630924,271548431,2,1,0,0,2,1,1,1,0,0,0,0,0,0,0,0,0,0,0,0,0,0,0
166762825,97615566,0,0,0,271155244,270630924,271548431,2,1,0,0,2,1,1,1,0,0,0,0,0,0,0,0,0,0,0,0,0,0,0
167265107,97615566,0,0,0,271155244,270630924,271548431,2,1,0,0,2,1,1,1,0,0,0,0,0,0,0,0,0,0,0,0,0,0,0
167775249,97615566,0,0,0,271155244,270630924,271548431,2,1,0,0,2,1,1,1,0,0,0,0,0,0,0,0,0,0,0,0,0,0,0
168280871,97615566,0,0,0,271155244,270630924,271548431,2,1,0,0,2,1,1,1,0,0,0,0,0,0,0,0,0,0,0,0,0,0,0
168791111,97615566,0,0,0,271155244,270630924,271548431,2,1,0,0,2,1,1,1,0,0,0,0,0,0,0,0,0,0,0,0,0,0,0
169298117,97615566,0,0,0,271155244,270630924,271548431,2,1,0,0,2,1,1,1,0,0,0,0,0,0,0,0,0,0,0,0,0,0,0
169803798,97615566,0,0,0,271155244,270630924,271548431,2,1,0,0,2,1,1,1,0,0,0,0,0,0,0,0,0,0,0,0,0,0,0
170306948,97615566,0,0,0,271155244,270630924,271548431,2,1,0,0,2,1,1,1,0,0,0,0,0,0,0,0,0,0,0,0,0,0,0
170808814,97615566,0,0,0,271155244,270630924,271548431,2,1,0,0,2,1,1,1,0,0,0,0,0,0,0,0,0,0,0,0,0,0,0
171310355,97615566,0,0,0,271155244,270630924,271548431,2,1,0,0,2,1,1,1,0,0,0,0,0,0,0,0,0,0,0,0,0,0,0
171820820,97615566,0,0,0,271155244,270630924,271548431,2,1,0,0,2,1,1,1,0,0,0,0,0,0,0,0,0,0,0,0,0,0,0
172323895,97615566,0,0,0,271155244,270630924,271548431,2,1,0,0,2,1,1,1,0,0,0,0,0,0,0,0,0,0,0,0,0,0,0
172829411,97615566,0,0,0,271155244,270630924,271548431,2,1,0,0,2,1,1,1,0,0,0,0,0,0,0,0,0,0,0,0,0,0,0
173335787,97615566,0,0,0,271155244,270630924,271548431,2,1,0,0,2,1,1,1,0,0,0,0,0,0,0,0,0,0,0,0,0,0,0
173845716,97615566,0,0,0,271155244,270630924,271548431,2,1,0,0,2,1,1,1,0,0,0,0,0,0,0,0,0,0,0,0,0,0,0
174356662,97615566,0,0,0,271155244,270630924,271548431,2,1,0,0,2,1,1,1,0,0,0,0,0,0,0,0,0,0,0,0,0,0,0
174861903,97615566,0,0,0,271155244,270630924,271548431,2,1,0,0,2,1,1,1,0,0,0,0,0,0,0,0,0,0,0,0,0,0,0
175365334,97615566,0,0,0,271155244,270630924,271548431,2,1,0,0,2,1,1,1,0,0,0,0,0,0,0,0,0,0,0,0,0,0,0
175867001,97615566,0,0,0,271155244,270630924,271548431,2,1,0,0,2,1,1,1,0,0,0,0,0,0,0,0,0,0,0,0,0,0,0
176370817,97615566,0,0,0,271155244,270630924,271548431,2,1,0,0,2,1,1,1,0,0,0,0,0,0,0,0,0,0,0,0,0,0,0
176881020,97615566,0,0,0,271155244,270630924,271548431,2,1,0,0,2,1,1,1,0,0,0,0,0,0,0,0,0,0,0,0,0,0,0
177382936,97615566,0,0,0,271155244,270630924,271548431,2,1,0,0,2,1,1,1,0,0,0,0,0,0,0,0,0,0,0,0,0,0,0
177887005,97615566,0,0,0,271155244,270630924,271548431,2,1,0,0,2,1,1,1,0,0,0,0,0,0,0,0,0,0,0,0,0,0,0
178394181,97615566,0,0,0,271155244,270630924,271548431,2,1,0,0,2,1,1,1,0,0,0,0,0,0,0,0,0,0,0,0,0,0,0
178894847,97615566,0,0,0,271155244,270630924,271548431,2,1,0,0,2,1,1,1,0,0,0,0,0,0,0,0,0,0,0,0,0,0,0
179400913,97615566,0,0,0,271155244,270630924,271548431,2,1,0,0,2,1,1,1,0,0,0,0,0,0,0,0,0,0,0,0,0,0,0
179905301,97615566,0,0,0,271155244,270630924,271548431,2,1,0,0,2,1,1,1,0,0,0,0,0,0,0,0,0,0,0,0,0,0,0
180415808,97615566,0,0,0,271155244,270630924,271548431,2,1,0,0,2,1,1,1,0,0,0,0,0,0,0,0,0,0,0,0,0,0,0
180921958,97615566,0,0,0,271155244,270630924,271548431,2,1,0,0,2,1,1,1,0,0,0,0,0,0,0,0,0,0,0,0,0,0,0
181429997,97615566,0,0,0,271155244,270630924,271548431,2,1,0,0,2,1,1,1,0,0,0,0,0,0,0,0,0,0,0,0,0,0,0
181934944,97615566,0,0,0,271155244,270630924,271548431,2,1,0,0,2,1,1,1,0,0,0,0,0,0,0,0,0,0,0,0,0,0,0
182436807,97615566,0,0,0,271155244,270630924,271548431,2,1,0,0,2,1,1,1,0,0,0,0,0,0,0,0,0,0,0,0,0,0,0
182939796,97615566,0,0,0,271155244,270630924,271548431,2,1,0,0,2,1,1,1,0,0,0,0,0,0,0,0,0,0,0,0,0,0,0
183449530,97615566,0,0,0,271155244,270630924,271548431,2,1,0,0,2,1,1,1,0,0,0,0,0,0,0,0,0,0,0,0,0,0,0
183952917,97615566,0,0,0,271155244,270630924,271548431,2,1,0,0,2,1,1,1,0,0,0,0,0,0,0,0,0,0,0,0,0,0,0
184460541,97615566,0,0,0,271155244,270630924,271548431,2,1,0,0,2,1,1,1,0,0,0,0,0,0,0,0,0,0,0,0,0,0,0
184961800,97615566,0,0,0,271155244,270630924,271548431,2,1,0,0,2,1,1,1,0,0,0,0,0,0,0,0,0,0,0,0,0,0,0
185469956,97615566,0,0,0,271155244,270630924,271548431,2,1,0,0,2,1,1,1,0,0,0,0,0,0,0,0,0,0,0,0,0,0,0
185976219,97615566,0,0,0,271155244,270630924,271548431,2,1,0,0,2,1,1,1,0,0,0,0,0,0,0,0,0,0,0,0,0,0,0
186479906,97615566,0,0,0,271155244,270630924,271548431,2,1,0,0,2,1,1,1,0,0,0,0,0,0,0,0,0,0,0,0,0,0,0
186983995,97615566,0,0,0,271155244,270630924,271548431,2,1,0,0,2,1,1,1,0,0,0,0,0,0,0,0,0,0,0,0,0,0,0
187486685,97615566,0,0,0,271155244,270630924,271548431,2,1,0,0,2,1,1,1,0,0,0,0,0,0,0,0,0,0,0,0,0,0,0
187996546,97615566,0,0,0,271155244,270630924,271548431,2,1,0,0,2,1,1,1,0,0,0,0,0,0,0,0,0,0,0,0,0,0,0
188496819,97615566,0,0,0,271155244,270630924,271548431,2,1,0,0,2,1,1,1,0,0,0,0,0,0,0,0,0,0,0,0,0,0,0
189000821,97615566,0,0,0,271155244,270630924,271548431,2,1,0,0,2,1,1,1,0,0,0,0,0,0,0,0,0,0,0,0,0,0,0
189509864,97615566,0,0,0,271155244,270630924,271548431,2,1,0,0,2,1,1,1,0,0,0,0,0,0,0,0,0,0,0,0,0,0,0
190018797,97615566,0,0,0,271155244,270630924,271548431,2,1,0,0,2,1,1,1,0,0,0,0,0,0,0,0,0,0,0,0,0,0,0
190525143,97615566,0,0,0,271155244,270630924,271548431,2,1,0,0,2,1,1,1,0,0,0,0,0,0,0,0,0,0,0,0,0,0,0
191030094,97615566,0,0,0,271155244,270630924,271548431,2,1,0,0,2,1,1,1,0,0,0,0,0,0,0,0,0,0,0,0,0,0,0
191532841,97615566,0,0,0,271155244,270630924,271548431,2,1,0,0,2,1,1,1,0,0,0,0,0,0,0,0,0,0,0,0,0,0,0
192032940,97615566,0,0,0,271155244,270630924,271548431,2,1,0,0,2,1,1,1,0,0,0,0,0,0,0,0,0,0,0,0,0,0,0
192540940,97615566,0,0,0,271155244,270630924,271548431,2,1,0,0,2,1,1,1,0,0,0,0,0,0,0,0,0,0,0,0,0,0,0
193050442,97615566,0,0,0,271155244,270630924,271548431,2,1,0,0,2,1,1,1,0,0,0,0,0,0,0,0,0,0,0,0,0,0,0
193561187,97615566,0,0,0,271155244,270630924,271548431,2,1,0,0,2,1,1,1,0,0,0,0,0,0,0,0,0,0,0,0,0,0,0
194070091,97615566,0,0,0,271155244,270630924,271548431,2,1,0,0,2,1,1,1,0,0,0,0,0,0,0,0,0,0,0,0,0,0,0
194577071,97615566,0,0,0,271155244,270630924,271548431,2,1,0,0,2,1,1,1,0,0,0,0,0,0,0,0,0,0,0,0,0,0,0
195083983,97615566,0,0,0,271155244,270630924,271548431,2,1,0,0,2,1,1,1,0,0,0,0,0,0,0,0,0,0,0,0,0,0,0
195590897,97615566,0,0,0,271155244,270630924,271548431,2,1,0,0,2,1,1,1,0,0,0,0,0,0,0,0,0,0,0,0,0,0,0
196096884,97615566,0,0,0,271155244,270630924,271548431,2,1,0,0,2,1,1,1,0,0,0,0,0,0,0,0,0,0,0,0,0,0,0
196602100,97615566,0,0,0,271155244,270630924,271548431,2,1,0,0,2,1,1,1,0,0,0,0,0,0,0,0,0,0,0,0,0,0,0
197106266,97615566,0,0,0,271155244,270630924,271548431,2,1,0,0,2,1,1,1,0,0,0,0,0,0,0,0,0,0,0,0,0,0,0
197607872,97615566,0,0,0,271155244,270630924,271548431,2,1,0,0,2,1,1,1,0,0,0,0,0,0,0,0,0,0,0,0,0,0,0
198118796,97615566,0,0,0,271155244,270630924,271548431,2,1,0,0,2,1,1,1,0,0,0,0,0,0,0,0,0,0,0,0,0,0,0
198619082,97615566,0,0,0,271155244,270630924,271548431,2,1,0,0,2,1,1,1,0,0,0,0,0,0,0,0,0,0,0,0,0,0,0
199126302,97615566,0,0,0,271155244,270630924,271548431,2,1,0,0,2,1,1,1,0,0,0,0,0,0,0,0,0,0,0,0,0,0,0
199630795,97615566,0,0,0,271155244,270630924,271548431,2,1,0,0,2,1,1,1,0,0,0,0,0,0,0,0,0,0,0,0,0,0,0
200136524,97615566,0,0,0,271155244,270630924,271548431,2,1,0,0,2,1,1,1,0,0,0,0,0,0,0,0,0,0,0,0,0,0,0
200640454,97615566,0,0,0,271155244,270630924,271548431,2,1,0,0,2,1,1,1,0,0,0,0,0,0,0,0,0,0,0,0,0,0,0
201140887,97615566,0,0,0,271155244,270630924,271548431,2,1,0,0,2,1,1,1,0,0,0,0,0,0,0,0,0,0,0,0,0,0,0
201650827,97615566,0,0,0,271155244,270630924,271548431,2,1,0,0,2,1,1,1,0,0,0,0,0,0,0,0,0,0,0,0,0,0,0
202157883,97615566,0,0,0,271155244,270630924,271548431,2,1,0,0,2,1,1,1,0,0,0,0,0,0,0,0,0,0,0,0,0,0,0
202658846,97615566,0,0,0,271155244,270630924,271548431,2,1,0,0,2,1,1,1,0,0,0,0,0,0,0,0,0,0,0,0,0,0,0
203164108,97615566,0,0,0,271155244,270630924,271548431,2,1,0,0,2,1,1,1,0,0,0,0,0,0,0,0,0,0,0,0,0,0,0
203672837,97615566,0,0,0,271155244,270630924,271548431,2,1,0,0,2,1,1,1,0,0,0,0,0,0,0,0,0,0,0,0,0,0,0
204178826,97615566,0,0,0,271155244,270630924,271548431,2,1,0,0,2,1,1,1,0,0,0,0,0,0,0,0,0,0,0,0,0,0,0
204680798,97615566,0,0,0,271155244,270630924,271548431,2,1,0,0,2,1,1,1,0,0,0,0,0,0,0,0,0,0,0,0,0,0,0
205184796,97615566,0,0,0,271155244,270630924,271548431,2,1,0,0,2,1,1,1,0,0,0,0,0,0,0,0,0,0,0,0,0,0,0
205684843,97615566,0,0,0,271155244,270630924,271548431,2,1,0,0,2,1,1,1,0,0,0,0,0,0,0,0,0,0,0,0,0,0,0
206185969,97615566,0,0,0,271155244,270630924,271548431,2,1,0,0,2,1,1,1,0,0,0,0,0,0,0,0,0,0,0,0,0,0,0
206691950,97615566,0,0,0,271155244,270630924,271548431,2,1,0,0,2,1,1,1,0,0,0,0,0,0,0,0,0,0,0,0,0,0,0
207017540,97615566,0,207017240,0,271155244,270630924,271548431,2,2,0,0,2,1,1,1,0,0,0,0,0,0,0,0,0,0,0,0,0,4,0
207527820,97615566,0,207017240,0,271155244,270630924,271548431,2,2,0,0,2,1,1,1,0,0,0,0,0,0,0,0,0,0,0,0,0,4,0
208028350,97615566,0,207017240,0,271155244,270630924,271548431,2,2,0,0,2,1,1,1,0,0,0,0,0,0,0,0,0,0,0,0,0,4,0
208530541,97615566,0,207017240,0,271155244,270630924,271548431,2,2,0,0,2,1,1,1,0,0,0,0,0,0,0,0,0,0,0,0,0,4,0
209030827,97615566,0,207017240,0,271155244,270630924,271548431,2,2,0,0,2,1,1,1,0,0,0,0,0,0,0,0,0,0,0,0,0,4,0
209540796,97615566,0,207017240,0,271155244,270630924,271548431,2,2,0,0,2,1,1,1,0,0,0,0,0,0,0,0,0,0,0,0,0,4,0
210046065,97615566,0,207017240,209843839,271155244,270630924,271548431,2,2,0,0,2,1,1,1,0,0,0,0,0,0,0,0,0,0,0,0,0,4,0
210555797,97615566,0,207017240,209843839,271155244,270630924,271548431,2,2,0,0,2,1,1,1,0,0,0,0,0,0,0,0,0,0,0,0,0,4,0
211061364,97615566,0,207017240,209843839,271155244,270630924,271548431,2,2,0,0,2,1,1,1,0,0,0,0,0,0,0,0,0,0,0,0,0,4,0
211572193,97615566,0,207017240,209843839,271155244,270630924,271548431,2,2,0,0,2,1,1,1,0,0,0,0,0,0,0,0,0,0,0,0,0,4,0
211922339,97615566,0,207017240,209843839,271155244,270630924,271548431,2,2,0,0,2,1,1,1,0,0,0,0,0,0,0,0,0,0,0,0,128,4,0
212327805,97615566,0,207017240,209843839,271155244,270630924,271548431,2,2,0,0,2,1,1,1,0,0,0,0,0,0,0,0,0,0,0,0,0,4,0
212827913,97615566,0,207017240,209843839,271155244,270630924,271548431,2,2,0,0,2,1,1,1,0,0,0,0,0,0,0,0,0,0,0,0,0,4,0
213328008,97615566,0,207017240,209843839,271155244,270630924,271548431,2,2,0,0,2,1,1,1,0,0,0,0,0,0,0,0,0,0,0,0,0,4,0
213829923,97615566,0,207017240,209843839,271155244,270630924,271548431,2,2,0,0,2,1,1,1,0,0,0,0,0,0,0,0,0,0,0,0,0,4,0
214336660,97615566,0,207017240,209843839,271155244,270630924,271548431,2,2,0,0,2,1,1,1,0,0,0,0,0,0,0,0,0,0,0,0,0,4,0
214839792,97615566,0,207017240,209843839,271155244,270630924,271548431,2,2,0,0,2,1,1,1,0,0,0,0,0,0,0,0,0,0,0,0,0,4,0
215341971,97615566,0,207017240,209843839,271155244,270630924,271548431,2,2,0,0,2,1,1,1,0,0,0,0,0,0,0,0,0,0,0,0,0,4,0
215848799,97615566,0,207017240,209843839,271155244,270630924,271548431,2,2,0,0,2,1,1,1,0,0,0,0,0,0,0,0,0,0,0,0,0,4,0
216350821,97615566,0,207017240,209843839,271155244,270630924,271548431,2,2,0,0,2,1,1,1,0,0,0,0,0,0,0,0,0,0,0,0,0,4,0
216851317,97615566,0,207017240,209843839,271155244,270630924,271548431,2,2,0,0,2,1,1,1,0,0,0,0,0,0,0,0,0,0,0,0,0,4,0
217361868,97615566,0,207017240,209843839,271155244,270630924,271548431,2,2,0,0,2,1,1,1,0,0,0,0,0,0,0,0,0,0,0,0,0,4,0
217872796,97615566,0,207017240,209843839,271155244,270630924,271548431,2,2,0,0,2,1,1,1,0,0,0,0,0,0,0,0,0,0,0,0,0,4,0
218372838,97615566,0,207017240,209843839,271155244,270630924,271548431,2,2,0,0,2,1,1,1,0,0,0,0,0,0,0,0,0,0,0,0,0,4,0
218873833,97615566,0,207017240,209843839,271155244,270630924,271548431,2,2,0,0,2,1,1,1,0,0,0,0,0,0,0,0,0,0,0,0,0,4,0
219385038,97615566,0,207017240,209843839,271155244,270630924,271548431,2,2,0,0,2,1,1,1,0,0,0,0,0,0,0,0,0,0,0,0,0,4,0
219885566,97615566,0,207017240,209843839,271155244,270630924,271548431,2,2,0,0,2,1,1,1,0,0,0,0,0,0,0,0,0,0,0,0,0,4,0
220394087,97615566,0,207017240,209843839,271155244,270630924,271548431,2,2,0,0,2,1,1,1,0,0,0,0,0,0,0,0,0,0,0,0,0,4,0
220907568,97615566,0,207017240,209843839,271155244,270630924,271548431,2,2,0,0,2,1,1,1,0,0,0,0,0,0,0,0,0,0,0,0,0,4,0
221416903,97615566,0,207017240,209843839,271155244,270630924,271548431,2,2,0,0,2,1,1,1,0,0,0,0,0,0,0,0,0,0,0,0,0,4,0
221918824,97615566,0,207017240,209843839,271155244,270630924,271548431,2,2,0,0,2,1,1,1,0,0,0,0,0,0,0,0,0,0,0,0,0,4,0
222428928,97615566,0,207017240,209843839,271155244,270630924,271548431,2,2,0,0,2,1,1,1,0,0,0,0,0,0,0,0,0,0,0,0,0,4,0
222931390,97615566,0,207017240,209843839,271155244,270630924,271548431,2,2,0,0,2,1,1,1,0,0,0,0,0,0,0,0,0,0,0,0,0,4,0
223440799,97615566,0,207017240,209843839,271155244,270630924,271548431,2,2,0,0,2,1,1,1,0,0,0,0,0,0,0,0,0,0,0,0,0,4,0
223940812,97615566,0,207017240,209843839,271155244,270630924,271548431,2,2,0,0,2,1,1,1,0,0,0,0,0,0,0,0,0,0,0,0,0,4,0
224441202,97615566,0,207017240,209843839,271155244,270630924,271548431,2,2,0,0,2,1,1,1,0,0,0,0,0,0,0,0,0,0,0,0,0,4,0
224950938,97615566,0,207017240,209843839,271155244,270630924,271548431,2,2,0,0,2,1,1,1,0,0,0,0,0,0,0,0,0,0,0,0,0,4,0
225457908,97615566,0,207017240,209843839,271155244,270630924,271548431,2,2,0,0,2,1,1,1,0,0,0,0,0,0,0,0,0,0,0,0,0,4,0
225961884,97615566,0,207017240,209843839,271155244,270630924,271548431,2,2,0,0,2,1,1,1,0,0,0,0,0,0,0,0,0,0,0,0,0,4,0
226471794,97615566,0,207017240,209843839,271155244,270630924,271548431,2,2,0,0,2,1,1,1,0,0,0,0,0,0,0,0,0,0,0,0,0,4,0
226973898,97615566,0,207017240,209843839,271155244,270630924,271548431,2,2,0,0,2,1,1,1,0,0,0,0,0,0,0,0,0,0,0,0,0,4,0
227474947,97615566,0,207017240,209843839,271155244,270630924,271548431,2,2,0,0,2,1,1,1,0,0,0,0,0,0,0,0,0,0,0,0,0,4,0
227985061,97615566,0,207017240,209843839,271155244,270630924,271548431,2,2,0,0,2,1,1,1,0,0,0,0,0,0,0,0,0,0,0,0,0,4,0
228494939,97615566,0,207017240,209843839,271155244,270630924,271548431,2,2,0,0,2,1,1,1,0,0,0,0,0,0,0,0,0,0,0,0,0,4,0
229005837,97615566,0,207017240,209843839,271155244,270630924,271548431,2,2,0,0,2,1,1,1,0,0,0,0,0,0,0,0,0,0,0,0,0,4,0
229507212,97615566,0,207017240,209843839,271155244,270630924,271548431,2,2,0,0,2,1,1,1,0,0,0,0,0,0,0,0,0,0,0,0,0,4,0
230017772,97615566,0,207017240,209843839,271155244,270630924,271548431,2,2,0,0,2,1,1,1,0,0,0,0,0,0,0,0,0,0,0,0,0,4,0
230517795,97615566,0,207017240,209843839,271155244,270630924,271548431,2,2,0,0,2,1,1,1,0,0,0,0,0,0,0,0,0,0,0,0,0,4,0
231025939,97615566,0,207017240,209843839,271155244,270630924,271548431,2,2,0,0,2,1,1,1,0,0,0,0,0,0,0,0,0,0,0,0,0,4,0
231529824,97615566,0,207017240,209843839,271155244,270630924,271548431,2,2,0,0,2,1,1,1,0,0,0,0,0,0,0,0,0,0,0,0,0,4,0
232038798,97615566,0,207017240,209843839,271155244,270630924,271548431,2,2,0,0,2,1,1,1,0,0,0,0,0,0,0,0,0,0,0,0,0,4,0
232538854,97615566,0,207017240,209843839,271155244,270630924,271548431,2,2,0,0,2,1,1,1,0,0,0,0,0,0,0,0,0,0,0,0,0,4,0
233038859,97615566,0,207017240,209843839,271155244,270630924,271548431,2,2,0,0,2,1,1,1,0,0,0,0,0,0,0,0,0,0,0,0,0,4,0
233541842,97615566,0,207017240,209843839,271155244,270630924,271548431,2,2,0,0,2,1,1,1,0,0,0,0,0,0,0,0,0,0,0,0,0,4,0
234043363,97615566,0,207017240,209843839,271155244,270630924,271548431,2,2,0,0,2,1,1,1,0,0,0,0,0,0,0,0,0,0,0,0,0,4,0
234550826,97615566,0,207017240,209843839,271155244,270630924,271548431,2,2,0,0,2,1,1,1,0,0,0,0,0,0,0,0,0,0,0,0,0,4,0
235051397,97615566,0,207017240,209843839,271155244,270630924,271548431,2,2,0,0,2,1,1,1,0,0,0,0,0,0,0,0,0,0,0,0,0,4,0
235561743,97615566,0,207017240,209843839,271155244,270630924,271548431,2,2,0,0,2,1,1,1,0,0,0,0,0,0,0,0,0,0,0,0,0,4,0
236063841,97615566,0,207017240,209843839,271155244,270630924,271548431,2,2,0,0,2,1,1,1,0,0,0,0,0,0,0,0,0,0,0,0,0,4,0
236563862,97615566,0,207017240,209843839,271155244,270630924,271548431,2,2,0,0,2,1,1,1,0,0,0,0,0,0,0,0,0,0,0,0,0,4,0
237073797,97615566,0,207017240,209843839,271155244,270630924,271548431,2,2,0,0,2,1,1,1,0,0,0,0,0,0,0,0,0,0,0,0,0,4,0
237575024,97615566,0,207017240,209843839,271155244,270630924,271548431,2,2,0,0,2,1,1,1,0,0,0,0,0,0,0,0,0,0,0,0,0,4,0
238077674,97615566,0,207017240,209843839,271155244,270630924,271548431,2,2,0,0,2,1,1,1,0,0,0,0,0,0,0,0,0,0,0,0,0,4,0
238586931,97615566,0,207017240,209843839,271155244,270630924,271548431,2,2,0,0,2,1,1,1,0,0,0,0,0,0,0,0,0,0,0,0,0,4,0
239087860,97615566,0,207017240,209843839,271155244,270630924,271548431,2,2,0,0,2,1,1,1,0,0,0,0,0,0,0,0,0,0,0,0,0,4,0
239597832,97615566,0,207017240,209843839,271155244,270630924,271548431,2,2,0,0,2,1,1,1,0,0,0,0,0,0,0,0,0,0,0,0,0,4,0
240105892,97615566,0,207017240,209843839,271155244,270630924,271548431,2,2,0,0,2,1,1,1,0,0,0,0,0,0,0,0,0,0,0,0,0,4,0
240607771,97615566,0,207017240,209843839,271155244,270630924,271548431,2,2,0,0,2,1,1,1,0,0,0,0,0,0,0,0,0,0,0,0,0,4,0
241117797,97615566,0,207017240,209843839,271155244,270630924,271548431,2,2,0,0,2,1,1,1,0,0,0,0,0,0,0,0,0,0,0,0,0,4,0
241620364,97615566,0,207017240,209843839,271155244,270630924,271548431,2,2,0,0,2,1,1,1,0,0,0,0,0,0,0,0,0,0,0,0,0,4,0
242122373,97615566,0,207017240,209843839,271155244,270630924,271548431,2,2,0,0,2,1,1,1,0,0,0,0,0,0,0,0,0,0,0,0,0,4,0
242625133,97615566,0,207017240,209843839,271155244,270630924,271548431,2,2,0,0,2,1,1,1,0,0,0,0,0,0,0,0,0,0,0,0,0,4,0
243135859,97615566,0,207017240,209843839,271155244,270630924,271548431,2,2,0,0,2,1,1,1,0,0,0,0,0,0,0,0,0,0,0,0,0,4,0
243639927,97615566,0,207017240,209843839,271155244,270630924,271548431,2,2,0,0,2,1,1,1,0,0,0,0,0,0,0,0,0,0,0,0,0,4,0
244151340,97615566,0,207017240,209843839,271155244,270630924,271548431,2,2,0,0,2,1,1,1,0,0,0,0,0,0,0,0,0,0,0,0,0,4,0
244658822,97615566,0,207017240,209843839,271155244,270630924,271548431,2,2,0,0,2,1,1,1,0,0,0,0,0,0,0,0,0,0,0,0,0,4,0
245161797,97615566,0,207017240,209843839,271155244,270630924,271548431,2,2,0,0,2,1,1,1,0,0,0,0,0,0,0,0,0,0,0,0,0,4,0
245661966,97615566,0,207017240,209843839,271155244,270630924,271548431,2,2,0,0,2,1,1,1,0,0,0,0,0,0,0,0,0,0,0,0,0,4,0
246166831,97615566,0,207017240,209843839,271155244,270630924,271548431,2,2,0,0,2,1,1,1,0,0,0,0,0,0,0,0,0,0,0,0,0,4,0
246667105,97615566,0,207017240,209843839,271155244,270630924,271548431,2,2,0,0,2,1,1,1,0,0,0,0,0,0,0,0,0,0,0,0,0,4,0
247170815,97615566,0,207017240,209843839,271155244,270630924,271548431,2,2,0,0,2,1,1,1,0,0,0,0,0,0,0,0,0,0,0,0,0,4,0
247672798,97615566,0,207017240,209843839,271155244,270630924,271548431,2,2,0,0,2,1,1,1,0,0,0,0,0,0,0,0,0,0,0,0,0,4,0
248172927,97615566,0,207017240,209843839,271155244,270630924,271548431,2,2,0,0,2,1,1,1,0,0,0,0,0,0,0,0,0,0,0,0,0,4,0
248681934,97615566,0,207017240,209843839,271155244,270630924,271548431,2,2,0,0,2,1,1,1,0,0,0,0,0,0,0,0,0,0,0,0,0,4,0
249183810,97615566,0,207017240,209843839,271155244,270630924,271548431,2,2,0,0,2,1,1,1,0,0,0,0,0,0,0,0,0,0,0,0,0,4,0
249683840,97615566,0,207017240,209843839,271155244,270630924,271548431,2,2,0,0,2,1,1,1,0,0,0,0,0,0,0,0,0,0,0,0,0,4,0
250186393,97615566,0,207017240,209843839,271155244,270630924,271548431,2,2,0,0,2,1,1,1,0,0,0,0,0,0,0,0,0,0,0,0,0,4,0
250694849,97615566,0,207017240,209843839,271155244,270630924,271548431,2,2,0,0,2,1,1,1,0,0,0,0,0,0,0,0,0,0,0,0,0,4,0
251196868,97615566,0,207017240,209843839,271155244,270630924,271548431,2,2,0,0,2,1,1,1,0,0,0,0,0,0,0,0,0,0,0,0,0,4,0
251697229,97615566,0,207017240,209843839,271155244,270630924,271548431,2,2,0,0,2,1,1,1,0,0,0,0,0,0,0,0,0,0,0,0,0,4,0
252198394,97615566,0,207017240,209843839,271155244,270630924,271548431,2,2,0,0,2,1,1,1,0,0,0,0,0,0,0,0,0,0,0,0,0,4,0
252702045,97615566,0,207017240,209843839,271155244,270630924,271548431,2,2,0,0,2,1,1,1,0,0,0,0,0,0,0,0,0,0,0,0,0,4,0
253202901,97615566,0,207017240,209843839,271155244,270630924,271548431,2,2,0,0,2,1,1,1,0,0,0,0,0,0,0,0,0,0,0,0,0,4,0
253705811,97615566,0,207017240,209843839,271155244,270630924,271548431,2,2,0,0,2,1,1,1,0,0,0,0,0,0,0,0,0,0,0,0,0,4,0
254216151,97615566,0,207017240,209843839,271155244,270630924,271548431,2,2,0,0,2,1,1,1,0,0,0,0,0,0,0,0,0,0,0,0,0,4,0
254717803,97615566,0,207017240,209843839,271155244,270630924,271548431,2,2,0,0,2,1,1,1,0,0,0,0,0,0,0,0,0,0,0,0,0,4,0
255227369,97615566,0,207017240,209843839,271155244,270630924,271548431,2,2,0,0,2,1,1,1,0,0,0,0,0,0,0,0,0,0,0,0,0,4,0
255738332,97615566,0,207017240,209843839,271155244,270630924,271548431,2,2,0,0,2,1,1,1,0,0,0,0,0,0,0,0,0,0,0,0,0,4,0
256238854,97615566,0,207017240,209843839,271155244,270630924,271548431,2,2,0,0,2,1,1,1,0,0,0,0,0,0,0,0,0,0,0,0,0,4,0
256740815,97615566,0,207017240,209843839,271155244,270630924,271548431,2,2,0,0,2,1,1,1,0,0,0,0,0,0,0,0,0,0,0,0,0,4,0
257249970,97615566,0,207017240,209843839,271155244,270630924,271548431,2,2,0,0,2,1,1,1,0,0,0,0,0,0,0,0,0,0,0,0,0,4,0
257750354,97615566,0,207017240,209843839,271155244,270630924,271548431,2,2,0,0,2,1,1,1,0,0,0,0,0,0,0,0,0,0,0,0,0,4,0
258260812,97615566,0,207017240,209843839,271155244,270630924,271548431,2,2,0,0,2,1,1,1,0,0,0,0,0,0,0,0,0,0,0,0,0,4,0
258760839,97615566,0,207017240,209843839,271155244,270630924,271548431,2,2,0,0,2,1,1,1,0,0,0,0,0,0,0,0,0,0,0,0,0,4,0
259263891,97615566,0,207017240,209843839,271155244,270630924,271548431,2,2,0,0,2,1,1,1,0,0,0,0,0,0,0,0,0,0,0,0,0,4,0
259763933,97615566,0,207017240,209843839,271155244,270630924,271548431,2,2,0,0,2,1,1,1,0,0,0,0,0,0,0,0,0,0,0,0,0,4,0
260273860,97615566,0,207017240,209843839,271155244,270630924,271548431,2,2,0,0,2,1,1,1,0,0,0,0,0,0,0,0,0,0,0,0,0,4,0
260784192,97615566,0,207017240,209843839,271155244,270630924,271548431,2,2,0,0,2,1,1,1,0,0,0,0,0,0,0,0,0,0,0,0,0,4,0
261288881,97615566,0,207017240,209843839,271155244,270630924,271548431,2,2,0,0,2,1,1,1,0,0,0,0,0,0,0,0,0,0,0,0,0,4,0
261789888,97615566,0,207017240,209843839,271155244,270630924,271548431,2,2,0,0,2,1,1,1,0,0,0,0,0,0,0,0,0,0,0,0,0,4,0
262295834,97615566,0,207017240,209843839,271155244,270630924,271548431,2,2,0,0,2,1,1,1,0,0,0,0,0,0,0,0,0,0,0,0,0,4,0
262804883,97615566,0,207017240,209843839,271155244,270630924,271548431,2,2,0,0,2,1,1,1,0,0,0,0,0,0,0,0,0,0,0,0,0,4,0
263307813,97615566,0,207017240,209843839,271155244,270630924,271548431,2,2,0,0,2,1,1,1,0,0,0,0,0,0,0,0,0,0,0,0,0,4,0
263809849,97615566,0,207017240,209843839,271155244,270630924,271548431,2,2,0,0,2,1,1,1,0,0,0,0,0,0,0,0,0,0,0,0,0,4,0
264319015,97615566,0,207017240,209843839,271155244,270630924,271548431,2,2,0,0,2,1,1,1,0,0,0,0,0,0,0,0,0,0,0,0,0,4,0
264829945,97615566,0,207017240,209843839,271155244,270630924,271548431,2,2,0,0,2,1,1,1,0,0,0,0,0,0,0,0,0,0,0,0,0,4,0
265332222,97615566,0,207017240,209843839,271155244,270630924,271548431,2,2,0,0,2,1,1,1,0,0,0,0,0,0,0,0,0,0,0,0,0,4,0
265838200,97615566,0,207017240,209843839,271155244,270630924,271548431,2,2,0,0,2,1,1,1,0,0,0,0,0,0,0,0,0,0,0,0,0,4,0
266344285,97615566,0,207017240,209843839,271155244,270630924,271548431,2,2,0,0,2,1,1,1,0,0,0,0,0,0,0,0,0,0,0,0,0,4,0
266846219,97615566,0,207017240,209843839,271155244,270630924,271548431,2,2,0,0,2,1,1,1,0,0,0,0,0,0,0,0,0,0,0,0,0,4,0
267350906,97615566,0,207017240,209843839,271155244,270630924,271548431,2,2,0,0,2,1,1,1,0,0,0,0,0,0,0,0,0,0,0,0,0,4,0
267855276,97615566,0,207017240,209843839,271155244,270630924,271548431,2,2,0,0,2,1,1,1,0,0,0,0,0,0,0,0,0,0,0,0,0,4,0
268358899,97615566,0,207017240,209843839,271155244,270630924,271548431,2,2,0,0,2,1,1,1,0,0,0,0,0,0,0,0,0,0,0,0,0,4,0
268859946,97615566,0,207017240,209843839,271155244,270630924,271548431,2,2,0,0,2,1,1,1,0,0,0,0,0,0,0,0,0,0,0,0,0,4,0
269361827,97615566,0,207017240,209843839,271155244,270630924,271548431,2,2,0,0,2,1,1,1,0,0,0,0,0,0,0,0,0,0,0,0,0,4,0
269871317,97615566,0,207017240,209843839,271155244,270630924,271548431,2,2,0,0,2,1,1,1,0,0,0,0,0,0,0,0,0,0,0,0,0,4,0
270381999,97615566,0,207017240,209843839,271155244,270630924,271548431,2,2,0,0,2,1,1,1,0,0,0,0,0,0,0,0,0,0,0,0,0,4,0
270884845,97615566,0,207017240,209843839,271155244,270630924,271548431,2,2,0,0,2,1,1,1,0,0,0,0,0,0,0,0,0,0,0,0,0,4,0
271387798,97615566,0,207017240,209843839,271155244,270630924,271548431,2,2,0,0,2,1,1,1,0,0,0,0,0,0,0,0,0,0,0,0,0,4,0
271896363,97615566,0,207017240,209843839,271155244,270630924,271548431,2,2,0,0,2,1,1,1,0,0,0,0,0,0,0,0,0,0,0,0,0,4,0
272398031,97615566,0,207017240,209843839,271155244,270630924,271548431,2,2,0,0,2,1,1,1,0,0,0,0,0,0,0,0,0,0,0,0,0,4,0
272902800,97615566,0,207017240,209843839,271155244,270630924,271548431,2,2,0,0,2,1,1,1,0,0,0,0,0,0,0,0,0,0,0,0,0,4,0
273407835,97615566,0,207017240,209843839,271155244,270630924,271548431,2,2,0,0,2,1,1,1,0,0,0,0,0,0,0,0,0,0,0,0,0,4,0
273907860,97615566,0,207017240,209843839,271155244,270630924,271548431,2,2,0,0,2,1,1,1,0,0,0,0,0,0,0,0,0,0,0,0,0,4,0
274408795,97615566,0,207017240,209843839,271155244,270630924,271548431,2,2,0,0,2,1,1,1,0,0,0,0,0,0,0,0,0,0,0,0,0,4,0
274911165,97615566,0,207017240,209843839,271155244,270630924,271548431,2,2,0,0,2,1,1,1,0,0,0,0,0,0,0,0,0,0,0,0,0,4,0
275411796,97615566,0,207017240,209843839,271155244,270630924,271548431,2,2,0,0,2,1,1,1,0,0,0,0,0,0,0,0,0,0,0,0,0,4,0
275914905,97615566,0,207017240,209843839,271155244,270630924,271548431,2,2,0,0,2,1,1,1,0,0,0,0,0,0,0,0,0,0,0,0,0,4,0
276417838,97615566,0,207017240,209843839,271155244,270630924,271548431,2,2,0,0,2,1,1,1,0,0,0,0,0,0,0,0,0,0,0,0,0,4,0
276929028,97615566,0,207017240,209843839,271155244,270630924,271548431,2,2,0,0,2,1,1,1,0,0,0,0,0,0,0,0,0,0,0,0,0,4,0
277432821,97615566,0,207017240,209843839,271155244,270630924,271548431,2,2,0,0,2,1,1,1,0,0,0,0,0,0,0,0,0,0,0,0,0,4,0
277937687,97615566,0,207017240,209843839,271155244,270630924,271548431,2,2,0,0,2,1,1,1,0,0,0,0,0,0,0,0,0,0,0,0,0,4,0
278439780,97615566,0,207017240,209843839,271155244,270630924,271548431,2,2,0,0,2,1,1,1,0,0,0,0,0,0,0,0,0,0,0,0,0,4,0
278939964,97615566,0,207017240,209843839,271155244,270630924,271548431,2,2,0,0,2,1,1,1,0,0,0,0,0,0,0,0,0,0,0,0,0,4,0
279444442,97615566,0,207017240,209843839,271155244,270630924,271548431,2,2,0,0,2,1,1,1,0,0,0,0,0,0,0,0,0,0,0,0,0,4,0
279947061,97615566,0,207017240,209843839,271155244,270630924,271548431,2,2,0,0,2,1,1,1,0,0,0,0,0,0,0,0,0,0,0,0,0,4,0
280457340,97615566,0,207017240,209843839,271155244,270630924,271548431,2,2,0,0,2,1,1,1,0,0,0,0,0,0,0,0,0,0,0,0,0,4,0
280967195,97615566,0,207017240,209843839,271155244,270630924,271548431,2,2,0,0,2,1,1,1,0,0,0,0,0,0,0,0,0,0,0,0,0,4,0
281468800,97615566,0,207017240,209843839,271155244,270630924,271548431,2,2,0,0,2,1,1,1,0,0,0,0,0,0,0,0,0,0,0,0,0,4,0
281971463,97615566,0,207017240,209843839,271155244,270630924,271548431,2,2,0,0,2,1,1,1,0,0,0,0,0,0,0,0,0,0,0,0,0,4,0
282473798,97615566,0,207017240,209843839,271155244,270630924,271548431,2,2,0,0,2,1,1,1,0,0,0,0,0,0,0,0,0,0,0,0,0,4,0
282976508,97615566,0,207017240,209843839,271155244,270630924,271548431,2,2,0,0,2,1,1,1,0,0,0,0,0,0,0,0,0,0,0,0,0,4,0
283477800,97615566,0,207017240,209843839,271155244,270630924,271548431,2,2,0,0,2,1,1,1,0,0,0,0,0,0,0,0,0,0,0,0,0,4,0
283980838,97615566,0,207017240,209843839,271155244,270630924,271548431,2,2,0,0,2,1,1,1,0,0,0,0,0,0,0,0,0,0,0,0,0,4,0
284480865,97615566,0,207017240,209843839,271155244,270630924,271548431,2,2,0,0,2,1,1,1,0,0,0,0,0,0,0,0,0,0,0,0,0,4,0
284988551,97615566,0,207017240,209843839,271155244,270630924,271548431,2,2,0,0,2,1,1,1,0,0,0,0,0,0,0,0,0,0,0,0,0,4,0
285498787,97615566,0,207017240,209843839,271155244,270630924,271548431,2,2,0,0,2,1,1,1,0,0,0,0,0,0,0,0,0,0,0,0,0,4,0
286008100,97615566,0,207017240,209843839,271155244,270630924,271548431,2,2,0,0,2,1,1,1,0,0,0,0,0,0,0,0,0,0,0,0,0,4,0
286514679,97615566,0,207017240,209843839,271155244,270630924,271548431,2,2,0,0,2,1,1,1,0,0,0,0,0,0,0,0,0,0,0,0,0,4,0
287025518,97615566,0,207017240,209843839,271155244,270630924,271548431,2,2,0,0,2,1,1,1,0,0,0,0,0,0,0,0,0,0,0,0,0,4,0
287535797,97615566,0,207017240,209843839,271155244,270630924,271548431,2,2,0,0,2,1,1,1,0,0,0,0,0,0,0,0,0,0,0,0,0,4,0
288045825,97615566,0,207017240,209843839,271155244,270630924,271548431,2,2,0,0,2,1,1,1,0,0,0,0,0,0,0,0,0,0,0,0,0,4,0
288548870,97615566,0,207017240,209843839,271155244,270630924,271548431,2,2,0,0,2,1,1,1,0,0,0,0,0,0,0,0,0,0,0,0,0,4,0
289058797,97615566,0,207017240,209843839,271155244,270630924,271548431,2,2,0,0,2,1,1,1,0,0,0,0,0,0,0,0,0,0,0,0,0,4,0
289568941,97615566,0,207017240,209843839,271155244,270630924,271548431,2,2,0,0,2,1,1,1,0,0,0,0,0,0,0,0,0,0,0,0,0,4,0
290077412,97615566,0,207017240,209843839,271155244,270630924,271548431,2,2,0,0,2,1,1,1,0,0,0,0,0,0,0,0,0,0,0,0,0,4,0
290583656,97615566,0,207017240,209843839,271155244,270630924,271548431,2,2,0,0,2,1,1,1,0,0,0,0,0,0,0,0,0,0,0,0,0,4,0
291086160,97615566,0,207017240,209843839,271155244,270630924,271548431,2,2,0,0,2,1,1,1,0,0,0,0,0,0,0,0,0,0,0,0,0,4,0
291586839,97615566,0,207017240,209843839,271155244,270630924,271548431,2,2,0,0,2,1,1,1,0,0,0,0,0,0,0,0,0,0,0,0,0,4,0
292090943,97615566,0,207017240,209843839,271155244,270630924,271548431,2,2,0,0,2,1,1,1,0,0,0,0,0,0,0,0,0,0,0,0,0,4,0
292595857,97615566,0,207017240,209843839,271155244,270630924,271548431,2,2,0,0,2,1,1,1,0,0,0,0,0,0,0,0,0,0,0,0,0,4,0
293102101,97615566,0,207017240,209843839,271155244,270630924,271548431,2,2,0,0,2,1,1,1,0,0,0,0,0,0,0,0,0,0,0,0,0,4,0
293602860,97615566,0,207017240,209843839,271155244,270630924,271548431,2,2,0,0,2,1,1,1,0,0,0,0,0,0,0,0,0,0,0,0,0,4,0
294104951,97615566,0,207017240,209843839,271155244,270630924,271548431,2,2,0,0,2,1,1,1,0,0,0,0,0,0,0,0,0,0,0,0,0,4,0
294613799,97615566,0,207017240,209843839,271155244,270630924,271548431,2,2,0,0,2,1,1,1,0,0,0,0,0,0,0,0,0,0,0,0,0,4,0
295118857,97615566,0,207017240,209843839,271155244,270630924,271548431,2,2,0,0,2,1,1,1,0,0,0,0,0,0,0,0,0,0,0,0,0,4,0
295627869,97615566,0,207017240,209843839,271155244,270630924,271548431,2,2,0,0,2,1,1,1,0,0,0,0,0,0,0,0,0,0,0,0,0,4,0
296128022,97615566,0,207017240,209843839,271155244,270630924,271548431,2,2,0,0,2,1,1,1,0,0,0,0,0,0,0,0,0,0,0,0,0,4,0
296629073,97615566,0,207017240,209843839,271155244,270630924,271548431,2,2,0,0,2,1,1,1,0,0,0,0,0,0,0,0,0,0,0,0,0,4,0
297131826,97615566,0,207017240,209843839,271155244,270630924,271548431,2,2,0,0,2,1,1,1,0,0,0,0,0,0,0,0,0,0,0,0,0,4,0
297639903,97615566,0,207017240,209843839,271155244,270630924,271548431,2,2,0,0,2,1,1,1,0,0,0,0,0,0,0,0,0,0,0,0,0,4,0
298140794,97615566,0,207017240,209843839,271155244,270630924,271548431,2,2,0,0,2,1,1,1,0,0,0,0,0,0,0,0,0,0,0,0,0,4,0
298651003,97615566,0,207017240,209843839,271155244,270630924,271548431,2,2,0,0,2,1,1,1,0,0,0,0,0,0,0,0,0,0,0,0,0,4,0
299159845,97615566,0,207017240,209843839,271155244,270630924,271548431,2,2,0,0,2,1,1,1,0,0,0,0,0,0,0,0,0,0,0,0,0,4,0
299666812,97615566,0,207017240,209843839,271155244,270630924,271548431,2,2,0,0,2,1,1,1,0,0,0,0,0,0,0,0,0,0,0,0,0,4,0
300169103,97615566,0,207017240,209843839,271155244,270630924,271548431,2,2,0,0,2,1,1,1,0,0,0,0,0,0,0,0,0,0,0,0,0,4,0
300675796,97615566,0,207017240,209843839,271155244,270630924,271548431,2,2,0,0,2,1,1,1,0,0,0,0,0,0,0,0,0,0,0,0,0,4,0
301181961,97615566,0,207017240,209843839,271155244,270630924,271548431,2,2,0,0,2,1,1,1,0,0,0,0,0,0,0,0,0,0,0,0,0,4,0
301692920,97615566,0,207017240,209843839,271155244,270630924,271548431,2,2,0,0,2,1,1,1,0,0,0,0,0,0,0,0,0,0,0,0,0,4,0
302193611,97615566,0,207017240,209843839,271155244,270630924,271548431,2,2,0,0,2,1,1,1,0,0,0,0,0,0,0,0,0,0,0,0,0,4,0
302699329,97615566,0,207017240,209843839,271155244,270630924,271548431,2,2,0,0,2,1,1,1,0,0,0,0,0,0,0,0,0,0,0,0,0,4,0
303201048,97615566,0,207017240,209843839,271155244,270630924,271548431,2,2,0,0,2,1,1,1,0,0,0,0,0,0,0,0,0,0,0,0,0,4,0
303704898,97615566,0,207017240,209843839,271155244,270630924,271548431,2,2,0,0,2,1,1,1,0,0,0,0,0,0,0,0,0,0,0,0,0,4,0
304206488,97615566,0,207017240,209843839,271155244,270630924,271548431,2,2,0,0,2,1,1,1,0,0,0,0,0,0,0,0,0,0,0,0,0,4,0
304709937,97615566,0,207017240,209843839,271155244,270630924,271548431,2,2,0,0,2,1,1,1,0,0,0,0,0,0,0,0,0,0,0,0,0,4,0
305210835,97615566,0,207017240,209843839,271155244,270630924,271548431,2,2,0,0,2,1,1,1,0,0,0,0,0,0,0,0,0,0,0,0,0,4,0
305716797,97615566,0,207017240,209843839,271155244,270630924,271548431,2,2,0,0,2,1,1,1,0,0,0,0,0,0,0,0,0,0,0,0,0,4,0
306218568,97615566,0,207017240,209843839,271155244,270630924,271548431,2,2,0,0,2,1,1,1,0,0,0,0,0,0,0,0,0,0,0,0,0,4,0
306722818,97615566,0,207017240,209843839,271155244,270630924,271548431,2,2,0,0,2,1,1,1,0,0,0,0,0,0,0,0,0,0,0,0,0,4,0
307223944,97615566,0,207017240,209843839,271155244,270630924,271548431,2,2,0,0,2,1,1,1,0,0,0,0,0,0,0,0,0,0,0,0,0,4,0
307734885,97615566,0,207017240,209843839,271155244,270630924,271548431,2,2,0,0,2,1,1,1,0,0,0,0,0,0,0,0,0,0,0,0,0,4,0
307982171,97615566,0,0,209843839,271155244,270630924,271548431,2,1,0,0,2,1,1,1,0,0,0,0,0,0,0,0,0,0,0,0,0,4,4
308482922,97615566,0,0,209843839,271155212,268533772,1015823,2,1,0,0,2,1,1,1,0,0,0,0,0,0,0,0,0,0,0,0,0,4,4
