timestamp,timestamp_sample,hover_thrust,hover_thrust_var,accel_innov,accel_innov_var,accel_innov_test_ratio,accel_noise_var,valid
212726519,212726493,0.15344748,4.380352e-05,-4.9014673,5.7086287,0.46760365,5.5297966,0
212734623,212734589,0.15127777,4.201619e-05,3.8958435,5.765141,0.29251665,5.564832,0
212825486,212825447,0.14384794,3.173806e-05,4.4688406,5.706075,0.38887477,5.6369944,0
212924494,212924451,0.14170368,2.5481448e-05,1.9775575,5.633275,0.07713559,5.5087667,0
213027129,213027103,0.14480072,2.0952915e-05,-1.2872106,5.599385,0.032878835,5.4752393,0
213126109,213126082,0.14474393,1.8156536e-05,-1.6478803,5.563259,0.05423499,5.4708514,0
213224833,213224795,0.14696907,1.5787795e-05,1.1974635,5.5929813,0.028486475,5.504315,0
213323712,213323682,0.146845,1.39190515e-05,-0.08696968,5.484173,0.00015324353,5.397738,0
213426560,213426533,0.14707862,1.2479018e-05,-1.0297743,5.462022,0.02157189,5.3813686,0
213525442,213525402,0.1475165,1.1263273e-05,-1.7995603,5.3281407,0.06753278,5.2544556,0
213624387,213624360,0.14714131,1.0225158e-05,0.17307541,5.227272,0.0006367268,5.161999,0
213727111,213727084,0.14658852,9.463012e-06,-0.15354717,5.0792994,0.0005157477,5.011957,0
213826187,213826142,0.14592461,8.828037e-06,0.7411364,5.0487337,0.012088469,4.9890957,0
213925517,213925491,0.14586663,8.341118e-06,-0.13751125,5.071976,0.0004142445,5.039346,0
214024141,214024108,0.14688505,8.023732e-06,-6.282708,5.7852693,0.7581021,5.8770742,0
214126743,214126717,0.1487421,7.3436063e-06,2.3624363,6.678824,0.0928491,6.6119046,0
214225509,214225471,0.1482323,6.77965e-06,-2.2915406,6.7525434,0.08640626,6.6947722,0
214324484,214324448,0.14796819,6.438531e-06,0.43775642,6.5698957,0.003240888,6.5147777,0
214427274,214427248,0.14747816,6.17584e-06,0.5689892,6.503019,0.0055315974,6.438388,0
214526078,214526039,0.14739868,5.934317e-06,0.30079946,6.344198,0.0015846554,6.2807302,0
214625043,214625016,0.14725837,5.7089596e-06,-1.511571,6.2690005,0.04049639,6.2289534,0
214724035,214723988,0.14750285,5.5036944e-06,-1.5958611,6.2248597,0.04545881,6.1859136,0
214826678,214826651,0.14735334,5.311091e-06,1.1636491,5.9849772,0.02513848,5.934792,0
214925465,214925440,0.14732018,5.1296806e-06,-0.9479625,5.825147,0.017140873,5.7749143,0
215024415,215024388,0.14763606,4.964042e-06,-0.078036815,5.901245,0.00011466026,5.8572497,0
215123236,215123208,0.14749503,4.810669e-06,-0.31041682,5.6691437,0.0018885587,5.6294847,0
215226121,215226082,0.14760156,4.660735e-06,-2.2691135,5.4355507,0.10525104,5.4141126,0
215324908,215324880,0.14777794,4.5159077e-06,2.5165792,5.3376074,0.1318354,5.324359,0
215423752,215423716,0.14754812,4.383315e-06,-2.0686257,5.3443365,0.08896671,5.322938,0
215526570,215526544,0.14729087,4.2576867e-06,2.6957603,5.179579,0.15589263,5.1741962,0
215625510,215625484,0.1472208,4.1350245e-06,-0.6118771,5.030935,0.008268699,4.9872766,0
215724345,215724319,0.14737505,4.0168065e-06,2.0780017,4.939252,0.09713778,4.9210153,0
215823216,215823189,0.14706524,3.9044694e-06,0.65406156,4.7753916,0.009953728,4.7442384,0
215925993,215925967,0.14700298,3.7963132e-06,0.04035777,4.683149,3.864327e-05,4.6408215,0
216025065,216025039,0.14662042,3.6923554e-06,3.631474,4.602133,0.31839353,4.616632,0
216123758,216123731,0.14637624,3.5945588e-06,-0.8903197,4.680868,0.018815815,4.6527004,1
216226666,216226640,0.14614567,3.5004562e-06,0.7572987,4.496522,0.01417148,4.4579463,1
216325463,216325437,0.14602117,3.4071288e-06,-1.6939354,4.453184,0.07159464,4.434177,1
216424972,216424944,0.14582615,3.3174415e-06,0.65297997,4.3976417,0.010773018,4.3666286,1
216523191,216523146,0.14540017,3.233534e-06,-0.25473964,4.4593487,0.0016168848,4.430012,1
216626097,216626057,0.14525546,3.1529783e-06,-0.360918,4.2586527,0.0033986177,4.2230444,1
216725003,216724976,0.1448166,3.0717265e-06,-0.9868213,4.1666174,0.02596874,4.144599,1
216823964,216823937,0.14477573,2.9923042e-06,-0.39155698,4.0511146,0.004205067,4.0243917,1
216926606,216926579,0.14441897,2.916857e-06,3.6312113,4.083815,0.3587521,4.1107926,1
217025547,217025520,0.1442825,2.8446834e-06,1.3354311,4.0292625,0.049178455,3.9984746,1
217125406,217125374,0.14406608,2.770433e-06,0.97834706,3.887894,0.02735451,3.8607633,1
217227169,217227137,0.14386474,2.7126032e-06,-1.3300505,3.8739228,0.0507391,3.859013,1
217326180,217326121,0.1434302,2.6645498e-06,3.1173167,3.7924547,0.28470755,3.8039758,1
217424958,217424931,0.14340396,2.6157925e-06,-0.21521068,3.8262737,0.0013449591,3.7976003,1
217523756,217523730,0.1432808,2.5690738e-06,-2.513493,3.7403367,0.18767318,3.7498622,1
217626690,217626651,0.14307725,2.5168658e-06,4.0365424,3.761429,0.4813086,3.8069296,1
217725448,217725421,0.14313163,2.46255e-06,-0.58591914,3.8546028,0.009895853,3.8268385,1
217824408,217824369,0.1429097,2.4083258e-06,0.43727535,3.721641,0.0057086446,3.696455,1
217927126,217927100,0.14289822,2.3513371e-06,0.39811492,3.6538699,0.0048197145,3.621201,1
218026071,218026044,0.1426378,2.2911477e-06,2.0797026,3.6162953,0.13289115,3.600962,1
218125086,218125053,0.14234987,2.2355998e-06,0.13670242,3.6273794,0.00057242275,3.6023412,1
218224032,218223999,0.14221549,2.1848082e-06,1.0647666,3.456545,0.03644384,3.4353342,1
218326562,218326534,0.14200622,2.1398494e-06,3.2165332,3.5021248,0.32824787,3.5193028,1
218425513,218425487,0.14201538,2.1001658e-06,-2.0049238,3.4732428,0.12859322,3.4778106,1
218524343,218524316,0.14159231,2.0745422e-06,-1.3429868,3.6096363,0.055518482,3.6018853,1
218623501,218623455,0.1415835,2.0459224e-06,1.0846969,3.5223186,0.037114672,3.5018642,1
218726042,218726015,0.14156502,2.0104058e-06,-1.9068029,3.503492,0.11531025,3.5046527,1
218824988,218824949,0.14155087,1.9720944e-06,1.3653215,3.5246272,0.05876438,3.5052567,1
218923869,218923828,0.14145124,1.928011e-06,-1.9762936,3.490423,0.12433183,3.4868956,1
219026651,219026624,0.14218119,1.855223e-06,-0.85087895,3.5232399,0.022832362,3.4944258,1
219125660,219125634,0.14206412,1.8036351e-06,0.9829366,3.4067197,0.03151172,3.3800223,1
219224432,219224393,0.141612,1.7675831e-06,-0.8202712,3.3265214,0.02247409,3.3094356,1
219323185,219323145,0.14158681,1.7373495e-06,1.2939001,3.2836955,0.056649506,3.2671778,1
219426084,219426056,0.14148839,1.7095033e-06,1.8626518,3.1572657,0.12209834,3.1461978,1
219524889,219524862,0.14167836,1.6814438e-06,-1.0405067,3.2732463,0.03675095,3.258356,1
219624020,219623987,0.14165944,1.6545555e-06,2.3252022,3.2019575,0.18761319,3.2003279,1
219727313,219727286,0.1416822,1.6291747e-06,-0.010022961,3.1264193,3.5702801e-06,3.0993266,1
219825544,219825505,0.14162052,1.6016542e-06,1.8975291,3.0064223,0.1330713,2.9993086,1
219924371,219924344,0.14172557,1.5739165e-06,-1.4833281,2.9504356,0.082860164,2.9411418,1
220027242,220027208,0.14194316,1.5492674e-06,-2.1637406,3.0928864,0.16819146,3.0954475,1
220126021,220125994,0.14181907,1.5261738e-06,0.17862484,3.0035458,0.0011803395,2.97881,1
220225088,220225062,0.1419511,1.5033313e-06,0.5319998,3.027039,0.010388729,3.0089388,1
220323958,220323931,0.14185044,1.4819803e-06,3.2329178,2.9560647,0.39285555,2.97648,1
220426582,220426556,0.14184551,1.4633885e-06,0.4937142,3.0659666,0.008833673,3.0426903,1
220525474,220525447,0.14181276,1.4442982e-06,1.0644987,2.9299695,0.042971905,2.9124794,1
220624492,220624399,0.14173278,1.4254163e-06,-3.4754736,3.039348,0.44157562,3.0702443,1
220724035,220724009,0.14179233,1.4085472e-06,-2.5221686,3.025772,0.23359822,3.034594,1
220826173,220826132,0.1418545,1.3928709e-06,0.2009992,3.0214424,0.0014857025,2.9973059,1
220924896,220924869,0.14161508,1.3755025e-06,2.0553844,2.912641,0.16115977,2.9101534,1
221023906,221023880,0.14183913,1.3571502e-06,-1.4632145,2.8797252,0.08260807,2.8702402,1
221127543,221127510,0.14183168,1.3402736e-06,1.0867083,2.7993054,0.046874125,2.7821634,1
221225614,221225587,0.14188738,1.3210328e-06,1.0638732,2.6887894,0.046771407,2.6730273,1
221324548,221324521,0.14212418,1.3027513e-06,2.4055471,2.7560344,0.2332924,2.7633963,1
221423194,221423147,0.14226171,1.2862196e-06,0.54498905,2.9227743,0.011291139,2.9065003,1
221526704,221526677,0.14211252,1.2729581e-06,2.1302183,2.9547746,0.1706402,2.9597554,1
221625051,221625024,0.14217697,1.2592526e-06,0.33877045,2.878449,0.004430064,2.8614872,1
221723800,221723757,0.14212428,1.2462898e-06,1.3990543,2.8678088,0.075836174,2.858865,1
221826714,221826682,0.14198817,1.2358479e-06,2.400994,2.8263266,0.22662996,2.8380067,1
221926112,221926085,0.14203373,1.2250026e-06,0.2608226,2.8183982,0.0026819184,2.795751,1
222024501,222024475,0.14204003,1.2135238e-06,1.6769334,2.7199664,0.11487501,2.714965,1
222127387,222127356,0.14196628,1.2027831e-06,0.5384046,2.6820729,0.012008932,2.6621292,1
222226096,222226069,0.14202313,1.1911272e-06,-2.4856517,2.8003743,0.24514438,2.814668,1
222325209,222325179,0.14211231,1.180202e-06,-2.1593895,2.755791,0.18800664,2.7574694,1
222423783,222423742,0.14206304,1.1699757e-06,-0.61975545,2.8570998,0.0149373235,2.8418157,1
222526638,222526610,0.14208347,1.1612003e-06,0.8375614,2.7782998,0.028055092,2.7606115,1
222625546,222625519,0.14206035,1.1506254e-06,2.8254893,2.7028658,0.3281862,2.7289755,1
222724521,222724482,0.14197591,1.1404392e-06,-1.6754634,2.7379215,0.113921694,2.733089,1
222827151,222827124,0.1421255,1.1317243e-06,-1.9706455,2.7489614,0.15696609,2.7494266,1
222926041,222926014,0.14199969,1.1228175e-06,1.440806,2.683632,0.08594994,2.6745973,1
223024949,223024922,0.1420586,1.1138825e-06,-0.91920424,2.620851,0.03582112,2.6085522,1
223123979,223123946,0.1420502,1.1052034e-06,2.5057619,2.6163528,0.2666495,2.6261334,1
223226562,223226536,0.14194345,1.0984653e-06,1.8536571,2.666758,0.14316362,2.6651528,1
223325487,223325461,0.14199254,1.0903957e-06,-0.22020149,2.5667932,0.0020989743,2.5469332,1
223424309,223424283,0.14195237,1.0814592e-06,-0.5133624,2.5556266,0.011457984,2.5422182,1
223523213,223523186,0.14208162,1.0729697e-06,-1.0286858,2.6287637,0.044727173,2.6172414,1
223626024,223625997,0.1421716,1.065737e-06,-0.16895954,2.614245,0.0012133237,2.5936604,1
223724902,223724876,0.14215359,1.0573588e-06,-2.4039903,2.5481465,0.2519988,2.5550075,1
223824694,223824669,0.14217834,1.0496548e-06,1.5223426,2.618165,0.09835247,2.6124613,1
223926582,223926543,0.14212243,1.0437802e-06,3.9185598,2.6389976,0.64650434,2.7098997,1
224025483,224025455,0.1422617,1.0387695e-06,-1.140868,2.7596416,0.052405342,2.746311,1
224124457,224124431,0.14220737,1.0356833e-06,0.58072305,2.6469321,0.014156399,2.6340094,1
224223268,224223241,0.14213851,1.0332369e-06,-1.0335267,2.6481755,0.044818167,2.638488,1
224326608,224326582,0.14227787,1.0312483e-06,-1.7762556,2.5977793,0.13494791,2.5955536,1
224424918,224424892,0.14212236,1.0280006e-06,-3.282439,2.841762,0.4212725,2.8688827,1
224523917,224523885,0.1420825,1.0253945e-06,0.12829646,2.8414602,0.0006436433,2.825669,1
224626631,224626604,0.14205433,1.0228008e-06,-0.7471068,2.7263498,0.022747898,2.709179,1
224725460,224725434,0.14212398,1.0169512e-06,0.31281972,2.760696,0.0039384663,2.7393703,1
224824390,224824349,0.14222755,1.0087168e-06,0.517665,2.7556257,0.010805252,2.7411363,1
224923205,224923180,0.14216983,1.001356e-06,0.009696603,2.6354473,3.96408e-06,2.6203225,1
225026090,225026064,0.14212915,9.948535e-07,-0.7200723,2.5529127,0.022566995,2.5355763,1
225125079,225125046,0.14202805,9.88262e-07,-3.2262187,2.6027446,0.44433808,2.6302266,1
225223728,225223699,0.14205636,9.829952e-07,-0.6828658,2.6001973,0.019926082,2.5871499,1
225326577,225326550,0.14208055,9.784527e-07,-0.44904202,2.498858,0.008965818,2.480692,1
225425444,225425403,0.142145,9.727863e-07,0.30314565,2.5378914,0.004023344,2.5189664,1
225524292,225524265,0.14203127,9.68203e-07,2.104404,2.565044,0.19183193,2.5672565,1
225623126,225623098,0.14200617,9.645843e-07,-1.8401637,2.6055298,0.14440238,2.604827,1
225726120,225726093,0.14198205,9.624634e-07,-0.12255135,2.5371015,0.00065774244,2.517924,1
225824904,225824867,0.14190021,9.589547e-07,-2.115192,2.456065,0.20240311,2.4610856,1
225923899,225923873,0.14186014,9.559321e-07,1.9709718,2.5168204,0.17150077,2.5168993,1
226026627,226026601,0.1418018,9.541817e-07,2.408987,2.6071448,0.24732114,2.6185434,1
226126074,226126048,0.14188908,9.516234e-07,-1.5898625,2.56776,0.109376036,2.564046,1
226224944,226224917,0.14183846,9.4848764e-07,-1.2710865,2.512204,0.07145832,2.5046628,1
226327103,226327076,0.14195068,9.4553445e-07,-2.0257885,2.4587288,0.18545353,2.4640245,1
226425995,226425967,0.14180918,9.4211737e-07,1.8780138,2.545421,0.1539556,2.545657,1
226524883,226524858,0.14177279,9.390796e-07,1.4698814,2.440639,0.09836,2.4347029,1
226624058,226623998,0.14167419,9.356904e-07,3.0163507,2.4097388,0.41951856,2.4305203,1
226726541,226726514,0.14150181,9.339293e-07,1.3392984,2.4991143,0.079749145,2.4885454,1
226825527,226825499,0.14145194,9.3133775e-07,2.0182571,2.4810166,0.18242352,2.4826205,1
226924357,226924330,0.14149575,9.287618e-07,-0.71450686,2.5442526,0.022295132,2.5327694,1
227027112,227027085,0.14160164,9.2714174e-07,-1.4689488,2.541834,0.094324306,2.5363774,1
227126192,227126144,0.14158961,9.2430645e-07,-0.54185283,2.543241,0.012827223,2.5257711,1
227224878,227224851,0.14156274,9.2081495e-07,2.595323,2.4935248,0.30014193,2.5046332,1
227327744,227327719,0.14149801,9.188407e-07,-0.7592084,2.4313254,0.02634125,2.4168599,1
227426560,227426532,0.14144127,9.161151e-07,0.97168064,2.4643183,0.04257041,2.4502087,1
227525435,227525396,0.14128318,9.1342156e-07,2.4500136,2.4853258,0.2683559,2.4977748,1
227624301,227624274,0.14137012,9.111084e-07,2.4566686,2.480222,0.270371,2.4883025,1
227727111,227727085,0.14116739,9.097844e-07,2.743105,2.5020044,0.33415985,2.5219462,1
227825980,227825949,0.14119993,9.0758044e-07,-0.8657098,2.53852,0.032803603,2.525312,1
227924966,227924939,0.14100151,9.0552e-07,0.18646006,2.5838788,0.0014950545,2.5693011,1
228023711,228023682,0.14094418,9.03629e-07,1.4599973,2.538343,0.09330636,2.5302424,1
228126781,228126748,0.14095259,9.029134e-07,0.2926867,2.5611258,0.0037164863,2.5416882,1
228225421,228225394,0.14088555,9.007475e-07,0.611812,2.4795008,0.016773714,2.4616838,1
228324347,228324321,0.14092492,8.983157e-07,-0.8517131,2.4435558,0.03298541,2.4338052,1
228427065,228427038,0.14066702,8.9667805e-07,3.3739166,2.413173,0.52412844,2.451728,1
228526063,228526036,0.14068301,8.9464595e-07,1.7496059,2.4758317,0.13737789,2.4706392,1
228624916,228624889,0.14059047,8.9262664e-07,-2.1910908,2.5352063,0.21040931,2.5446174,1
228723927,228723895,0.14056654,8.9058506e-07,-1.472423,2.4980698,0.096431315,2.4954147,1
228826534,228826496,0.14066434,8.8882837e-07,-2.2433383,2.4429626,0.2288918,2.4584773,1
228925490,228925452,0.14057054,8.8550087e-07,-1.2062122,2.3858247,0.06775891,2.3796945,1
229024273,229024247,0.14057152,8.8214193e-07,-0.07092379,2.3742883,0.00023540079,2.3610168,1
229127359,229127326,0.1404206,8.800458e-07,1.8710029,2.31666,0.16789746,2.3148706,1
229226007,229225969,0.14039704,8.7707025e-07,0.8817806,2.300651,0.037551545,2.2855034,1
229324953,229324927,0.14028376,8.740232e-07,0.6293884,2.323306,0.018944735,2.3103325,1
229423754,229423728,0.14035457,8.707066e-07,0.63257134,2.2874048,0.01943719,2.2747567,1
229526619,229526591,0.14048973,8.6817255e-07,1.8500414,2.3293092,0.16326505,2.3286917,1
229625634,229625607,0.14066036,8.6474927e-07,-1.6315421,2.369634,0.12481672,2.367858,1
229724325,229724299,0.14062169,8.614586e-07,-0.54783225,2.4000404,0.013894219,2.3874786,1
229827128,229827101,0.14053363,8.593326e-07,2.3860333,2.3496537,0.26921958,2.3621817,1
229926060,229926034,0.14054918,8.566819e-07,1.6217144,2.333486,0.12522787,2.329334,1
230024884,230024857,0.14058682,8.541025e-07,2.3937173,2.2616787,0.28149605,2.2699933,1
230123868,230123833,0.14058061,8.5166863e-07,-0.8800895,2.2690666,0.037928354,2.2593172,1
230226536,230226510,0.14057235,8.500862e-07,-1.1607361,2.2955408,0.06521379,2.2866342,1
230325443,230325413,0.14058797,8.474068e-07,-0.8939532,2.2344232,0.03973943,2.222296,1
230424290,230424255,0.14060266,8.4426966e-07,-2.4989429,2.155847,0.321849,2.1688383,1
230523143,230523115,0.14070708,8.4098997e-07,0.13425487,2.170843,0.00092254847,2.1580675,1
230625976,230625949,0.14081141,8.3838313e-07,-0.37107134,2.1650453,0.007066516,2.148699,1
230724883,230724857,0.14093038,8.3493893e-07,2.4261024,2.1951363,0.29793,2.2071424,1
230823766,230823728,0.14108835,8.3212467e-07,-0.56360304,2.2800534,0.015479578,2.267495,1
230926525,230926499,0.14118518,8.30719e-07,1.0057818,2.312854,0.048597816,2.3029315,1
231025422,231025382,0.14120437,8.28551e-07,2.0376189,2.3013825,0.20045394,2.3117747,1
231124561,231124527,0.14106964,8.2731924e-07,0.42911053,2.4299135,0.008419863,2.4168625,1
231227047,231227020,0.1409492,8.2736517e-07,2.9266465,2.4423046,0.38967112,2.4747229,1
231325978,231325937,0.14112751,8.2714325e-07,-2.260767,2.54948,0.22274987,2.5585127,1
231424872,231424833,0.14121929,8.266721e-07,-1.4130889,2.5390856,0.08738143,2.5315957,1
231523743,231523716,0.14120948,8.2636484e-07,2.2658458,2.5799778,0.22110687,2.5877535,1
231626497,231626469,0.1412158,8.276105e-07,2.2073972,2.6369517,0.20531294,2.648441,1
231725426,231725388,0.14126275,8.281782e-07,-0.21170288,2.581573,0.0019289751,2.5623145,1
231824215,231824188,0.14133322,8.283276e-07,0.91592413,2.5506978,0.036544118,2.5408335,1
231927027,231927000,0.14134376,8.2915585e-07,0.3874195,2.450408,0.0068058446,2.433391,1
232025883,232025856,0.14144327,8.284407e-07,0.09086841,2.447213,0.0003748967,2.4290125,1
232125111,232125079,0.14150076,8.276914e-07,1.2146758,2.4131458,0.067935176,2.406842,1
232223731,232223703,0.14159139,8.266769e-07,-1.8108432,2.40568,0.15145421,2.4026802,1
232326518,232326492,0.14174718,8.266446e-07,-3.070742,2.406829,0.4353102,2.4366229,1
232425355,232425328,0.14166291,8.261064e-07,1.0528283,2.413208,0.05103614,2.4037852,1
232524352,232524326,0.14166212,8.2547956e-07,-1.8209033,2.3220499,0.15865718,2.3200724,1
232626957,232626929,0.14173895,8.257637e-07,-0.8240567,2.2891653,0.032960553,2.2743795,1
232726008,232725981,0.14164205,8.250877e-07,1.5034138,2.3149393,0.10848631,2.312934,1
232824757,232824723,0.14165932,8.242821e-07,-1.892838,2.3793771,0.16730969,2.3786566,1
232923742,232923717,0.14179352,8.239015e-07,0.48383337,2.4573505,0.010584786,2.4452283,1
233026396,233026370,0.14176784,8.2445547e-07,1.3052225,2.4270768,0.07799075,2.4208977,1
233125729,233125694,0.14168938,8.2410014e-07,2.5241315,2.4120712,0.29348868,2.4349387,1
233224118,233224091,0.14160712,8.2445285e-07,-0.9655371,2.464417,0.04203211,2.4545016,1
233327066,233327039,0.14162841,8.2609614e-07,-1.2132756,2.4563656,0.06658607,2.446132,1
233426457,233426430,0.14150657,8.270245e-07,1.522288,2.5764859,0.099936314,2.5708065,1
233524864,233524826,0.1415622,8.272519e-07,-1.7771994,2.533154,0.13853778,2.531516,1
233623779,233623747,0.14172389,8.2685386e-07,-0.88636756,2.5388262,0.03438367,2.5271358,1
233726466,233726440,0.14168772,8.2745305e-07,0.7006707,2.5957417,0.021014737,2.5795183,1
233825299,233825272,0.1416875,8.270652e-07,1.2883055,2.584059,0.07136624,2.5751104,1
233924337,233924310,0.14176688,8.2669777e-07,1.4710779,2.5170333,0.09553002,2.5123575,1
234026917,234026890,0.14186677,8.2726837e-07,0.31395972,2.5272582,0.0043336693,2.5094328,1
234126311,234126278,0.14172266,8.2799795e-07,2.5588498,2.607251,0.27903858,2.628701,1
234224714,234224685,0.1417648,8.287579e-07,-0.14942712,2.5982242,0.00095485995,2.5841038,1
234323666,234323639,0.14175192,8.2951226e-07,2.7596729,2.5836775,0.32751742,2.600733,1
234426392,234426365,0.14177844,8.313909e-07,-1.5181019,2.720679,0.094120026,2.7133167,1
234525412,234525386,0.14186062,8.3192236e-07,-0.4276501,2.6481824,0.007673381,2.6289146,1
234624339,234624312,0.14186473,8.3196153e-07,0.7737194,2.6769824,0.024847284,2.6648738,1
234726968,234726942,0.14176962,8.333001e-07,1.9155118,2.761596,0.14762741,2.763226,1
234825840,234825813,0.14180398,8.342558e-07,-0.07270342,2.7627947,0.00021257812,2.7424326,1
234924810,234924783,0.14183839,8.3537054e-07,-1.0973603,2.7097301,0.04937759,2.6963215,1
235023716,235023675,0.14181216,8.3623235e-07,-0.4960131,2.6470978,0.010326991,2.6335394,1
235126664,235126632,0.1418348,8.377865e-07,-0.49661654,2.534417,0.010812392,2.516486,1
235225276,235225250,0.14188215,8.375994e-07,-1.5077754,2.453262,0.10296434,2.447404,1
235324439,235324394,0.14191434,8.369712e-07,-0.70056146,2.476501,0.022019703,2.4639773,1
235426943,235426917,0.1420218,8.3700706e-07,0.03899516,2.437732,6.9309535e-05,2.4193926,1
235525893,235525866,0.14191198,8.36308e-07,2.1225376,2.443141,0.20488952,2.4523778,1
235624880,235624843,0.14195722,8.359902e-07,-0.9259478,2.4623117,0.038689,2.4514868,1
235723485,235723458,0.1419143,8.360212e-07,1.1596137,2.528085,0.059100684,2.519941,1
235826329,235826304,0.14181511,8.3755197e-07,0.38554156,2.533289,0.0065195127,2.515481,1
235925285,235925257,0.14188753,8.374603e-07,-0.6018949,2.4258776,0.016593194,2.4095237,1
236024130,236024104,0.14195347,8.3619557e-07,-0.40282053,2.356921,0.007649546,2.3439393,1
236123031,236123005,0.14194573,8.3451704e-07,1.9849589,2.2869225,0.1914296,2.289952,1
236225779,236225752,0.14186566,8.340298e-07,-0.6509472,2.2267935,0.021143122,2.2122922,1
236324750,236324702,0.14178842,8.3245027e-07,-0.23339045,2.156912,0.002806023,2.1447475,1
236423612,236423586,0.14171505,8.308578e-07,0.38824856,2.1582036,0.007760412,2.1462638,1
236526427,236526392,0.1418064,8.294764e-07,-0.94821423,2.1431825,0.046613455,2.1319013,1
236625274,236625247,0.14187221,8.264032e-07,-0.41170585,2.0748465,0.009077068,2.059444,1
236724187,236724149,0.14186558,8.228256e-07,-0.22401111,1.9856619,0.0028079625,1.9738057,1
236826847,236826820,0.14177695,8.200182e-07,-1.2113612,1.9898939,0.08193602,1.9831717,1
236925816,236925789,0.14198306,8.1671874e-07,-2.538137,2.0654411,0.34655708,2.0859227,1
237024646,237024619,0.14185101,8.13933e-07,-0.90519947,2.0784621,0.04380301,2.0695243,1
237123414,237123386,0.14186601,8.1163444e-07,-0.46509752,2.1470187,0.01119463,2.135507,1
237226307,237226280,0.14180276,8.108996e-07,1.1535245,2.1215208,0.069688946,2.1127114,1
237325140,237325113,0.14183982,8.0935166e-07,-1.9274321,2.1706374,0.19016403,2.1759899,1
237424305,237424279,0.1418568,8.081277e-07,0.64400595,2.2642665,0.020352121,2.2530336,1
237526885,237526857,0.14187795,8.081993e-07,0.91598034,2.2756217,0.04096658,2.2631564,1
237625733,237625705,0.14194502,8.070447e-07,2.1286356,2.2523458,0.22352448,2.2625718,1
237724583,237724556,0.14191416,8.0633674e-07,0.121264234,2.2653852,0.0007212418,2.252629,1
237823453,237823426,0.14196886,8.0528673e-07,0.85230577,2.2216008,0.036331415,2.2119398,1
237926278,237926252,0.14202422,8.0453947e-07,-0.20533204,2.2036638,0.0021258157,2.1866584,1
238025232,238025205,0.14201075,8.0287737e-07,-0.74914503,2.2576928,0.02762005,2.2432387,1
238123996,238123969,0.14203064,8.015026e-07,-1.1571319,2.2253268,0.06685431,2.2175035,1
238226818,238226791,0.14199816,8.014073e-07,1.0276636,2.2254028,0.052729156,2.2148628,1
238325784,238325758,0.14203118,8.000953e-07,1.6895192,2.209647,0.143536,2.2101233,1
238424549,238424522,0.14224076,7.990868e-07,2.8266144,2.3833444,0.37248072,2.4035122,1
238523359,238523333,0.14230406,7.987553e-07,-0.47356793,2.3560717,0.010576296,2.3432925,1
238626297,238626261,0.14216797,7.994594e-07,2.5411706,2.341695,0.30640426,2.3636036,1
238725140,238725114,0.14217414,7.9962075e-07,1.6976385,2.3460138,0.1364952,2.3463247,1
238823948,238823909,0.14216073,7.9982993e-07,3.0068443,2.3572035,0.42616943,2.3804166,1
238926828,238926801,0.1421732,8.013707e-07,-0.5013797,2.3398473,0.011937229,2.323591,1
239025693,239025666,0.14213109,8.019995e-07,-0.1946955,2.4222438,0.0017388074,2.4044192,1
239124867,239124831,0.14209415,8.025615e-07,-0.9596273,2.388754,0.042834256,2.3790557,1
239223333,239223306,0.14213347,8.02731e-07,-1.4151603,2.35942,0.094311245,2.354211,1
239326229,239326195,0.14214379,8.040605e-07,0.88693476,2.365828,0.03694517,2.352855,1
239425012,239424985,0.14222293,8.042768e-07,-0.14894292,2.3716757,0.0010393023,2.3586583,1
239524011,239523983,0.14226903,8.043377e-07,-0.9798811,2.356616,0.045270514,2.3467636,1
239626705,239626678,0.14222422,8.0517543e-07,0.8425108,2.3291335,0.033862114,2.3161116,1
239725693,239725666,0.14230448,8.047775e-07,-0.40605795,2.3352902,0.007844995,2.3182,1
239824531,239824500,0.14213604,8.043599e-07,0.71553594,2.3108819,0.024617426,2.3000472,1
239923302,239923275,0.1420696,8.050823e-07,1.633563,2.2872872,0.12963092,2.2849822,1
240026170,240026130,0.1419515,8.071443e-07,-0.6611123,2.3057034,0.021062238,2.291958,1
240125243,240125209,0.14205343,8.074827e-07,1.4467697,2.2413146,0.103765614,2.236734,1
240223898,240223871,0.14208159,8.067058e-07,3.1235635,2.17447,0.49854547,2.2000797,1
240326693,240326665,0.14217053,8.0685294e-07,-2.3734348,2.241293,0.27926305,2.2568107,1
240425525,240425499,0.14216395,8.0581435e-07,1.2832755,2.303863,0.07942197,2.2962987,1
240524448,240524421,0.14228024,8.0486e-07,-1.636735,2.3454444,0.12690802,2.341942,1
240623270,240623244,0.1423049,8.0430664e-07,1.7996175,2.3783643,0.1513002,2.3786798,1
240726083,240726056,0.14228335,8.04557e-07,-0.23518302,2.3166614,0.0026528141,2.299207,1
240824990,240824951,0.14239539,8.0345126e-07,0.47261024,2.2835295,0.010868187,2.2718754,1
240923967,240923940,0.14238101,8.0259065e-07,2.1016855,2.2447793,0.21863478,2.2509255,1
241026656,241026629,0.14227666,8.035057e-07,-0.3748024,2.3211954,0.006724354,2.3046224,1
241125669,241125632,0.1421175,8.040996e-07,1.4514289,2.3966916,0.09766453,2.3907459,1
241224417,241224390,0.14227827,8.045995e-07,0.48394135,2.343398,0.011104445,2.331569,1
241323246,241323220,0.14217834,8.048742e-07,-0.8119675,2.2915647,0.031967055,2.2815351,1
241426079,241426053,0.14214383,8.0589416e-07,1.1601496,2.2578146,0.066236466,2.2485573,1
241525025,241524999,0.14212699,8.0561006e-07,2.122019,2.1821306,0.22928482,2.187321,1
241623834,241623806,0.14210342,8.053065e-07,-2.2180004,2.2636075,0.24147913,2.2707093,1
241726632,241726605,0.14213607,8.0607305e-07,-3.0788643,2.312168,0.45553234,2.350804,1
241825530,241825503,0.14211743,8.059043e-07,-1.3000541,2.3408535,0.080224335,2.3333812,1
241924388,241924361,0.14206865,8.055387e-07,-0.19457325,2.3650105,0.0017786508,2.3519733,1
242027132,242027105,0.1419755,8.0644867e-07,0.47021735,2.3253374,0.010564984,2.3088353,1
242126313,242126279,0.14201945,8.0635226e-07,-2.344428,2.2962947,0.26595226,2.3131616,1
242225017,242224979,0.14196275,8.062444e-07,0.08272526,2.2762399,0.00033405327,2.2634094,1
242323773,242323747,0.14196914,8.058824e-07,-1.9344397,2.224772,0.18688841,2.2278912,1
242426655,242426628,0.14188361,8.0644344e-07,0.59788233,2.2191215,0.017898137,2.20394,1
242525614,242525588,0.14204618,8.0563757e-07,-1.3715982,2.2901344,0.091274686,2.28393,1
242624356,242624329,0.14204375,8.044228e-07,-3.2583873,2.223281,0.5306016,2.2521558,1
242727104,242727077,0.14189015,8.0445346e-07,2.7176273,2.3196592,0.35376355,2.3429596,1
242826033,242826006,0.1419451,8.0407176e-07,-0.36711836,2.3078969,0.0064886343,2.2914922,1
242924910,242924883,0.14198789,8.0386695e-07,1.5025249,2.3453019,0.10695524,2.3405392,1
243023822,243023784,0.14196268,8.0379544e-07,1.2214327,2.2668836,0.07312524,2.2597244,1
243126763,243126730,0.14195412,8.044562e-07,0.15774904,2.2312803,0.0012391869,2.2143877,1
243225523,243225495,0.14194284,8.041939e-07,-2.1973472,2.2294002,0.24063943,2.241885,1
243324342,243324316,0.14172015,8.043258e-07,2.17875,2.3310165,0.22626998,2.3349118,1
243427058,243427030,0.14163767,8.056922e-07,0.56538606,2.3205845,0.015305596,2.3043716,1
243526017,243525991,0.14164808,8.05736e-07,1.2240615,2.3315485,0.0714035,2.3211648,1
243624980,243624953,0.14180204,8.051881e-07,-0.019126989,2.2745407,1.7871334e-05,2.2614546,1
243723697,243723670,0.14180753,8.043107e-07,2.8784528,2.3578172,0.39045012,2.3761437,1
243826583,243826556,0.14190918,8.0529645e-07,-1.8287548,2.3792863,0.15617868,2.3809028,1
243925449,243925422,0.1419485,8.0490935e-07,-1.607263,2.32585,0.1234098,2.3229866,1
244024346,244024309,0.14189857,8.044122e-07,0.7845742,2.3450174,0.029166177,2.334175,1
244127387,244127282,0.14182457,8.050816e-07,2.284412,2.4679217,0.23494972,2.4795253,1
244226016,244225977,0.14191832,8.0491856e-07,0.23851377,2.4297674,0.0026014752,2.4116027,1
244324974,244324948,0.1419886,8.0407534e-07,-1.0210384,2.3898497,0.048469782,2.3800967,1
244423728,244423699,0.14200684,8.0305887e-07,0.067727715,2.2907453,0.00022249157,2.2776027,1
244526507,244526480,0.14199576,8.030787e-07,-0.4348571,2.2749367,0.009235945,2.259348,1
244625384,244625349,0.14198656,8.0269496e-07,-1.8519357,2.2612326,0.1685249,2.2639894,1
244724209,244724183,0.14201978,8.028722e-07,-0.6170828,2.3289776,0.018166825,2.3174713,1
244827121,244827095,0.14187682,8.045874e-07,2.127925,2.4538903,0.20502883,2.4616573,1
244925943,244925916,0.1419223,8.0563615e-07,0.494115,2.4766471,0.010953412,2.4596367,1
245024809,245024783,0.14183961,8.0638955e-07,1.3858174,2.4949458,0.085528016,2.4883196,1
245123824,245123799,0.14184724,8.0720935e-07,-1.221312,2.4645503,0.06724703,2.4572873,1
245226441,245226415,0.14182104,8.0875463e-07,2.0867958,2.4399207,0.19830868,2.4462051,1
245325573,245325546,0.14181533,8.0950605e-07,-0.29849812,2.4282446,0.004077071,2.4105315,1
245424244,245424217,0.1418821,8.1008545e-07,0.9863224,2.5269008,0.04277668,2.51679,1
245527030,245527000,0.14188203,8.120053e-07,-0.6962537,2.4812722,0.021707917,2.4658415,1
245625924,245625898,0.14181148,8.1301914e-07,0.16175918,2.4522426,0.001185583,2.4340317,1
245724824,245724798,0.14182186,8.133951e-07,3.0428584,2.3620763,0.43553904,2.3850014,1
245823580,245823554,0.14172646,8.14237e-07,-0.29789883,2.4865818,0.0039654486,2.4745424,1
245926348,245926312,0.14183442,8.164425e-07,-2.1324477,2.5695283,0.19663501,2.577051,1
246025356,246025330,0.14180529,8.174561e-07,0.4762511,2.520702,0.009997881,2.5031018,1
246124130,246124104,0.14189287,8.176309e-07,2.0068026,2.5366008,0.17640653,2.5387805,1
246226996,246226970,0.14191926,8.189051e-07,1.4137428,2.5466797,0.0872015,2.5398564,1
246325792,246325766,0.14198387,8.188475e-07,0.51526576,2.5152729,0.011728298,2.4982378,1
246424795,246424756,0.1419989,8.1855836e-07,1.8295753,2.4462602,0.15203914,2.4466503,1
246523726,246523692,0.14192337,8.1864454e-07,0.34837714,2.5014122,0.0053910273,2.4879243,1
246626375,246626347,0.14201798,8.203609e-07,-1.4044188,2.5936427,0.08449687,2.5852327,1
246725345,246725305,0.14198273,8.210076e-07,-0.62258327,2.5214448,0.017080592,2.5094066,1
246824150,246824124,0.1420756,8.208132e-07,-2.841549,2.4628904,0.36426938,2.479803,1
246926860,246926832,0.14214025,8.2150626e-07,-2.8520944,2.47401,0.36532873,2.500494,1
247025821,247025794,0.1419939,8.216251e-07,0.5979692,2.5068474,0.015848463,2.4902718,1
247124825,247124798,0.1419781,8.221956e-07,-1.9494529,2.4916208,0.16947319,2.4930956,1
247224309,247224221,0.14200796,8.229908e-07,1.1752976,2.5331788,0.060588107,2.5244763,1
247326312,247326284,0.14197747,8.240516e-07,1.296646,2.4686894,0.07567177,2.4601479,1
247425276,247425242,0.14200906,8.242072e-07,1.279485,2.5516324,0.07128691,2.5428135,1
247523966,247523940,0.1419278,8.247435e-07,2.9160273,2.513802,0.3758457,2.5331175,1
247626964,247626937,0.14191143,8.26411e-07,-0.4834733,2.5091257,0.010350947,2.4917984,1
247725757,247725730,0.14191507,8.2570654e-07,0.26694113,2.4293609,0.0032590907,2.4109652,1
247824777,247824752,0.14203739,8.2279246e-07,1.2334647,2.4955783,0.06773915,2.486873,1
247923417,247923390,0.14201757,8.1926686e-07,0.36670458,2.439048,0.0061258986,2.4251993,1
248026408,248026381,0.14198221,8.1819724e-07,1.7410629,2.3653862,0.14239159,2.3652444,1
248125371,248125338,0.14197944,8.1695237e-07,3.7093112,2.3366435,0.6542619,2.3793843,1
248224223,248224191,0.14197695,8.166561e-07,0.5552285,2.4330637,0.01407821,2.4205012,1
248326859,248326832,0.14204852,8.1730366e-07,-2.1436741,2.3322616,0.2189262,2.3409812,1
248426437,248426410,0.14201386,8.1706617e-07,0.7887715,2.377522,0.02907605,2.362816,1
248524622,248524570,0.14196672,8.1681526e-07,-0.12245312,2.4514809,0.00067962403,2.43789,1
248623428,248623402,0.14202169,8.163943e-07,1.5586078,2.4328816,0.110945635,2.4288905,1
248726205,248726178,0.14210688,8.158756e-07,1.0817128,2.4477184,0.05311535,2.436531,1
248825175,248825131,0.1420548,8.154473e-07,0.7498565,2.515439,0.024837049,2.5035028,1
248923975,248923947,0.14215426,8.14577e-07,-1.3148394,2.4082751,0.07976214,2.4007854,1
249026793,249026766,0.14229234,8.146421e-07,-1.0039499,2.448611,0.04573638,2.4347842,1
249126032,249125996,0.14229085,8.1418347e-07,1.2296102,2.4630928,0.06820428,2.4547465,1
249224559,249224533,0.14230339,8.1415493e-07,-2.5017734,2.5076716,0.277321,2.5168471,1
249327380,249327353,0.14243732,8.153319e-07,-1.7960598,2.513419,0.14260483,2.5104852,1
249426241,249426215,0.142533,8.1529134e-07,0.61263597,2.6083965,0.015987806,2.5924516,1
249525253,249525197,0.14258775,8.152768e-07,0.42466587,2.5588748,0.0078307465,2.5415187,1
249624025,249623999,0.14269052,8.147663e-07,-0.23977256,2.5406895,0.0025142292,2.5263138,1
249726700,249726674,0.14277397,8.160365e-07,-1.1637416,2.628184,0.05725519,2.6137774,1
249825698,249825659,0.14276512,8.168116e-07,0.5692553,2.6561806,0.013555453,2.639985,1
249924493,249924467,0.14277849,8.172949e-07,-2.477434,2.556864,0.26671904,2.5633357,1
250023298,250023271,0.1429306,8.1765205e-07,0.14311051,2.611867,0.00087126356,2.5982418,1
250126163,250126125,0.14292623,8.1944233e-07,0.54772455,2.6482134,0.012587194,2.6321115,1
250225045,250225017,0.14300668,8.1985297e-07,0.24642932,2.537645,0.0026589574,2.525015,1
250323944,250323918,0.1429074,8.2236755e-07,2.4022806,2.4697928,0.25962374,2.4845011,1
250426737,250426705,0.14289173,8.3005324e-07,-3.1523428,2.839944,0.3887896,2.8739126,1
250525602,250525576,0.14296381,8.3424777e-07,-0.49384534,2.8639452,0.00946182,2.8441074,1
250624450,250624424,0.14303051,8.358789e-07,0.6690695,2.7411292,0.018145565,2.7290957,1
250727179,250727147,0.14297895,8.372065e-07,2.0396953,2.663188,0.17357463,2.6713843,1
250826134,250826108,0.1429528,8.3800086e-07,-1.4824958,2.8221467,0.08652963,2.812506,1
250925055,250925029,0.14296919,8.394572e-07,0.12911129,2.737942,0.00067649054,2.7233367,1
251023874,251023848,0.14292604,8.405535e-07,-0.9111315,2.641227,0.03492319,2.6296134,1
251126932,251126898,0.14290142,8.425856e-07,-1.7682295,2.7085822,0.12826045,2.7059693,1
251225558,251225532,0.14285049,8.4365655e-07,1.2394724,2.7028978,0.06315411,2.692578,1
251324539,251324512,0.14294313,8.444212e-07,-0.72226214,2.688859,0.021556547,2.6758149,1
251427704,251427677,0.14286345,8.464642e-07,-0.33012408,2.7360904,0.0044256947,2.715831,1
251526704,251526678,0.14279626,8.473469e-07,0.9877436,2.7437544,0.039509423,2.7286541,1
251625025,251624985,0.14287266,8.4803827e-07,3.4396994,2.7050264,0.4859896,2.7385316,1
251724399,251724373,0.14279187,8.4937676e-07,-0.49910378,2.7736242,0.009979106,2.759118,1
251826641,251826615,0.14288332,8.5163225e-07,-1.0311148,2.7571688,0.042845793,2.742883,1
251925419,251925393,0.14292535,8.527483e-07,-1.9242064,2.7224145,0.15111464,2.723158,1
252024379,252024352,0.14301974,8.531244e-07,-0.082663365,2.7161336,0.00027953266,2.7012317,1
252127077,252127050,0.14293431,8.5508435e-07,1.8726594,2.7609987,0.1411266,2.7622833,1
252226132,252226087,0.14303355,8.5632826e-07,-0.47319818,2.8445952,0.008746276,2.824608,1
252324902,252324875,0.1429898,8.5757904e-07,1.9510602,2.7718494,0.1525911,2.7725995,1
252423757,252423730,0.14298886,8.584559e-07,1.4886923,2.6955094,0.091353774,2.6903229,1
252526475,252526449,0.14288211,8.602462e-07,2.1338954,2.713886,0.18642843,2.7206366,1
252625538,252625503,0.14291237,8.611559e-07,-0.18129462,2.6459713,0.0013802006,2.626536,1
252724289,252724263,0.1428205,8.613193e-07,-3.358948,2.7384088,0.45778945,2.7692425,1
252827114,252827088,0.1428182,8.6274616e-07,0.9939244,2.7211237,0.040338144,2.7064686,1
252926009,252925982,0.14282922,8.631187e-07,-0.02896747,2.6498694,3.5184723e-05,2.6302295,1
253025034,253025008,0.14278631,8.633655e-07,1.8289059,2.5879762,0.14360844,2.5865157,1
253123636,253123610,0.14267977,8.6388366e-07,-2.2351522,2.6873677,0.20655923,2.6943107,1
253226594,253226509,0.14271575,8.65684e-07,-1.581107,2.660209,0.10441533,2.6565566,1
253325347,253325320,0.14268811,8.6596657e-07,-0.48552483,2.6210077,0.0099933725,2.603403,1
253424241,253424209,0.14273873,8.6595753e-07,-0.35573637,2.6104646,0.0053863707,2.5968268,1
253527001,253526976,0.14275856,8.664745e-07,-0.9901583,2.5090256,0.043417186,2.496354,1
253626002,253625975,0.14280291,8.6535096e-07,0.50549114,2.4849482,0.011425291,2.467519,1
253724946,253724914,0.14267878,8.642198e-07,-0.24969494,2.3924081,0.002895621,2.3792493,1
253823648,253823622,0.1425654,8.6363576e-07,1.4995141,2.3818722,0.104891464,2.3765657,1
253926399,253926373,0.14246681,8.64352e-07,-2.7371187,2.3984091,0.34707353,2.4284763,1
254025391,254025364,0.14247507,8.639043e-07,-3.9434495,2.4778483,0.69732517,2.5561762,1
254124204,254124176,0.14252585,8.638817e-07,-2.1685278,2.5928485,0.20151639,2.5983121,1
254227065,254227037,0.14253022,8.6458164e-07,-1.097295,2.6188192,0.051085632,2.6071908,1
254325832,254325805,0.14242399,8.6402224e-07,0.87544084,2.5200648,0.033790868,2.5047536,1
254424845,254424818,0.1423233,8.6333495e-07,-2.9710326,2.5169375,0.38967264,2.5413558,1
254523547,254523508,0.14235434,8.6268113e-07,-2.653955,2.5551102,0.3062915,2.570761,1
254626374,254626346,0.14237681,8.6277583e-07,-0.7481049,2.5323467,0.024556095,2.517345,1
254725345,254725317,0.1424003,8.617328e-07,-0.43697846,2.541055,0.008349557,2.523406,1
254824269,254824236,0.14236675,8.6103057e-07,2.7410138,2.5541265,0.32684174,2.5681438,1
254926938,254926911,0.14238828,8.6128153e-07,-1.3710122,2.5533752,0.08179476,2.546276,1
255025843,255025816,0.14230163,8.6031685e-07,-1.4419817,2.5595443,0.09026395,2.5541995,1
255124917,255124866,0.14221889,8.598683e-07,1.1048338,2.5553854,0.053075615,2.544957,1
255223533,255223495,0.14221086,8.5906953e-07,-0.95662856,2.4694264,0.04117637,2.4601583,1
255326309,255326282,0.14230914,8.588262e-07,-1.4578726,2.4562418,0.09614474,2.4512467,1
255425206,255425179,0.14243102,8.573659e-07,-2.4616878,2.4620724,0.27347815,2.4793117,1
255524123,255524096,0.14245392,8.5643387e-07,1.2036606,2.5860662,0.062248077,2.5774846,1
255626820,255626793,0.14245889,8.563519e-07,1.0880561,2.505333,0.052504268,2.493499,1
255725834,255725808,0.14235257,8.5517615e-07,1.7258713,2.4109273,0.13727461,2.4094365,1
255824679,255824652,0.14247763,8.5392895e-07,0.15323812,2.3845985,0.0010941474,2.3711586,1
255923507,255923480,0.14247248,8.524735e-07,-2.4225473,2.3023334,0.28322646,2.3122332,1
256026217,256026191,0.14240316,8.5253185e-07,-0.9065312,2.3975956,0.038084395,2.384607,1
256125477,256125440,0.14229381,8.516492e-07,2.0684404,2.3661098,0.20091327,2.368904,1
256223993,256223954,0.14231068,8.501502e-07,-1.899025,2.3734658,0.16882464,2.375053,1
256326823,256326798,0.1423306,8.496099e-07,-0.030059174,2.3214028,4.3247503e-05,2.3037233,1
256425761,256425724,0.14224745,8.4766845e-07,0.90139586,2.244769,0.04021767,2.2316642,1
256524633,256524606,0.14230277,8.458612e-07,-2.471557,2.3025417,0.29477537,2.314246,1
256623406,256623379,0.1423024,8.4406247e-07,0.78263986,2.3315752,0.029189859,2.3205078,1
256726283,256726257,0.14228505,8.4315786e-07,-1.103095,2.2504027,0.06007906,2.240874,1
256825167,256825122,0.14245659,8.413789e-07,1.2697282,2.4405262,0.07339991,2.4334667,1
256924276,256924244,0.14242348,8.4037913e-07,1.2025698,2.3861372,0.067341484,2.378436,1
257026727,257026695,0.14244147,8.3994547e-07,0.21954268,2.3011012,0.0023273393,2.283883,1
257125699,257125671,0.14245334,8.3827257e-07,-0.41313407,2.2064216,0.008595102,2.1904135,1
257224505,257224478,0.14239906,8.3672234e-07,1.5073413,2.2229383,0.11356729,2.2193985,1
257323329,257323299,0.14226498,8.356119e-07,-2.3626986,2.2204242,0.27934325,2.2306645,1
257426173,257426138,0.14237761,8.354151e-07,-0.60799044,2.2160559,0.018534048,2.2012293,1
257525063,257525035,0.14242347,8.333573e-07,-1.366932,2.1810267,0.09518979,2.1748595,1
257624019,257623986,0.14240083,8.3105454e-07,-2.196049,2.1137445,0.25350645,2.120539,1
257726772,257726745,0.1424249,8.2991744e-07,-3.1033893,2.2040231,0.48552755,2.2425125,1
257825577,257825551,0.14237802,8.282471e-07,2.2432377,2.3266375,0.24031417,2.3383286,1
257924549,257924521,0.14243886,8.268458e-07,0.79241335,2.3188417,0.030087765,2.3081656,1
258027337,258027311,0.14244439,8.263954e-07,0.09098892,2.2639575,0.00040631817,2.2466192,1
258126250,258126214,0.14238006,8.252784e-07,-0.15428133,2.2800436,0.0011599548,2.2629776,1
258225000,258224975,0.1424077,8.241139e-07,0.1419591,2.2058854,0.0010150818,2.1934383,1
258324607,258324580,0.14230749,8.2346185e-07,0.23554003,2.3617973,0.002610023,2.3480358,1
258426627,258426601,0.14236052,8.240735e-07,0.18854208,2.2894275,0.0017252308,2.27236,1
258525513,258525486,0.14217694,8.237616e-07,3.2300498,2.3389165,0.49563414,2.3791325,1
258624398,258624371,0.14224295,8.2426993e-07,-2.141671,2.416826,0.21087135,2.4226687,1
258727143,258727116,0.14236294,8.2589105e-07,-2.2001705,2.4722319,0.21756095,2.4821677,1
258826039,258826012,0.14234382,8.2625996e-07,-0.556097,2.4040148,0.014292934,2.38778,1
258924950,258924923,0.14255065,8.261419e-07,0.025866836,2.5553067,2.9093842e-05,2.5413027,1
259023862,259023837,0.14251527,8.2617964e-07,-1.0682873,2.455429,0.05164237,2.4457536,1
259122622,259122595,0.14243668,8.2591174e-07,0.8880849,2.4606335,0.035613894,2.4503732,1
259225483,259225453,0.14245617,8.267304e-07,-1.091217,2.4242983,0.054575,2.4128137,1
259324324,259324298,0.14229737,8.2670704e-07,2.1068113,2.424569,0.20341092,2.4278746,1
259427135,259427108,0.14229755,8.2755906e-07,0.4138105,2.3881772,0.007966984,2.3711605,1
259526021,259525992,0.14220324,8.27169e-07,1.3280834,2.3448703,0.0835775,2.3364668,1
259624998,259624971,0.14221944,8.265277e-07,1.183632,2.2640166,0.06875611,2.256211,1
259723682,259723656,0.1422408,8.255765e-07,-3.672165,2.2886987,0.6546562,2.3291836,1
259826584,259826558,0.1423889,8.26017e-07,-3.1602218,2.3998966,0.46238112,2.438968,1
259925572,259925545,0.14228213,8.2593505e-07,0.8411685,2.455472,0.03201758,2.4407966,1
260024281,260024255,0.1423293,8.2556994e-07,1.9200407,2.395849,0.1709696,2.3971105,1
260127232,260127199,0.14222644,8.264833e-07,2.6767976,2.3887215,0.3332906,2.4121454,1
260225905,260225878,0.1422394,8.2646665e-07,-1.2598674,2.3723412,0.07434128,2.3643737,1
260324933,260324906,0.1422193,8.2644675e-07,-0.42420352,2.3921413,0.008358324,2.3796062,1
260423652,260423626,0.14225005,8.259524e-07,-1.2883134,2.3004322,0.08016616,2.2942483,1
260526522,260526495,0.14216225,8.2649456e-07,-0.79123914,2.30694,0.030153427,2.293603,1
260625502,260625476,0.14201926,8.265266e-07,1.2610672,2.3787293,0.07428291,2.3687441,1
260724198,260724172,0.14208801,8.2623524e-07,-0.73004496,2.3968341,0.024706928,2.3859975,1
260827041,260827014,0.1422115,8.266779e-07,-0.19790542,2.3951454,0.0018169417,2.3772712,1
260925935,260925908,0.14196053,8.268455e-07,2.947142,2.4173703,0.39922377,2.447175,1
261024757,261024715,0.14186789,8.2736614e-07,1.3821032,2.3869984,0.08891731,2.3801348,1
261123826,261123799,0.14162724,8.27979e-07,0.2834412,2.4514496,0.003641333,2.4378014,1
261226412,261226385,0.14164065,8.288459e-07,0.69283164,2.4104216,0.022126865,2.3935921,1
261325373,261325345,0.14183211,8.282362e-07,-1.5929654,2.4540403,0.114891656,2.4526093,1
261424333,261424291,0.14183077,8.2738535e-07,2.547477,2.4837554,0.29031485,2.4938176,1
261526990,261526963,0.14186022,8.2765945e-07,-0.30881667,2.4257102,0.0043683765,2.4080744,1
261625954,261625927,0.14192067,8.2635313e-07,-0.4421144,2.3428347,0.009270116,2.326072,1
261724749,261724723,0.14197512,8.2447275e-07,0.6729747,2.351551,0.021399349,2.3396034,1
261823506,261823479,0.14198163,8.22438e-07,0.51070017,2.2941945,0.012631626,2.281857,1
261926995,261926968,0.14203784,8.2144874e-07,-1.3058127,2.2163281,0.08548408,2.2089326,1
262025282,262025255,0.14191523,8.1968716e-07,1.4739926,2.2726216,0.10622359,2.2673447,1
262124370,262124338,0.14178745,8.1815176e-07,0.3158346,2.2144566,0.0050050654,2.2015746,1
262227012,262226985,0.14192891,8.171426e-07,-1.5503882,2.1905663,0.12192198,2.1881666,1
262325791,262325764,0.14187676,8.1526025e-07,0.5432625,2.1967418,0.014927872,2.1813414,1
262424602,262424575,0.14185561,8.1364163e-07,-0.74602437,2.2547216,0.027426511,2.2442622,1
262523510,262523484,0.14194274,8.120128e-07,0.9070387,2.2587402,0.0404709,2.248935,1
262626315,262626288,0.14189127,8.11607e-07,0.54097366,2.2958736,0.014163213,2.2798746,1
262725211,262725185,0.14192058,8.1058084e-07,-1.8035554,2.3526309,0.15362526,2.3523126,1
262823985,262823952,0.14188515,8.099062e-07,-1.2884456,2.3172379,0.079601094,2.3108954,1
262926758,262926733,0.14184456,8.101418e-07,-0.55812323,2.2741966,0.015219124,2.259439,1
263025635,263025608,0.14184335,8.086978e-07,-0.8853397,2.2235918,0.03916718,2.2112992,1
263124825,263124774,0.14190596,8.06956e-07,-3.2818046,2.2441475,0.53325075,2.2750554,1
263227302,263227276,0.14189959,8.0658845e-07,0.97180057,2.2722008,0.046181183,2.2602684,1
263326260,263326235,0.14191692,8.0516605e-07,2.525738,2.2476304,0.3153619,2.2680771,1
263425078,263425053,0.14213732,8.038984e-07,0.21722043,2.3333132,0.0022469105,2.3203716,1
263523938,263523911,0.1421315,8.033544e-07,2.3848236,2.3937204,0.26399553,2.4043818,1
263626687,263626659,0.14203618,8.0469994e-07,1.2785704,2.4562595,0.07394904,2.4480002,1
263725800,263725773,0.14208992,8.049741e-07,2.2221394,2.4017642,0.22843872,2.4140563,1
263824444,263824418,0.14230491,8.0497836e-07,1.845751,2.4619656,0.15375236,2.463741,1
263923662,263923628,0.14237459,8.050244e-07,1.3697,2.4586024,0.0847852,2.4539828,1
264026184,264026144,0.14246489,8.059831e-07,-1.4196426,2.4827344,0.090195574,2.473238,1
264125036,264125010,0.1423398,8.064381e-07,-0.2423642,2.407157,0.0027113776,2.39383,1
264223868,264223830,0.14241686,8.0678626e-07,1.0444133,2.4632974,0.049202308,2.4551082,1
264326777,264326750,0.1423544,8.0816216e-07,1.4152032,2.4144378,0.09216777,2.40967,1
264425505,264425478,0.14231472,8.082715e-07,2.9242344,2.3521125,0.4039464,2.3870573,1
264524674,264524637,0.14253564,8.0857524e-07,1.9879224,2.3762732,0.18478213,2.3814073,1
264627145,264627118,0.14250237,8.097532e-07,0.73872703,2.3961098,0.025305724,2.3825107,1
264726029,264726002,0.14254537,8.10145e-07,0.8975861,2.460322,0.03638462,2.4481406,1
264824995,264824956,0.14261113,8.103556e-07,0.5065025,2.4065032,0.011844978,2.394618,1
264924069,264924027,0.14253148,8.1016333e-07,1.5159702,2.3447483,0.1089037,2.3418605,1
265026554,265026527,0.14241983,8.1120874e-07,1.3580948,2.3854315,0.085911386,2.3789296,1
265125587,265125560,0.14243183,8.1167224e-07,0.17101935,2.371991,0.0013700455,2.3544059,1
265224334,265224288,0.14250165,8.1165564e-07,1.6539959,2.3180957,0.13112785,2.3167717,1
265323140,265323114,0.14264832,8.116695e-07,1.7561562,2.3918302,0.14326939,2.3924842,1
265426012,265425986,0.14271031,8.1313203e-07,-0.2961372,2.417421,0.004030799,2.3995395,1
265524912,265524885,0.14266935,8.133444e-07,0.096596986,2.4010808,0.00043179526,2.388495,1
265623780,265623743,0.14271976,8.1319826e-07,-1.1782348,2.3670387,0.065165214,2.358382,1
265726555,265726528,0.14262363,8.140633e-07,1.5571845,2.3280554,0.11572956,2.325887,1
265825461,265825434,0.14274593,8.14105e-07,-1.8957324,2.3355567,0.17097048,2.3371017,1
265924328,265924292,0.14280808,8.1401237e-07,2.4011116,2.354127,0.2721149,2.3650894,1
266027061,266027035,0.14290632,8.149281e-07,-3.427866,2.3912456,0.54598534,2.4366047,1
266125988,266125959,0.14285778,8.1532824e-07,-0.96713585,2.4393384,0.042604983,2.4252737,1
266224835,266224795,0.1427337,8.159953e-07,0.27047214,2.441816,0.0033288146,2.4288166,1
266323842,266323810,0.14255479,8.170274e-07,0.26893684,2.4054246,0.003340922,2.392394,1
266426448,266426422,0.14246064,8.1911884e-07,1.2777596,2.3674214,0.07662671,2.358597,1
266525301,266525273,0.14257903,8.198513e-07,-2.4992929,2.3686385,0.29301712,2.3882298,1
266624214,266624188,0.14260954,8.20043e-07,-1.0251106,2.3593166,0.04948946,2.3502233,1
266727035,266727007,0.14268127,8.205136e-07,-2.658543,2.3774562,0.3303181,2.4003909,1
266825780,266825754,0.14262453,8.203555e-07,-0.9602127,2.487245,0.041188292,2.474127,1
266924951,266924923,0.14272982,8.202852e-07,0.2820293,2.431027,0.0036354335,2.4176586,1
267023693,267023666,0.14280675,8.1959564e-07,0.3058721,2.3944907,0.004341343,2.3814692,1
267126783,267126750,0.14293121,8.1965516e-07,-1.0207822,2.3712807,0.048824828,2.357764,1
267225284,267225258,0.14304546,8.183725e-07,-3.662969,2.3228776,0.641797,2.3783145,1
267324069,267324036,0.14299698,8.178951e-07,0.72184503,2.4639983,0.023496598,2.453072,1
267426816,267426790,0.14291874,8.1893705e-07,1.9597139,2.432302,0.17543867,2.4383729,1
267525815,267525789,0.14286241,8.1956074e-07,-1.6696748,2.3741114,0.13047285,2.3719788,1
267624820,267624787,0.14272317,8.206505e-07,-0.12920767,2.4191434,0.00076678296,2.4059377,1
267723397,267723356,0.14270446,8.2146346e-07,0.6218151,2.4201574,0.017751552,2.4084578,1
267826330,267826303,0.14273047,8.228375e-07,-1.5487001,2.4528575,0.108647525,2.4484887,1
267925237,267925203,0.142765,8.224448e-07,-0.26281035,2.387928,0.0032138175,2.3751528,1
268024727,268024694,0.14285173,8.2115565e-07,-2.031753,2.3802838,0.19269505,2.382719,1
268127052,268127012,0.14297073,8.204952e-07,0.29528087,2.3217597,0.004172639,2.3045282,1
268226392,268226367,0.14295414,8.189695e-07,2.32059,2.3370771,0.25602433,2.3538535,1
268325144,268325117,0.14310196,8.1754973e-07,1.6487827,2.3706586,0.12741347,2.3697264,1
268423426,268423399,0.143215,8.16391e-07,1.2213342,2.3751407,0.069781,2.3692517,1
268526256,268526230,0.1432688,8.1622204e-07,0.25714558,2.3342562,0.00314751,2.3172436,1
268625161,268625114,0.14331304,8.1518266e-07,0.7673234,2.373244,0.027565887,2.363195,1
268723889,268723862,0.14330284,8.144933e-07,0.8091353,2.447701,0.029719498,2.4380589,1
268826862,268826835,0.1433726,8.15476e-07,1.9223254,2.4621701,0.16676052,2.4692686,1
268925563,268925537,0.14336197,8.1565264e-07,1.0085952,2.3900685,0.04729127,2.3798587,1
269024490,269024461,0.14338592,8.154303e-07,0.30541486,2.2844574,0.004536853,2.2723658,1
269127380,269127348,0.14341807,8.156178e-07,0.050977383,2.1869822,0.00013202839,2.1703854,1
269226132,269226106,0.14339834,8.145826e-07,-0.66582817,2.2207942,0.022180611,2.2056909,1
269325057,269325031,0.14335716,8.1361856e-07,-2.433626,2.2174883,0.29675895,2.227055,1
269423916,269423888,0.14334217,8.1319706e-07,0.1254048,2.2598114,0.00077323883,2.2473748,1
269526589,269526562,0.14322932,8.139281e-07,1.8743203,2.3225627,0.16806515,2.3261304,1
269625573,269625540,0.1431916,8.1376106e-07,1.1171175,2.307587,0.060089298,2.297526,1
269724346,269724318,0.1433177,8.138883e-07,-0.76514333,2.539703,0.025612984,2.5278497,1
269827093,269827066,0.1434064,8.1533204e-07,-1.2581143,2.531699,0.06946814,2.521068,1
269926042,269926015,0.14331138,8.161106e-07,1.6609074,2.5572333,0.119861014,2.555213,1
270024888,270024861,0.14329486,8.1687557e-07,-0.6653969,2.559235,0.019222457,2.5470047,1
270123824,270123797,0.14329696,8.1777023e-07,0.7143494,2.482666,0.022838129,2.471188,1
270226517,270226490,0.14327434,8.191776e-07,1.6016253,2.379266,0.11979435,2.376801,1
270325489,270325463,0.14344124,8.194041e-07,-2.1973095,2.4852448,0.21585931,2.4931705,1
270424277,270424243,0.14340465,8.19674e-07,1.6544785,2.5115714,0.12109724,2.5092182,1
270527694,270527669,0.14342041,8.2099916e-07,0.1018953,2.552238,0.00045200644,2.532565,1
270625894,270625867,0.14347328,8.206773e-07,0.68931985,2.470375,0.021371556,2.4558148,1
270724892,270724865,0.14353757,8.204211e-07,-2.2217245,2.3768096,0.23075096,2.3816168,1
270824285,270824260,0.14349444,8.2060313e-07,2.0580924,2.4697692,0.1905596,2.4744918,1
270926475,270926448,0.14347677,8.220566e-07,0.29145598,2.405547,0.0039236443,2.3884664,1
271025338,271025299,0.14349131,8.2244753e-07,0.44942093,2.3830204,0.009417515,2.3667712,1
271124412,271124386,0.14346881,8.2269713e-07,-1.7390776,2.5289795,0.13287707,2.5268033,1
271226956,271226930,0.14350782,8.245177e-07,1.8384998,2.5334806,0.14824055,2.5357077,1
271325915,271325888,0.14359869,8.250272e-07,-0.026778776,2.4763463,3.2175667e-05,2.4579175,1
271425371,271425344,0.14350417,8.252445e-07,-0.07186751,2.5460765,0.00022539862,2.5315015,1
271527620,271527593,0.14334023,8.2718543e-07,3.723501,2.5456429,0.60514987,2.6057038,1
271626402,271626375,0.14335358,8.288107e-07,-0.07911262,2.591629,0.0002683343,2.5727901,1
271725349,271725322,0.14335693,8.300538e-07,-0.57988715,2.5366533,0.014729342,2.520311,1
271824135,271824108,0.14338148,8.309198e-07,-3.8491025,2.5554783,0.6441755,2.6013494,1
271927015,271926987,0.1434931,8.331519e-07,-2.4788272,2.6414223,0.25847122,2.6580203,1
272025844,272025817,0.14350574,8.34027e-07,-1.0980623,2.6183681,0.051165916,2.605983,1
272124656,272124617,0.14343107,8.343103e-07,-2.4146225,2.5268152,0.25637904,2.5364738,1
272223443,272223416,0.14339313,8.3545194e-07,1.6891599,2.6753118,0.1185017,2.6718316,1
272326381,272326354,0.14329255,8.37882e-07,1.9318628,2.6374104,0.15722889,2.6385367,1
272425208,272425181,0.14336236,8.387953e-07,1.6869944,2.5842056,0.12236514,2.5809865,1
272524319,272524289,0.14331369,8.394166e-07,1.3463166,2.592259,0.0776915,2.584674,1
272626796,272626771,0.14325981,8.41668e-07,0.42026716,2.6678343,0.0073561324,2.6491346,1
272725760,272725733,0.14319792,8.4268515e-07,1.9952097,2.547423,0.1736335,2.550022,1
272824567,272824541,0.14329,8.43493e-07,-1.8715141,2.6277626,0.14810085,2.6280427,1
272923492,272923466,0.1433016,8.443217e-07,2.0415192,2.6033597,0.17788127,2.6048386,1
273026224,273026197,0.14335129,8.457932e-07,-1.6816922,2.5910532,0.12127581,2.5885572,1
273125301,273125263,0.14343654,8.457743e-07,2.5412824,2.6452312,0.27126873,2.656424,1
273223978,273223951,0.14342147,8.464287e-07,-0.3309474,2.7085023,0.0044931015,2.6941683,1
273326729,273326701,0.14350249,8.481103e-07,-0.3746992,2.6427422,0.0059029385,2.6245267,1
273425675,273425648,0.14337301,8.4924625e-07,-0.6291996,2.8359191,0.015511028,2.8232284,1
273524461,273524433,0.14333412,8.5043376e-07,1.3004913,2.7614534,0.06805103,2.752519,1
273627290,273627263,0.14332418,8.5059753e-07,0.8703302,2.7551553,0.03054777,2.738606,1
273726082,273726056,0.14342959,8.49151e-07,-2.1458817,2.6714222,0.19152543,2.677809,1
273825091,273825064,0.14333989,8.4665413e-07,-3.1298203,2.6207254,0.4153123,2.6452937,1
273923857,273923831,0.14342386,8.4424363e-07,1.0367777,2.610984,0.045742992,2.6002026,1
274026705,274026677,0.14335954,8.443854e-07,-2.0568604,2.5653179,0.1832424,2.571708,1
274125515,274125487,0.14323847,8.449754e-07,1.9499636,2.657028,0.15900631,2.6582584,1
274224399,274224372,0.14331713,8.457654e-07,-1.9280202,2.6401937,0.15643895,2.6410677,1
274327139,274327112,0.1434575,8.4793527e-07,-2.5726795,2.7578523,0.26666,2.7754574,1
274426147,274426120,0.1434663,8.491449e-07,-2.4510362,2.7212296,0.24529673,2.735587,1
274525192,274525166,0.14351732,8.497752e-07,-2.1494918,2.651765,0.19359495,2.6547596,1
274623756,274623704,0.1435433,8.500758e-07,0.7912754,2.7134423,0.025638478,2.7014494,1
274727218,274727192,0.14351803,8.5121667e-07,0.7360038,2.625242,0.022927055,2.6087198,1
274825548,274825522,0.14367901,8.5096985e-07,-1.998799,2.7272077,0.16277118,2.7278705,1
274924356,274924329,0.14378087,8.505202e-07,0.8218539,2.7756894,0.027038079,2.7638695,1
275027069,275027040,0.14380626,8.508187e-07,-0.05288285,2.6862946,0.00011567342,2.666242,1
275126198,275126165,0.14394811,8.499283e-07,-0.81626356,2.7007627,0.027411439,2.6825514,1
275224834,275224807,0.14397565,8.4945185e-07,-0.9200543,2.7807043,0.03382436,2.7677846,1
275323982,275323955,0.14397518,8.4949676e-07,-0.293766,2.6717412,0.0035889393,2.6567583,1
275426555,275426528,0.14397842,8.503713e-07,2.2571507,2.7073445,0.20909086,2.7210455,1
275525378,275525351,0.14405441,8.5102647e-07,1.7210312,2.7271776,0.12067618,2.7278638,1
275624246,275624219,0.1440256,8.516396e-07,2.3636599,2.6866777,0.23105314,2.6965423,1
275727554,275727528,0.1440452,8.5366963e-07,0.41191837,2.718648,0.006934687,2.6996381,1
275826635,275826609,0.1440753,8.543591e-07,0.023948861,2.6088398,2.4427547e-05,2.5886471,1
275924757,275924733,0.14417224,8.5423324e-07,2.833205,2.7103436,0.3290706,2.730702,1
276023851,276023811,0.14419827,8.550405e-07,-0.6809624,2.7598333,0.018668992,2.7457354,1
276126811,276126774,0.14427486,8.5654943e-07,-0.8664583,2.645031,0.031537123,2.6278615,1
276225372,276225346,0.14424995,8.56854e-07,0.3710723,2.6795323,0.005709729,2.6612887,1
276324223,276324197,0.14427169,8.569472e-07,-0.90200037,2.7311177,0.03310019,2.718438,1
276427000,276426973,0.14447327,8.5787906e-07,0.14682901,2.742602,0.00087341055,2.7228916,1
276525872,276525845,0.14444357,8.5764185e-07,3.253572,2.7329903,0.43036827,2.7824373,1
276624734,276624701,0.14467819,8.5774917e-07,-0.74884355,2.743267,0.022712847,2.7291732,1
276723457,276723430,0.14470644,8.580128e-07,-0.16247925,2.7001112,0.0010863547,2.685478,1
276826425,276826398,0.1447369,8.5969475e-07,-0.48153228,2.784416,0.009252821,2.7641985,1
276925272,276925246,0.14472517,8.6038636e-07,-0.015193783,2.7343981,9.380534e-06,2.71437,1
277024355,277024328,0.14487025,8.6051426e-07,1.5222306,2.7572618,0.093377106,2.7548301,1
277127045,277127011,0.14497596,8.617897e-07,0.66419446,2.8462932,0.017221397,2.8310442,1
277226476,277226449,0.14499506,8.624265e-07,-0.8134905,2.7507293,0.026730966,2.7314641,1
277324574,277324547,0.14495796,8.6265095e-07,-0.7226044,2.7208483,0.021323297,2.707155,1
277423499,277423472,0.14496484,8.631193e-07,3.1819727,2.733413,0.41157135,2.7645059,1
277526227,277526201,0.14493439,8.649011e-07,-2.376949,2.7972538,0.22442196,2.8053277,1
277625188,277625150,0.14502163,8.654974e-07,-0.3636622,2.7854896,0.0052753626,2.7703931,1
277723945,277723918,0.14499876,8.662192e-07,2.4495459,2.8175697,0.23662138,2.829594,1
277823087,277823054,0.14496978,8.671797e-07,0.8970376,2.7542095,0.03246249,2.743503,1
277926217,277926189,0.14505468,8.688947e-07,-2.5171208,2.685241,0.2621696,2.6988833,1
278024781,278024754,0.14494787,8.700252e-07,1.3247826,2.877264,0.06777461,2.8700113,1
278127459,278127425,0.14500998,8.719786e-07,-0.18572336,2.7669156,0.0013851431,2.7464712,1
278226187,278226147,0.14493044,8.7336025e-07,3.7208602,2.7216284,0.5652172,2.787205,1
278325178,278325141,0.14487706,8.789974e-07,-0.72149706,2.8179574,0.020525428,2.8013992,1
278423945,278423917,0.14490338,8.829336e-07,1.4336438,3.0700357,0.074386925,3.0629961,1
278526825,278526798,0.14491317,8.866023e-07,0.89019084,3.0343635,0.029017244,3.0174763,1
278625707,278625680,0.14483228,8.8819064e-07,2.5269039,2.953107,0.24024574,2.9691617,1
278724510,278724469,0.14496051,8.9011934e-07,-1.3577935,3.1547072,0.064933054,3.1450553,1
278823406,278823380,0.14488421,8.922289e-07,0.12559189,3.0592885,0.0005728755,3.0433772,1
278926072,278926044,0.14490792,8.950174e-07,-3.6355345,3.0481982,0.4817823,3.100422,1
279025234,279025196,0.14482844,8.9756435e-07,1.407151,3.1294723,0.07030202,3.1207917,1
279127891,279127862,0.14465825,9.0064106e-07,2.7745478,3.1584024,0.2708161,3.1780324,1
279226746,279226719,0.14455542,9.0264547e-07,2.1886778,3.134087,0.16982831,3.136072,1
279325516,279325489,0.144563,9.0443456e-07,-1.639376,3.097155,0.09641658,3.093613,1
279424465,279424438,0.14456256,9.062214e-07,1.947792,3.1540053,0.13365348,3.150797,1
279527079,279527053,0.14453799,9.087735e-07,-0.77792317,3.062813,0.021953836,3.04555,1
279626620,279626593,0.14448425,9.0994047e-07,0.051197104,2.9668918,9.8162716e-05,2.9443998,1
279724941,279724914,0.14444382,9.1018876e-07,-3.7486918,2.93915,0.5312454,2.9840758,1
279823772,279823746,0.14447676,9.109223e-07,2.5075393,3.0934737,0.22584295,3.0996497,1
279926498,279926471,0.1444225,9.126812e-07,0.2885773,3.0128562,0.0030711668,2.9910502,1
280025508,280025481,0.14436127,9.130991e-07,3.0891538,2.963735,0.3577644,2.9936604,1
280124249,280124222,0.14428729,9.134991e-07,1.0869837,2.964606,0.044282954,2.952071,1
280227059,280227032,0.14424603,9.15103e-07,-0.7237637,3.0334477,0.019187331,3.0161912,1
280325994,280325967,0.1441153,9.1613254e-07,3.2413092,3.0213225,0.38636816,3.053528,1
280424838,280424800,0.14415355,9.1761916e-07,0.75475144,3.1133559,0.020329965,3.0984697,1
280523809,280523775,0.14398897,9.194382e-07,-1.9216039,3.172575,0.12932228,3.1750517,1
280626499,280626472,0.14391708,9.2240543e-07,0.9705659,3.0774086,0.034011237,3.0582967,1
280725294,280725267,0.1439089,9.238739e-07,0.809273,3.0935116,0.02352317,3.0731995,1
280824347,280824314,0.14396794,9.2457213e-07,-0.31680107,2.9954655,0.003722772,2.9802003,1
280926972,280926943,0.14399461,9.255108e-07,-1.4199144,2.9034443,0.077155754,2.8967032,1
281025878,281025852,0.14396614,9.249317e-07,-2.3122642,2.801662,0.21203944,2.8104384,1
281124777,281124751,0.14396156,9.2372176e-07,-2.3249195,2.7199266,0.22080867,2.728964,1
281223539,281223512,0.14397722,9.219885e-07,-1.9076701,2.730056,0.14811276,2.7311146,1
281326511,281326484,0.1439804,9.213358e-07,1.0475794,2.7505462,0.044331502,2.73498,1
281425296,281425270,0.14393823,9.194914e-07,0.45992953,2.6765556,0.0087814005,2.6619847,1
281524335,281524308,0.14380576,9.177429e-07,3.7044983,2.6005886,0.58633345,2.636682,1
281626857,281626830,0.14371844,9.178972e-07,-0.4993571,2.6242464,0.010557847,2.6075273,1
281725918,281725890,0.14341414,9.17835e-07,1.2353486,2.6101956,0.06496261,2.596156,1
281824604,281824576,0.1434649,9.171563e-07,1.6472068,2.5789049,0.11690105,2.5725412,1
281923526,281923500,0.14350969,9.155992e-07,2.6001825,2.5850525,0.29060012,2.5932865,1
282026340,282026315,0.14346005,9.1459685e-07,-1.5783867,2.526562,0.10956059,2.5260851,1
282126158,282126118,0.14334351,9.1208864e-07,-3.202284,2.4988787,0.45596555,2.5361586,1
282223971,282223945,0.14339401,9.0931775e-07,-0.5747466,2.574286,0.014257833,2.5620234,1
282326778,282326752,0.14338744,9.077633e-07,-0.34820813,2.5840688,0.0052135224,2.5659404,1
282425713,282425684,0.143444,9.0538254e-07,-1.7872158,2.5987334,0.13656825,2.59872,1
282524522,282524494,0.14337432,9.0308674e-07,-1.1411451,2.5296254,0.057198286,2.5222373,1
282627319,282627292,0.14322837,9.01695e-07,1.5045329,2.452706,0.10254522,2.4441166,1
282726203,282726177,0.14335388,8.995713e-07,-2.3763313,2.4825268,0.25274208,2.5007994,1
282825045,282825017,0.1433332,8.97253e-07,0.28902373,2.4729006,0.0037533394,2.45415,1
282924145,282924101,0.14340454,8.945455e-07,1.470462,2.4792986,0.09690279,2.4726562,1
283026730,283026701,0.14342976,8.932288e-07,0.81735915,2.4842005,0.02988111,2.4687133,1
283125689,283125654,0.14326775,8.912779e-07,2.740563,2.4491534,0.34073836,2.4710937,1
283224377,283224349,0.14327893,8.8933797e-07,-1.0009158,2.419356,0.046010055,2.410611,1
283323350,283323312,0.14321432,8.874022e-07,0.7452226,2.336459,0.026410183,2.3248951,1
283426065,283426037,0.14316578,8.861591e-07,1.426108,2.3022358,0.09815502,2.2945213,1
283525021,283524994,0.14319111,8.836085e-07,-0.045081235,2.3377752,9.659315e-05,2.3244748,1
283623991,283623958,0.14325085,8.8036023e-07,-2.836338,2.3900156,0.37400097,2.410572,1
283726644,283726617,0.14341637,8.7869313e-07,-0.04034698,2.4759026,7.305433e-05,2.457063,1
283825453,283825427,0.14344648,8.763914e-07,-0.09648112,2.426897,0.00042617784,2.4084015,1
283924397,283924358,0.14345935,8.741641e-07,-2.7728295,2.3258379,0.36730295,2.342716,1
284027182,284027150,0.14360476,8.729954e-07,-2.6183574,2.3766758,0.3205128,2.3970213,1
284125997,284125970,0.14359263,8.708129e-07,0.77145123,2.4283345,0.027231146,2.413748,1
284224884,284224856,0.14365573,8.684685e-07,0.80014265,2.3870049,0.029801562,2.3763342,1
284323949,284323915,0.14367227,8.6644997e-07,-1.740556,2.3301523,0.14446053,2.3278835,1
284426464,284426438,0.14362977,8.654782e-07,-1.249947,2.3633046,0.07345493,2.353771,1
284525454,284525432,0.14365146,8.6331767e-07,-0.7629238,2.310182,0.027994556,2.2953355,1
284624259,284624232,0.14366092,8.6075886e-07,-2.3188055,2.2144868,0.26978204,2.2219434,1
284727029,284727002,0.14367492,8.594462e-07,-2.6032674,2.2640305,0.33259276,2.2848384,1
284825939,284825913,0.14366597,8.573295e-07,0.018402375,2.2828076,1.6482989e-05,2.2652256,1
284924760,284924735,0.14372861,8.547483e-07,1.1637847,2.2161121,0.067906454,2.2092881,1
285023627,285023600,0.14368786,8.5216607e-07,1.1554984,2.1766222,0.06815741,2.1699219,1
285126578,285126535,0.14359057,8.506123e-07,1.1411444,2.179407,0.06638965,2.1702466,1
285225374,285225336,0.14372411,8.4795045e-07,-2.2888577,2.1631696,0.26909432,2.1759186,1
285324133,285324106,0.143691,8.4589647e-07,0.70189184,2.2138503,0.02472576,2.2034895,1
285426957,285426930,0.143653,8.4558883e-07,-2.0420463,2.1338995,0.21712744,2.141697,1
285525821,285525794,0.14351074,8.443599e-07,0.02986817,2.1570263,4.5953573e-05,2.1405811,1
285624779,285624741,0.14348827,8.424903e-07,-1.7070466,2.211081,0.14643456,2.210567,1
285723525,285723496,0.14350253,8.4104335e-07,1.2225366,2.258876,0.07351717,2.251679,1
285826484,285826450,0.14346462,8.409889e-07,0.92911434,2.3798654,0.04030356,2.3665502,1
285925214,285925188,0.14344141,8.40154e-07,1.0937752,2.3544855,0.056456976,2.345624,1
286024142,286024116,0.14350146,8.389514e-07,1.3758165,2.2922013,0.09175415,2.2865114,1
286126908,286126877,0.14358267,8.387267e-07,2.13343,2.359816,0.2143069,2.3692775,1
286225806,286225780,0.1436008,8.381227e-07,-0.23347121,2.3557823,0.002570923,2.3382976,1
286324584,286324545,0.14367023,8.3733596e-07,2.3227463,2.2989433,0.2607551,2.3081439,1
286423439,286423412,0.14361337,8.366218e-07,1.519316,2.308226,0.11111568,2.3047483,1
286526224,286526196,0.14365047,8.372371e-07,-1.5927154,2.3425589,0.12032151,2.3392706,1
286625075,286625048,0.14355478,8.372153e-07,1.3441826,2.4355779,0.08242749,2.429454,1
286723942,286723903,0.14348167,8.374322e-07,-0.06018588,2.4984477,0.00016109292,2.484959,1
286826813,286826788,0.1435,8.3906343e-07,0.87401104,2.5339305,0.033496283,2.5193486,1
286925603,286925564,0.14338219,8.39701e-07,2.088833,2.534946,0.1912477,2.539966,1
287024563,287024536,0.1434955,8.403488e-07,-1.10181,2.571112,0.05246261,2.5621567,1
287127429,287127396,0.14341624,8.416441e-07,1.2068716,2.4702032,0.06551594,2.4595153,1
287226189,287226149,0.1434468,8.4145677e-07,-1.9725726,2.5238068,0.17130394,2.5289254,1
287324996,287324968,0.14349052,8.4215105e-07,0.30656388,2.6708038,0.0039098267,2.6568418,1
287424030,287424003,0.14338227,8.433217e-07,2.7604215,2.6640346,0.31781065,2.6791701,1
287526633,287526606,0.1433879,8.4554847e-07,2.697423,2.7093036,0.2983994,2.730304,1
287625480,287625454,0.143451,8.469166e-07,-1.784407,2.7778056,0.12736307,2.7765553,1
287724451,287724411,0.1434967,8.475366e-07,-1.8137167,2.6713276,0.13682619,2.6695926,1
287827132,287827106,0.14354526,8.482343e-07,1.4885188,2.6086628,0.09437309,2.6026175,1
287926031,287926005,0.14351663,8.474843e-07,3.3935688,2.5901697,0.49401778,2.6387005,1
288024842,288024816,0.14356644,8.4741674e-07,2.2116485,2.6224976,0.20724048,2.6279087,1
288123782,288123739,0.14352989,8.476715e-07,0.8570103,2.609861,0.031268872,2.5985663,1
288226617,288226590,0.14363885,8.4911534e-07,0.20368966,2.671702,0.0017254702,2.6523285,1
288325531,288325493,0.14362635,8.493279e-07,1.4267873,2.6004457,0.08698175,2.5939405,1
288424376,288424335,0.14361966,8.4932987e-07,-1.3345034,2.5366044,0.0780089,2.5292742,1
288523245,288523206,0.14353843,8.4937983e-07,-1.6293237,2.5645168,0.11501824,2.561075,1
288625899,288625871,0.14355774,8.5070644e-07,0.31135392,2.557113,0.0042122705,2.5389163,1
288724902,288724874,0.14349476,8.511214e-07,1.6233228,2.5149567,0.11642246,2.511439,1
288823828,288823790,0.14345036,8.5141215e-07,1.5030241,2.4835467,0.10106878,2.4785023,1
288926518,288926479,0.14336522,8.524528e-07,1.0931659,2.4655828,0.053853013,2.4536161,1
289025344,289025317,0.14335987,8.5208455e-07,1.2658584,2.372169,0.075055435,2.3628666,1
289124213,289124186,0.14333637,8.510433e-07,-0.70764005,2.3883755,0.02329591,2.377418,1
289226955,289226928,0.14347462,8.504803e-07,-0.29123545,2.357885,0.0039969007,2.3403416,1
289326053,289326026,0.14353065,8.483122e-07,-0.17620102,2.2651348,0.0015229312,2.2475207,1
289424746,289424713,0.14349373,8.461169e-07,-0.677066,2.2769217,0.022370279,2.265678,1
289523618,289523591,0.14330149,8.447972e-07,-0.60052043,2.313183,0.017322201,2.3027225,1
289626377,289626343,0.1432112,8.4516927e-07,0.28262353,2.227061,0.0039851256,2.2104096,1
289725309,289725284,0.14309637,8.443714e-07,1.3358812,2.2247493,0.089127585,2.2178407,1
289824084,289824059,0.1432018,8.4298273e-07,0.83353716,2.3464324,0.032900266,2.3353596,1
289926819,289926792,0.14334638,8.422562e-07,-0.29380485,2.3460336,0.0040882854,2.3288338,1
290025829,290025800,0.14332494,8.4065493e-07,1.562634,2.343303,0.11578267,2.339302,1
290124833,290124797,0.14340477,8.387566e-07,-1.4014735,2.3589635,0.0925137,2.353131,1
290223388,290223361,0.14343962,8.3673314e-07,-0.6257434,2.2621343,0.01923232,2.250674,1
290326318,290326291,0.14343847,8.3549463e-07,1.6600839,2.1720586,0.14097628,2.1718338,1
290425125,290425098,0.14359954,8.332648e-07,1.9957905,2.2965243,0.19271536,2.299902,1
290524249,290524222,0.14358836,8.3215565e-07,-0.05741945,2.2789745,0.00016074449,2.26567,1
290626846,290626820,0.14364189,8.3138207e-07,0.72003245,2.1788313,0.026438575,2.1656678,1
290725741,290725714,0.14365254,8.2888477e-07,2.1429098,2.2156026,0.23028912,2.2276735,1
290824597,290824560,0.14365177,8.268345e-07,0.31384557,2.2708232,0.004819547,2.2584004,1
290923409,290923383,0.14367093,8.2516317e-07,1.0317816,2.1940827,0.053911325,2.1861112,1
291026144,291026117,0.14364204,8.243598e-07,-2.3468027,2.1707418,0.28190482,2.1851945,1
291125350,291125305,0.14351633,8.227351e-07,-1.6768256,2.2693186,0.13766953,2.2678058,1
291223966,291223939,0.1436571,8.210782e-07,-1.0196506,2.2586756,0.05114538,2.2494187,1
291326705,291326678,0.14368315,8.204879e-07,-3.3041155,2.2457728,0.5401347,2.291698,1
291425608,291425561,0.14358097,8.1940925e-07,0.42796087,2.2675493,0.008974472,2.2511356,1
291524462,291524436,0.14353947,8.184844e-07,2.0002832,2.2589624,0.19680288,2.261506,1
291627206,291627179,0.1434636,8.189617e-07,-0.27914464,2.2280982,0.003885812,2.211907,1
291726212,291726185,0.14340365,8.1809674e-07,-0.57082605,2.1382098,0.016932253,2.124123,1
291824982,291824956,0.14350106,8.1563263e-07,0.51215273,2.074022,0.014052161,2.062637,1
291923820,291923794,0.14364819,8.12524e-07,0.31652558,2.1142874,0.005265154,2.102153,1
292026637,292026586,0.14365521,8.1083135e-07,-1.8127707,2.1444113,0.17026883,2.14644,1
292125660,292125632,0.14354675,8.0825305e-07,-0.52073896,2.1438518,0.014054094,2.128598,1
292224360,292224334,0.1435896,8.0611426e-07,-0.7902108,2.112645,0.03284104,2.1029181,1
292327161,292327127,0.14364725,8.0567537e-07,-0.0292565,2.1928253,4.3370877e-05,2.1759765,1
292426057,292426029,0.14370914,8.0459154e-07,-2.9376974,2.1171858,0.45291075,2.1511357,1
292525093,292525056,0.14354983,8.035333e-07,-1.8724716,2.1462336,0.18151437,2.148746,1
292623993,292623966,0.14364585,8.02815e-07,-1.1780081,2.108656,0.07312204,2.1019914,1
292726505,292726478,0.14362769,8.028516e-07,1.032732,2.0989542,0.056458563,2.0890267,1
292825326,292825288,0.1437041,8.0203114e-07,2.4598935,2.1760004,0.30898052,2.1957493,1
292924262,292924237,0.1437438,8.015242e-07,0.9257366,2.255335,0.0422203,2.2462053,1
293026991,293026966,0.14382903,8.025929e-07,-2.119658,2.244317,0.2224359,2.2523975,1
293126063,293126029,0.14376706,8.022186e-07,0.06626137,2.2382722,0.00021795431,2.2211227,1
293224774,293224747,0.14392743,8.01619e-07,1.4524772,2.1745796,0.107795544,2.1716113,1
293323634,293323595,0.1439696,8.0103536e-07,0.055361286,2.2103543,0.00015406641,2.198037,1
293426500,293426474,0.14400011,8.0189994e-07,-1.7039292,2.180908,0.14791875,2.179592,1
293525285,293525258,0.14392266,8.0154877e-07,1.7241236,2.252101,0.14665821,2.2539196,1
293624222,293624195,0.14386846,8.009727e-07,1.7474436,2.1897392,0.15494281,2.1899343,1
293726877,293726850,0.14385152,8.0122663e-07,-0.38797718,2.1397889,0.007816259,2.1242075,1
293825855,293825828,0.14387153,8.005887e-07,-0.23741573,2.1268072,0.0029447493,2.1108346,1
293924627,293924601,0.1438171,7.999909e-07,-0.36633545,2.1904905,0.0068072863,2.1785996,1
294023521,294023494,0.14389266,7.993733e-07,-1.9462198,2.1923687,0.19196747,2.1943338,1
294126500,294126465,0.14393725,8.000045e-07,1.4771321,2.1693807,0.11175331,2.1667502,1
294225108,294225082,0.14386682,7.998164e-07,-1.6866521,2.2534366,0.14026947,2.2519445,1
294324012,294323985,0.14386182,7.9978804e-07,0.19194409,2.1723683,0.0018844019,2.1602974,1
294426754,294426721,0.14396471,8.002946e-07,-2.8573656,2.2294993,0.40689445,2.2588804,1
294525647,294525619,0.14389579,8.006447e-07,1.283497,2.3419487,0.07815734,2.3343723,1
294624468,294624430,0.14396848,8.0095157e-07,-1.0727078,2.3371747,0.05470527,2.3284574,1
294727294,294727269,0.14406104,8.0241614e-07,-2.9827816,2.3179948,0.42646945,2.350121,1
294826150,294826123,0.14395535,8.032005e-07,2.7366202,2.5172713,0.33056474,2.5441043,1
294925092,294925055,0.14408046,8.0435996e-07,2.0985456,2.5437696,0.19236077,2.5488496,1
295024035,295023998,0.14401022,8.0564564e-07,-0.6744202,2.5708506,0.01965811,2.5583243,1
295126926,295126893,0.14403349,8.082807e-07,0.43803865,2.6255465,0.008120124,2.6075504,1
295225506,295225480,0.1440828,8.1012547e-07,0.4698916,2.6088927,0.009403654,2.591537,1
295324512,295324419,0.14416787,8.1153524e-07,0.9931464,2.599097,0.04216592,2.5896802,1
295427110,295427082,0.14401329,8.1378954e-07,2.123212,2.5596273,0.19568948,2.567649,1
295526224,295526197,0.14405087,8.1516845e-07,-1.1418611,2.5139744,0.05762662,2.5030336,1
295625033,295625005,0.14414127,8.158614e-07,-0.07524077,2.470886,0.00025457234,2.4570818,1
295724151,295724118,0.14405504,8.166304e-07,1.1945736,2.5734513,0.061612293,2.5652606,1
295826500,295826474,0.14416535,8.186109e-07,-0.32626095,2.5561562,0.0046270085,2.5376627,1
295925448,295925421,0.14411102,8.198304e-07,-0.21103917,2.6458788,0.0018703105,2.6267703,1
296024289,296024261,0.1441003,8.2105305e-07,2.482511,2.6110659,0.26225394,2.6220417,1
296127183,296127145,0.14421329,8.2334134e-07,-2.056326,2.6027358,0.18051417,2.606509,1
296225862,296225835,0.14419265,8.244905e-07,-0.97585726,2.6239874,0.04032444,2.609592,1
296324854,296324828,0.14402676,8.258551e-07,0.58201796,2.6300485,0.014310885,2.617116,1
296423600,296423561,0.14403649,8.271518e-07,-0.6179193,2.5865276,0.016402269,2.574216,1
296526464,296526437,0.14402169,8.291378e-07,-1.2792962,2.5305393,0.0718599,2.521689,1
296625301,296625274,0.14392339,8.298096e-07,-0.42974925,2.479759,0.008275196,2.4671116,1
296724429,296724399,0.14405796,8.301276e-07,-2.0206928,2.4760163,0.18323338,2.4786632,1
296826933,296826907,0.1440617,8.3100633e-07,0.42503792,2.408957,0.008332663,2.3921523,1
296925868,296925842,0.14385416,8.317487e-07,-0.5856596,2.464113,0.015466336,2.4485657,1
297024652,297024625,0.14386101,8.3273807e-07,-2.3526466,2.4238997,0.25372088,2.433972,1
297123494,297123466,0.14384142,8.3365416e-07,-1.2403711,2.4630249,0.0694052,2.4564037,1
297226366,297226339,0.14393796,8.347258e-07,-1.7642882,2.4475763,0.14130591,2.44808,1
297325265,297325238,0.14390205,8.3423123e-07,-0.30510795,2.403785,0.0043029757,2.3906524,1
297424687,297424662,0.14397876,8.3353183e-07,-2.0872684,2.3897014,0.2025678,2.3942528,1
297527455,297527428,0.14406389,8.3363193e-07,1.6574,2.3585422,0.1294102,2.3575294,1
297625775,297625749,0.14403273,8.323248e-07,2.4307504,2.3320594,0.2815131,2.3495026,1
297724541,297724515,0.14419383,8.3183284e-07,-1.6903044,2.4574323,0.12918311,2.4541478,1
297823428,297823400,0.14426379,8.314648e-07,-0.8481083,2.3663125,0.03377443,2.3553681,1
297926262,297926236,0.14429745,8.314288e-07,-0.43550548,2.3521144,0.008959552,2.3348267,1
298025094,298025067,0.14429939,8.3064526e-07,-0.8990683,2.359495,0.038064823,2.3489938,1
298123995,298123957,0.14447682,8.3040925e-07,-0.5395037,2.5006363,0.012932896,2.4874532,1
298226822,298226796,0.14450458,8.3181885e-07,-2.0936353,2.5620549,0.19009519,2.5652688,1
298325554,298325527,0.1443687,8.3292963e-07,1.7962021,2.703581,0.1325954,2.7044942,1
298424504,298424478,0.14443126,8.340133e-07,-2.7203567,2.735015,0.3006419,2.7473671,1
298523260,298523233,0.14445151,8.351745e-07,0.76200366,2.751208,0.023450287,2.739359,1
298626132,298626105,0.14441846,8.3782976e-07,-0.5751339,2.792306,0.0131623205,2.7734802,1
298724948,298724907,0.1444009,8.3983326e-07,3.1220808,2.9511082,0.36699542,2.9760435,1
298824431,298824405,0.14438994,8.425988e-07,-1.5963566,2.9703968,0.09532414,2.9642596,1
298926652,298926627,0.14442189,8.457906e-07,-1.0501934,2.9098785,0.04211349,2.8945527,1
299025441,299025414,0.14439383,8.476076e-07,1.0110381,2.820008,0.040275615,2.8062437,1
299124322,299124294,0.14442931,8.487003e-07,0.41042417,2.716052,0.0068910476,2.7022533,1
299227139,299227112,0.14443676,8.5024476e-07,-0.09968032,2.6074414,0.00042341065,2.5881588,1
299326002,299325976,0.14436994,8.503755e-07,-0.010614317,2.589114,4.8349325e-06,2.5699756,1
299424847,299424821,0.14436798,8.509848e-07,-1.1872551,2.6200097,0.05977818,2.6113002,1
299523961,299523935,0.14437333,8.5172104e-07,3.1801484,2.6744092,0.42016935,2.7009788,1
299627059,299627032,0.14436503,8.5341594e-07,2.6149364,2.7089853,0.2804614,2.730738,1
299725467,299725403,0.14458735,8.541063e-07,-3.2735841,2.9014075,0.41038907,2.939307,1
299824225,299824192,0.14461026,8.5558844e-07,1.6937569,2.973748,0.10719031,2.970933,1
299927006,299926980,0.14455594,8.584202e-07,2.3293486,2.9860485,0.20189688,2.9989154,1
300025952,300025925,0.1444716,8.6060504e-07,1.5883142,3.000226,0.09342785,2.9941661,1
300125070,300125038,0.144623,8.630575e-07,-1.8031604,3.1035073,0.11640549,3.098781,1
300223594,300223567,0.14457189,8.6564745e-07,2.4250612,3.2091517,0.20361635,3.217309,1
300327048,300327021,0.1444778,8.696315e-07,1.7922965,3.2137687,0.11106126,3.210138,1
300425876,300425849,0.1445487,8.7248355e-07,-2.7993078,3.2579534,0.26724768,3.2808092,1
300524205,300524179,0.14452352,8.753458e-07,1.6909817,3.301063,0.096245736,3.295982,1
300626857,300626831,0.14450604,8.79441e-07,-0.498272,3.2292469,0.008542583,3.207857,1
300725773,300725734,0.14449331,8.8203956e-07,-1.6895442,3.1789372,0.09977337,3.1728115,1
300824707,300824669,0.14450026,8.83976e-07,-0.6905235,3.0527751,0.0173548,3.038521,1
300923446,300923419,0.14451866,8.852061e-07,-2.1063547,2.9217703,0.16872306,2.9233017,1
301026287,301026259,0.14459382,8.873206e-07,-2.9897966,2.9078803,0.34155783,2.9371831,1
301125473,301125439,0.1444978,8.888134e-07,0.9961683,2.9606538,0.0372422,2.9450758,1
301223985,301223958,0.14437589,8.9027134e-07,0.16280556,3.1485167,0.00093538396,3.1323075,1
301322946,301322920,0.14438155,8.917489e-07,-0.70890456,3.0263088,0.018450994,3.0124538,1
301425645,301425618,0.1443521,8.933529e-07,1.9550734,2.9064138,0.14612556,2.9062371,1
301524598,301524571,0.14441377,8.940826e-07,-1.5124606,2.9611912,0.08583397,2.954767,1
301623344,301623317,0.1444369,8.949255e-07,-1.6391896,2.9836335,0.10006228,2.978585,1
301726172,301726138,0.1443909,8.9697625e-07,0.45622483,2.9279802,0.007898547,2.9077666,1
301825021,301824993,0.1443692,8.975723e-07,-1.9004426,2.8734097,0.13965917,2.8728697,1
301923870,301923844,0.1444344,8.983799e-07,1.4811769,2.9838212,0.08169557,2.976617,1
302026659,302026632,0.14439717,8.997855e-07,0.5608995,2.9055545,0.012030913,2.8869288,1
302125747,302125714,0.14448974,8.998096e-07,-2.1175473,2.824517,0.17639226,2.829628,1
302225063,302225038,0.14449322,9.001257e-07,2.128357,2.86624,0.17560379,2.8696036,1
302327221,302327193,0.14455016,9.0080994e-07,-1.9405117,2.7987425,0.14949514,2.7990527,1
302426072,302426045,0.14453402,9.0056704e-07,-0.17698336,2.793583,0.0012458357,2.7731657,1
302524922,302524895,0.14454766,9.0124195e-07,1.1026924,2.8946333,0.046673745,2.8849003,1
302623926,302623899,0.14452182,9.032415e-07,0.11322886,2.9087489,0.00048973993,2.893744,1
302726529,302726503,0.14450961,9.0638076e-07,-0.5650594,2.8312247,0.012530587,2.8130882,1
302825438,302825412,0.14448032,9.0937397e-07,-0.014856935,3.1907542,7.686393e-06,3.1685455,1
302924328,302924300,0.14447173,9.123699e-07,-0.94616795,3.053046,0.03258072,3.0409973,1
303027048,303027021,0.14453116,9.15902e-07,-1.3784001,2.9977436,0.07042284,2.9871526,1
303126143,303126107,0.14439031,9.1841645e-07,0.8116803,3.119602,0.02346542,3.1008952,1
303224960,303224879,0.14431942,9.202901e-07,-0.7611114,2.9977703,0.021471161,2.9847314,1
303323662,303323636,0.14428462,9.2170285e-07,1.9523143,3.0061634,0.1408784,3.0044277,1
303426512,303426485,0.14416046,9.240424e-07,0.3554319,2.976746,0.004715509,2.9557889,1
303525307,303525280,0.14405094,9.2522544e-07,1.7462159,2.991688,0.11324971,2.984886,1
303624332,303624305,0.14403625,9.2640073e-07,-0.07298383,3.01515,0.00019629166,2.9995317,1
303726937,303726910,0.14393346,9.2831135e-07,-0.15815294,2.904705,0.00095677533,2.8844843,1
303825973,303825935,0.14382067,9.294786e-07,4.411091,3.0106394,0.7181096,3.0921016,1
303924710,303924669,0.14383996,9.310216e-07,1.684632,3.0787141,0.10242316,3.0714226,1
304023609,304023582,0.14388199,9.3285803e-07,-0.13558096,3.213313,0.0006356262,3.197481,1
304126531,304126497,0.14375354,9.3614017e-07,2.3713737,3.1970236,0.19543917,3.202209,1
304225277,304225252,0.14369836,9.384316e-07,3.2110763,3.216971,0.35613248,3.2359846,1
304324235,304324198,0.1436236,9.410996e-07,0.48076972,3.3103426,0.0077581606,3.2936058,1
304426871,304426844,0.14363085,9.443126e-07,0.6439348,3.280424,0.014044662,3.2585104,1
304525804,304525777,0.1434975,9.4639745e-07,0.77976894,3.2178564,0.02099533,3.1975322,1
304624568,304624542,0.14347026,9.477322e-07,-2.396718,3.0933228,0.20633179,3.1045265,1
304723428,304723400,0.14340846,9.495118e-07,-1.0061713,3.2888584,0.034202367,3.2782333,1
304826355,304826328,0.14335385,9.524024e-07,-2.3399415,3.318621,0.18332,3.3350945,1
304925080,304925054,0.14325489,9.548395e-07,1.8468093,3.3110156,0.11445647,3.3039587,1
305024022,305023996,0.1431986,9.566639e-07,-0.010322213,3.210892,3.6870365e-06,3.194653,1
305127648,305127615,0.14311522,9.591321e-07,1.2770091,3.1815755,0.05695125,3.1634367,1
305225761,305225734,0.14307053,9.597875e-07,-0.6446944,3.25265,0.014198025,3.2342393,1
305324466,305324439,0.14298928,9.600509e-07,1.8932122,3.1211452,0.12759748,3.1146452,1
305427386,305427359,0.14289497,9.612654e-07,0.48946658,3.0026643,0.008865369,2.9809492,1
305526159,305526127,0.14282334,9.614527e-07,-1.8159094,3.0443218,0.120352544,3.0491328,1
305625112,305625086,0.14275439,9.613489e-07,3.9624035,3.03079,0.57559764,3.0676825,1
305724014,305723986,0.14272556,9.614809e-07,-0.37325454,3.22951,0.0047932602,3.2139432,1
305826854,305826828,0.14266697,9.623988e-07,-0.53796357,3.093037,0.010396284,3.074443,1
305925504,305925478,0.14258772,9.613408e-07,1.535509,2.987949,0.08767768,2.9748616,1
306024444,306024416,0.14260451,9.595489e-07,-2.1329691,2.9632647,0.17059103,2.9699893,1
306127446,306127414,0.14256297,9.595823e-07,-1.1488317,2.9359457,0.049948484,2.9257977,1
306226133,306226105,0.14246973,9.580831e-07,-0.68928266,2.867383,0.01841054,2.8510745,1
306324875,306324836,0.14240384,9.559582e-07,-0.34325874,2.8824248,0.0045419536,2.868291,1
306424017,306423990,0.14233817,9.552299e-07,2.2894933,2.9639783,0.1964994,2.9642768,1
306526548,306526521,0.14228012,9.561558e-07,0.2127246,2.9724257,0.0016915385,2.9508007,1
306625537,306625499,0.14216562,9.560957e-07,-1.3797888,2.959494,0.071476825,2.9543655,1
306724501,306724467,0.14208913,9.559458e-07,0.9997238,2.9018316,0.03826884,2.8879282,1
306827166,306827135,0.14202714,9.56321e-07,2.6226869,2.9100194,0.26263613,2.9209192,1
306925905,306925878,0.14205498,9.561297e-07,-1.4138888,3.0490682,0.07284854,3.0431223,1
307024927,307024903,0.14198633,9.555444e-07,0.86161554,2.9578764,0.027887175,2.9431655,1
307123688,307123662,0.14189427,9.543296e-07,-1.4868915,2.8926215,0.08492283,2.8889945,1
307227060,307227032,0.14191632,9.540485e-07,-0.9680704,2.8155127,0.036983997,2.802605,1
307325286,307325259,0.14175105,9.523493e-07,0.83694166,2.7103515,0.028715888,2.696762,1
307424279,307424253,0.14157335,9.508362e-07,-2.7601395,2.7532132,0.3074537,2.776037,1
307526982,307526955,0.14148232,9.5059875e-07,0.82929957,2.795651,0.027333638,2.7762442,1
307625803,307625764,0.14142291,9.482057e-07,0.45221043,2.7334816,0.008312324,2.7128897,1
307725340,307725315,0.14124605,9.461358e-07,-1.5428761,2.671872,0.098992884,2.6718025,1
307823520,307823493,0.14109811,9.445418e-07,-0.7681725,2.6293461,0.024936026,2.6200993,1
307926298,307926271,0.14119713,9.554932e-07,-19.363659,22.002804,1.893452,24.30619,1
307985696,0,nan,nan,nan,nan,nan,nan,0
