timestamp,condition_calibration_enabled,condition_system_sensors_initialized,condition_system_hotplug_timeout,condition_system_returned_to_home,condition_auto_mission_available,condition_angular_velocity_valid,condition_attitude_valid,condition_local_altitude_valid,condition_local_position_valid,condition_local_velocity_valid,condition_global_position_valid,condition_home_position_valid,condition_power_input_valid,condition_battery_healthy,condition_escs_error,condition_escs_failure,circuit_breaker_engaged_power_check,circuit_breaker_engaged_airspd_check,circuit_breaker_engaged_enginefailure_check,circuit_breaker_flight_termination_disabled,circuit_breaker_engaged_usb_check,circuit_breaker_engaged_posfailure_check,circuit_breaker_vtol_fw_arming_check,offboard_control_signal_lost,rc_signal_found_once,rc_input_blocked,rc_calibration_valid,vtol_transition_failure,usb_connected,sd_card_detected_once,avoidance_system_required,avoidance_system_valid,parachute_system_present,parachute_system_healthy
1009990,0,1,0,0,0,1,0,0,0,0,0,0,1,1,0,0,1,0,1,1,1,0,0,1,0,0,1,0,0,1,0,0,0,0
1511655,0,1,0,0,0,1,0,1,0,0,0,0,1,1,0,0,1,0,1,1,1,0,0,1,0,0,1,0,0,1,0,0,0,0
2013987,0,1,0,0,0,1,0,1,0,0,0,0,1,1,0,0,1,0,1,1,1,0,0,1,0,0,1,0,0,1,0,0,0,0
2525470,0,1,0,0,0,1,0,1,0,0,0,0,1,1,0,0,1,0,1,1,1,0,0,1,0,0,1,0,0,1,0,0,0,0
3035171,0,1,0,0,0,1,0,1,0,0,0,0,1,1,0,0,1,0,1,1,1,0,0,1,0,0,1,0,0,1,0,0,0,0
3541579,0,1,0,0,0,1,0,1,0,0,0,0,1,1,0,0,1,0,1,1,1,0,0,1,0,0,1,0,1,1,0,0,0,0
4050416,0,1,0,0,0,1,0,1,0,0,0,0,1,1,0,0,1,0,1,1,1,0,0,1,0,0,1,0,1,1,0,0,0,0
4095403,0,1,0,0,0,1,0,1,0,0,0,0,1,1,0,0,1,0,1,1,1,0,0,1,0,0,1,0,1,1,0,0,0,0
4600297,0,1,0,0,0,1,0,1,0,0,0,0,1,1,0,0,1,0,1,1,1,0,0,1,0,0,1,0,1,1,0,0,0,0
5110758,0,1,0,0,0,1,1,1,0,0,0,0,1,1,0,0,1,0,1,1,1,0,0,1,0,0,1,0,1,1,0,0,0,0
5621636,0,1,0,0,0,1,1,1,0,0,0,0,1,1,0,0,1,0,1,1,1,0,0,1,0,0,1,0,1,1,0,0,0,0
6130434,0,1,0,0,0,1,1,1,0,0,0,0,1,1,0,0,1,0,1,1,1,0,0,1,0,0,1,0,1,1,0,0,0,0
6640299,0,1,0,0,0,1,1,1,0,0,0,0,1,1,0,0,1,0,1,1,1,0,0,1,0,0,1,0,1,1,0,0,0,0
7139566,0,1,0,0,0,1,1,1,0,0,0,0,1,1,0,0,1,0,1,1,1,0,0,1,0,0,1,0,1,1,0,0,0,0
7649460,0,1,0,0,0,1,1,1,0,0,0,0,1,1,0,0,1,0,1,1,1,0,0,1,0,0,1,0,1,1,0,0,0,0
8151706,0,1,0,0,0,1,1,1,0,0,0,0,1,1,0,0,1,0,1,1,1,0,0,1,0,0,1,0,1,1,0,0,0,0
8661590,0,1,1,0,0,1,1,1,0,0,0,0,1,1,0,0,1,0,1,1,1,0,0,1,0,0,1,0,1,1,0,0,0,0
9164492,0,1,1,0,0,1,1,1,0,0,0,0,1,1,0,0,1,0,1,1,1,0,0,1,0,0,1,0,1,1,0,0,0,0
9672630,0,1,1,0,0,1,1,1,0,0,0,0,1,1,0,0,1,0,1,1,1,0,0,1,0,0,1,0,1,1,0,0,0,0
10172758,0,1,1,0,0,1,1,1,0,0,0,0,1,1,0,0,1,0,1,1,1,0,0,1,0,0,1,0,1,1,0,0,0,0
10683723,0,1,1,0,0,1,1,1,0,0,0,0,1,1,0,0,1,0,1,1,1,0,0,1,0,0,1,0,1,1,0,0,0,0
11195014,0,1,1,0,0,1,1,1,0,0,0,0,1,1,0,0,1,0,1,1,1,0,0,1,0,0,1,0,1,1,0,0,0,0
11695688,0,1,1,0,0,1,1,1,0,0,0,0,1,1,0,0,1,0,1,1,1,0,0,1,0,0,1,0,1,1,0,0,0,0
12206664,0,1,1,0,0,1,1,1,0,0,0,0,1,1,0,0,1,0,1,1,1,0,0,1,0,0,1,0,1,1,0,0,0,0
12715720,0,1,1,0,0,1,1,1,0,0,0,0,1,1,0,0,1,0,1,1,1,0,0,1,0,0,1,0,1,1,0,0,0,0
13218811,0,1,1,0,0,1,1,1,0,0,0,0,1,1,0,0,1,0,1,1,1,0,0,1,0,0,1,0,1,1,0,0,0,0
13717540,0,1,1,0,0,1,1,1,0,0,0,0,1,1,0,0,1,0,1,1,1,0,0,1,0,0,1,0,1,1,0,0,0,0
14142648,0,1,1,0,0,1,1,1,1,1,0,0,1,1,0,0,1,0,1,1,1,0,0,1,0,0,1,0,1,1,0,0,0,0
14643837,0,1,1,0,0,1,1,1,1,1,0,0,1,1,0,0,1,0,1,1,1,0,0,1,0,0,1,0,1,1,0,0,0,0
15151614,0,1,1,0,0,1,1,1,1,1,0,0,1,1,0,0,1,0,1,1,1,0,0,1,0,0,1,0,1,1,0,0,0,0
15661908,0,1,1,0,0,1,1,1,1,1,0,0,1,1,0,0,1,0,1,1,1,0,0,1,0,0,1,0,1,1,0,0,0,0
16162008,0,1,1,0,0,1,1,1,1,1,0,0,1,1,0,0,1,0,1,1,1,0,0,1,0,0,1,0,1,1,0,0,0,0
16662566,0,1,1,0,0,1,1,1,1,1,0,0,1,1,0,0,1,0,1,1,1,0,0,1,0,0,1,0,1,1,0,0,0,0
17170669,0,1,1,0,0,1,1,1,1,1,0,0,1,1,0,0,1,0,1,1,1,0,0,1,0,0,1,0,1,1,0,0,0,0
17429319,0,1,1,0,0,1,1,1,1,1,0,0,1,1,0,0,1,0,1,1,1,0,0,1,1,0,1,0,1,1,0,0,0,0
17940483,0,1,1,0,0,1,1,1,1,1,0,0,1,1,0,0,1,0,1,1,1,0,0,1,1,0,1,0,1,1,0,0,0,0
18442018,0,1,1,0,0,1,1,1,1,1,0,0,1,1,0,0,1,0,1,1,1,0,0,1,1,0,1,0,1,1,0,0,0,0
18942735,0,1,1,0,0,1,1,1,1,1,0,0,1,1,0,0,1,0,1,1,1,0,0,1,1,0,1,0,1,1,0,0,0,0
19454455,0,1,1,0,0,1,1,1,1,1,0,0,1,1,0,0,1,0,1,1,1,0,0,1,1,0,1,0,1,1,0,0,0,0
19959081,0,1,1,0,0,1,1,1,1,1,0,0,1,1,0,0,1,0,1,1,1,0,0,1,1,0,1,0,1,1,0,0,0,0
20464917,0,1,1,0,0,1,1,1,1,1,0,0,1,1,0,0,1,0,1,1,1,0,0,1,1,0,1,0,1,1,0,0,0,0
20974681,0,1,1,0,0,1,1,1,1,1,0,0,1,1,0,0,1,0,1,1,1,0,0,1,1,0,1,0,1,1,0,0,0,0
21487487,0,1,1,0,0,1,1,1,1,1,0,0,1,1,0,0,1,0,1,1,1,0,0,1,1,0,1,0,1,1,0,0,0,0
21986581,0,1,1,0,0,1,1,1,1,1,0,0,1,1,0,0,1,0,1,1,1,0,0,1,1,0,1,0,1,1,0,0,0,0
22489452,0,1,1,0,0,1,1,1,1,1,0,0,1,1,0,0,1,0,1,1,1,0,0,1,1,0,1,0,1,1,0,0,0,0
22990975,0,1,1,0,0,1,1,1,1,1,0,0,1,1,0,0,1,0,1,1,1,0,0,1,1,0,1,0,1,1,0,0,0,0
23497362,0,1,1,0,0,1,1,1,1,1,0,0,1,1,0,0,1,0,1,1,1,0,0,1,1,0,1,0,1,1,0,0,0,0
23998842,0,1,1,0,0,1,1,1,1,1,0,0,1,1,0,0,1,0,1,1,1,0,0,1,1,0,1,0,1,1,0,0,0,0
24500999,0,1,1,0,0,1,1,1,1,1,0,0,1,1,0,0,1,0,1,1,1,0,0,1,1,0,1,0,1,1,0,0,0,0
25003858,0,1,1,0,0,1,1,1,1,1,0,0,1,1,0,0,1,0,1,1,1,0,0,1,1,0,1,0,1,1,0,0,0,0
25511788,0,1,1,0,0,1,1,1,1,1,0,0,1,1,0,0,1,0,1,1,1,0,0,1,1,0,1,0,1,1,0,0,0,0
26016383,0,1,1,0,0,1,1,1,1,1,0,0,1,1,0,0,1,0,1,1,1,0,0,1,1,0,1,0,1,1,0,0,0,0
26518652,0,1,1,0,0,1,1,1,1,1,0,0,1,1,0,0,1,0,1,1,1,0,0,1,1,0,1,0,1,1,0,0,0,0
27020890,0,1,1,0,0,1,1,1,1,1,0,0,1,1,0,0,1,0,1,1,1,0,0,1,1,0,1,0,1,1,0,0,0,0
27527423,0,1,1,0,0,1,1,1,1,1,0,0,1,1,0,0,1,0,1,1,1,0,0,1,1,0,1,0,1,1,0,0,0,0
28029051,0,1,1,0,0,1,1,1,1,1,0,0,1,1,0,0,1,0,1,1,1,0,0,1,1,0,1,0,1,1,0,0,0,0
28530608,0,1,1,0,0,1,1,1,1,1,0,0,1,1,0,0,1,0,1,1,1,0,0,1,1,0,1,0,1,1,0,0,0,0
29030583,0,1,1,0,0,1,1,1,1,1,0,0,1,1,0,0,1,0,1,1,1,0,0,1,1,0,1,0,1,1,0,0,0,0
29539360,0,1,1,0,0,1,1,1,1,1,0,0,1,1,0,0,1,0,1,1,1,0,0,1,1,0,1,0,1,1,0,0,0,0
30042240,0,1,1,0,0,1,1,1,1,1,0,0,1,1,0,0,1,0,1,1,1,0,0,1,1,0,1,0,1,1,0,0,0,0
30545632,0,1,1,0,0,1,1,1,1,1,0,0,1,1,0,0,1,0,1,1,1,0,0,1,1,0,1,0,1,1,0,0,0,0
31047540,0,1,1,0,0,1,1,1,1,1,0,0,1,1,0,0,1,0,1,1,1,0,0,1,1,0,1,0,1,1,0,0,0,0
31553216,0,1,1,0,0,1,1,1,1,1,0,0,1,1,0,0,1,0,1,1,1,0,0,1,1,0,1,0,1,1,0,0,0,0
32058901,0,1,1,0,0,1,1,1,1,1,0,0,1,1,0,0,1,0,1,1,1,0,0,1,1,0,1,0,1,1,0,0,0,0
32561166,0,1,1,0,0,1,1,1,1,1,0,0,1,1,0,0,1,0,1,1,1,0,0,1,1,0,1,0,1,1,0,0,0,0
33065254,0,1,1,0,0,1,1,1,1,1,0,0,1,1,0,0,1,0,1,1,1,0,0,1,1,0,1,0,1,1,0,0,0,0
33573501,0,1,1,0,0,1,1,1,1,1,0,0,1,1,0,0,1,0,1,1,1,0,0,1,1,0,1,0,1,1,0,0,0,0
34076287,0,1,1,0,0,1,1,1,1,1,0,0,1,1,0,0,1,0,1,1,1,0,0,1,1,0,1,0,1,1,0,0,0,0
34578739,0,1,1,0,0,1,1,1,1,1,0,0,1,1,0,0,1,0,1,1,1,0,0,1,1,0,1,0,1,1,0,0,0,0
35088985,0,1,1,0,0,1,1,1,1,1,0,0,1,1,0,0,1,0,1,1,1,0,0,1,1,0,1,0,1,1,0,0,0,0
35592589,0,1,1,0,0,1,1,1,1,1,0,0,1,1,0,0,1,0,1,1,1,0,0,1,1,0,1,0,1,1,0,0,0,0
36097026,0,1,1,0,0,1,1,1,1,1,0,0,1,1,0,0,1,0,1,1,1,0,0,1,1,0,1,0,1,1,0,0,0,0
36601146,0,1,1,0,0,1,1,1,1,1,0,0,1,1,0,0,1,0,1,1,1,0,0,1,1,0,1,0,1,1,0,0,0,0
37105946,0,1,1,0,0,1,1,1,1,1,0,0,1,1,0,0,1,0,1,1,1,0,0,1,1,0,1,0,1,1,0,0,0,0
37616628,0,1,1,0,0,1,1,1,1,1,0,0,1,1,0,0,1,0,1,1,1,0,0,1,1,0,1,0,1,1,0,0,0,0
38119883,0,1,1,0,0,1,1,1,1,1,0,0,1,1,0,0,1,0,1,1,1,0,0,1,1,0,1,0,1,1,0,0,0,0
38620696,0,1,1,0,0,1,1,1,1,1,0,0,1,1,0,0,1,0,1,1,1,0,0,1,1,0,1,0,1,1,0,0,0,0
39131698,0,1,1,0,0,1,1,1,1,1,0,0,1,1,0,0,1,0,1,1,1,0,0,1,1,0,1,0,1,1,0,0,0,0
39632654,0,1,1,0,0,1,1,1,1,1,0,0,1,1,0,0,1,0,1,1,1,0,0,1,1,0,1,0,1,1,0,0,0,0
40139030,0,1,1,0,0,1,1,1,1,1,0,0,1,1,0,0,1,0,1,1,1,0,0,1,1,0,1,0,1,1,0,0,0,0
40649051,0,1,1,0,0,1,1,1,1,1,0,0,1,1,0,0,1,0,1,1,1,0,0,1,1,0,1,0,1,1,0,0,0,0
41152928,0,1,1,0,0,1,1,1,1,1,0,0,1,1,0,0,1,0,1,1,1,0,0,1,1,0,1,0,1,1,0,0,0,0
41658448,0,1,1,0,0,1,1,1,1,1,0,0,1,1,0,0,1,0,1,1,1,0,0,1,1,0,1,0,1,1,0,0,0,0
42168533,0,1,1,0,0,1,1,1,1,1,0,0,1,1,0,0,1,0,1,1,1,0,0,1,1,0,1,0,1,1,0,0,0,0
42674075,0,1,1,0,0,1,1,1,1,1,0,0,1,1,0,0,1,0,1,1,1,0,0,1,1,0,1,0,1,1,0,0,0,0
43180843,0,1,1,0,0,1,1,1,1,1,0,0,1,1,0,0,1,0,1,1,1,0,0,1,1,0,1,0,1,1,0,0,0,0
43686575,0,1,1,0,0,1,1,1,1,1,0,0,1,1,0,0,1,0,1,1,1,0,0,1,1,0,1,0,1,1,0,0,0,0
44185026,0,1,1,0,0,1,1,1,1,1,0,0,1,1,0,0,1,0,1,1,1,0,0,1,1,0,1,0,1,1,0,0,0,0
44695000,0,1,1,0,0,1,1,1,1,1,0,0,1,1,0,0,1,0,1,1,1,0,0,1,1,0,1,0,1,1,0,0,0,0
45205562,0,1,1,0,0,1,1,1,1,1,0,0,1,1,0,0,1,0,1,1,1,0,0,1,1,0,1,0,1,1,0,0,0,0
45707559,0,1,1,0,0,1,1,1,1,1,0,0,1,1,0,0,1,0,1,1,1,0,0,1,1,0,1,0,1,1,0,0,0,0
46209376,0,1,1,0,0,1,1,1,1,1,0,0,1,1,0,0,1,0,1,1,1,0,0,1,1,0,1,0,1,1,0,0,0,0
46716383,0,1,1,0,0,1,1,1,1,1,0,0,1,1,0,0,1,0,1,1,1,0,0,1,1,0,1,0,1,1,0,0,0,0
47221695,0,1,1,0,0,1,1,1,1,1,0,0,1,1,0,0,1,0,1,1,1,0,0,1,1,0,1,0,1,1,0,0,0,0
47730037,0,1,1,0,0,1,1,1,1,1,0,0,1,1,0,0,1,0,1,1,1,0,0,1,1,0,1,0,1,1,0,0,0,0
48238611,0,1,1,0,0,1,1,1,1,1,0,0,1,1,0,0,1,0,1,1,1,0,0,1,1,0,1,0,1,1,0,0,0,0
48744657,0,1,1,0,0,1,1,1,1,1,0,0,1,1,0,0,1,0,1,1,1,0,0,1,1,0,1,0,1,1,0,0,0,0
49251614,0,1,1,0,0,1,1,1,1,1,0,0,1,1,0,0,1,0,1,1,1,0,0,1,1,0,1,0,1,1,0,0,0,0
49752941,0,1,1,0,0,1,1,1,1,1,0,0,1,1,0,0,1,0,1,1,1,0,0,1,1,0,1,0,1,1,0,0,0,0
50262208,0,1,1,0,0,1,1,1,1,1,0,0,1,1,0,0,1,0,1,1,1,0,0,1,1,0,1,0,1,1,0,0,0,0
50762676,0,1,1,0,0,1,1,1,1,1,0,0,1,1,0,0,1,0,1,1,1,0,0,1,1,0,1,0,1,1,0,0,0,0
51263570,0,1,1,0,0,1,1,1,1,1,0,0,1,1,0,0,1,0,1,1,1,0,0,1,1,0,1,0,1,1,0,0,0,0
51770287,0,1,1,0,0,1,1,1,1,1,0,0,1,1,0,0,1,0,1,1,1,0,0,1,1,0,1,0,1,1,0,0,0,0
52279967,0,1,1,0,0,1,1,1,1,1,0,0,1,1,0,0,1,0,1,1,1,0,0,1,1,0,1,0,1,1,0,0,0,0
52786943,0,1,1,0,0,1,1,1,1,1,0,0,1,1,0,0,1,0,1,1,1,0,0,1,1,0,1,0,1,1,0,0,0,0
52878580,0,1,1,0,0,1,1,1,0,0,0,0,1,1,0,0,1,0,1,1,1,0,0,1,1,0,1,0,1,1,0,0,0,0
53384145,0,1,1,0,0,1,1,1,0,0,0,0,1,1,0,0,1,0,1,1,1,0,0,1,1,0,1,0,1,1,0,0,0,0
53886128,0,1,1,0,0,1,1,1,0,0,0,0,1,1,0,0,1,0,1,1,1,0,0,1,1,0,1,0,1,1,0,0,0,0
54396676,0,1,1,0,0,1,1,1,0,0,0,0,1,1,0,0,1,0,1,1,1,0,0,1,1,0,1,0,1,1,0,0,0,0
54530647,0,1,1,0,0,1,1,1,0,0,0,0,1,1,0,0,1,0,1,1,1,0,0,1,1,0,1,0,1,1,0,0,0,0
55041645,0,1,1,0,0,1,1,1,0,0,0,0,1,1,0,0,1,0,1,1,1,0,0,1,1,0,1,0,1,1,0,0,0,0
55552128,0,1,1,0,0,1,1,1,0,0,0,0,1,1,0,0,1,0,1,1,1,0,0,1,1,0,1,0,1,1,0,0,0,0
56058037,0,1,1,0,0,1,1,1,0,0,0,0,1,1,0,0,1,0,1,1,1,0,0,1,1,0,1,0,1,1,0,0,0,0
56564570,0,1,1,0,0,1,1,1,0,0,0,0,1,1,0,0,1,0,1,1,1,0,0,1,1,0,1,0,1,1,0,0,0,0
57074769,0,1,1,0,0,1,1,1,0,0,0,0,1,1,0,0,1,0,1,1,1,0,0,1,1,0,1,0,1,1,0,0,0,0
57580650,0,1,1,0,0,1,1,1,0,0,0,0,1,1,0,0,1,0,1,1,1,0,0,1,1,0,1,0,1,1,0,0,0,0
58090579,0,1,1,0,0,1,1,1,0,0,0,0,1,1,0,0,1,0,1,1,1,0,0,1,1,0,1,0,1,1,0,0,0,0
58593112,0,1,1,0,0,1,1,1,0,0,0,0,1,1,0,0,1,0,1,1,1,0,0,1,1,0,1,0,1,1,0,0,0,0
59098142,0,1,1,0,0,1,1,1,0,0,0,0,1,1,0,0,1,0,1,1,1,0,0,1,1,0,1,0,1,1,0,0,0,0
59600699,0,1,1,0,0,1,1,1,0,0,0,0,1,1,0,0,1,0,1,1,1,0,0,1,1,0,1,0,1,1,0,0,0,0
60104609,0,1,1,0,0,1,1,1,0,0,0,0,1,1,0,0,1,0,1,1,1,0,0,1,1,0,1,0,1,1,0,0,0,0
60612568,0,1,1,0,0,1,1,1,0,0,0,0,1,1,0,0,1,0,1,1,1,0,0,1,1,0,1,0,1,1,0,0,0,0
61116080,0,1,1,0,0,1,1,1,0,0,0,0,1,1,0,0,1,0,1,1,1,0,0,1,1,0,1,0,1,1,0,0,0,0
61628424,0,1,1,0,0,1,1,1,0,0,0,0,1,1,0,0,1,0,1,1,1,0,0,1,1,0,1,0,1,1,0,0,0,0
62139284,0,1,1,0,0,1,1,1,0,0,0,0,1,1,0,0,1,0,1,1,1,0,0,1,1,0,1,0,1,1,0,0,0,0
62643277,0,1,1,0,0,1,1,1,0,0,0,0,1,1,0,0,1,0,1,1,1,0,0,1,1,0,1,0,1,1,0,0,0,0
63151673,0,1,1,0,0,1,1,1,0,0,0,0,1,1,0,0,1,0,1,1,1,0,0,1,1,0,1,0,1,1,0,0,0,0
63651909,0,1,1,0,0,1,1,1,0,0,0,0,1,1,0,0,1,0,1,1,1,0,0,1,1,0,1,0,1,1,0,0,0,0
64154624,0,1,1,0,0,1,1,1,0,0,0,0,1,1,0,0,1,0,1,1,1,0,0,1,1,0,1,0,1,1,0,0,0,0
64664781,0,1,1,0,0,1,1,1,0,0,0,0,1,1,0,0,1,0,1,1,1,0,0,1,1,0,1,0,1,1,0,0,0,0
64731749,0,1,1,0,0,1,1,1,0,0,0,0,1,1,0,0,1,0,1,1,1,0,0,1,1,0,1,0,1,1,0,0,0,0
65241611,0,1,1,0,0,1,1,1,0,0,0,0,1,1,0,0,1,0,1,1,1,0,0,1,1,0,1,0,1,1,0,0,0,0
65750587,0,1,1,0,0,1,1,1,0,0,0,0,1,1,0,0,1,0,1,1,1,0,0,1,1,0,1,0,1,1,0,0,0,0
66252148,0,1,1,0,0,1,1,1,0,0,0,0,1,1,0,0,1,0,1,1,1,0,0,1,1,0,1,0,1,1,0,0,0,0
66752791,0,1,1,0,0,1,1,1,0,0,0,0,1,1,0,0,1,0,1,1,1,0,0,1,1,0,1,0,1,1,0,0,0,0
67253233,0,1,1,0,0,1,1,1,0,0,0,0,1,1,0,0,1,0,1,1,1,0,0,1,1,0,1,0,1,1,0,0,0,0
67755373,0,1,1,0,0,1,1,1,0,0,0,0,1,1,0,0,1,0,1,1,1,0,0,1,1,0,1,0,1,1,0,0,0,0
68254418,0,1,1,0,0,1,1,1,0,0,0,0,1,1,0,0,1,0,1,1,1,0,0,1,1,0,1,0,1,1,0,0,0,0
68760539,0,1,1,0,0,1,1,1,0,0,0,0,1,1,0,0,1,0,1,1,1,0,0,1,1,0,1,0,1,1,0,0,0,0
69260260,0,1,1,0,0,1,1,1,0,0,0,0,1,1,0,0,1,0,1,1,1,0,0,1,1,0,1,0,1,1,0,0,0,0
69761948,0,1,1,0,0,1,1,1,0,0,0,0,1,1,0,0,1,0,1,1,1,0,0,1,1,0,1,0,1,1,0,0,0,0
70272882,0,1,1,0,0,1,1,1,0,0,0,0,1,1,0,0,1,0,1,1,1,0,0,1,1,0,1,0,1,1,0,0,0,0
70782646,0,1,1,0,0,1,1,1,0,0,0,0,1,1,0,0,1,0,1,1,1,0,0,1,1,0,1,0,1,1,0,0,0,0
71099058,0,1,1,0,0,1,1,1,1,1,0,0,1,1,0,0,1,0,1,1,1,0,0,1,1,0,1,0,1,1,0,0,0,0
71605083,0,1,1,0,0,1,1,1,1,1,0,0,1,1,0,0,1,0,1,1,1,0,0,1,1,0,1,0,1,1,0,0,0,0
72111817,0,1,1,0,0,1,1,1,1,1,0,0,1,1,0,0,1,0,1,1,1,0,0,1,1,0,1,0,1,1,0,0,0,0
72620812,0,1,1,0,0,1,1,1,1,1,0,0,1,1,0,0,1,0,1,1,1,0,0,1,1,0,1,0,1,1,0,0,0,0
73129530,0,1,1,0,0,1,1,1,1,1,0,0,1,1,0,0,1,0,1,1,1,0,0,1,1,0,1,0,1,1,0,0,0,0
73634418,0,1,1,0,0,1,1,1,1,1,0,0,1,1,0,0,1,0,1,1,1,0,0,1,1,0,1,0,1,1,0,0,0,0
74142808,0,1,1,0,0,1,1,1,1,1,0,0,1,1,0,0,1,0,1,1,1,0,0,1,1,0,1,0,1,1,0,0,0,0
74645846,0,1,1,0,0,1,1,1,1,1,0,0,1,1,0,0,1,0,1,1,1,0,0,1,1,0,1,0,1,1,0,0,0,0
75147868,0,1,1,0,0,1,1,1,1,1,0,0,1,1,0,0,1,0,1,1,1,0,0,1,1,0,1,0,1,1,0,0,0,0
75654652,0,1,1,0,0,1,1,1,1,1,0,0,1,1,0,0,1,0,1,1,1,0,0,1,1,0,1,0,1,1,0,0,0,0
76156519,0,1,1,0,0,1,1,1,1,1,0,0,1,1,0,0,1,0,1,1,1,0,0,1,1,0,1,0,1,1,0,0,0,0
76658237,0,1,1,0,0,1,1,1,1,1,0,0,1,1,0,0,1,0,1,1,1,0,0,1,1,0,1,0,1,1,0,0,0,0
77161897,0,1,1,0,0,1,1,1,1,1,0,0,1,1,0,0,1,0,1,1,1,0,0,1,1,0,1,0,1,1,0,0,0,0
77664677,0,1,1,0,0,1,1,1,1,1,0,0,1,1,0,0,1,0,1,1,1,0,0,1,1,0,1,0,1,1,0,0,0,0
78173019,0,1,1,0,0,1,1,1,1,1,0,0,1,1,0,0,1,0,1,1,1,0,0,1,1,0,1,0,1,1,0,0,0,0
78675772,0,1,1,0,0,1,1,1,1,1,0,0,1,1,0,0,1,0,1,1,1,0,0,1,1,0,1,0,1,1,0,0,0,0
79178898,0,1,1,0,0,1,1,1,1,1,0,0,1,1,0,0,1,0,1,1,1,0,0,1,1,0,1,0,1,1,0,0,0,0
79684958,0,1,1,0,0,1,1,1,1,1,0,0,1,1,0,0,1,0,1,1,1,0,0,1,1,0,1,0,1,1,0,0,0,0
80186021,0,1,1,0,0,1,1,1,1,1,0,0,1,1,0,0,1,0,1,1,1,0,0,1,1,0,1,0,1,1,0,0,0,0
80693353,0,1,1,0,0,1,1,1,1,1,0,0,1,1,0,0,1,0,1,1,1,0,0,1,1,0,1,0,1,1,0,0,0,0
81199010,0,1,1,0,0,1,1,1,1,1,0,0,1,1,0,0,1,0,1,1,1,0,0,1,1,0,1,0,1,1,0,0,0,0
81701057,0,1,1,0,0,1,1,1,1,1,0,0,1,1,0,0,1,0,1,1,1,0,0,1,1,0,1,0,1,1,0,0,0,0
82207320,0,1,1,0,0,1,1,1,1,1,0,0,1,1,0,0,1,0,1,1,1,0,0,1,1,0,1,0,1,1,0,0,0,0
82710723,0,1,1,0,0,1,1,1,1,1,0,0,1,1,0,0,1,0,1,1,1,0,0,1,1,0,1,0,1,1,0,0,0,0
83215916,0,1,1,0,0,1,1,1,1,1,0,0,1,1,0,0,1,0,1,1,1,0,0,1,1,0,1,0,1,1,0,0,0,0
83721686,0,1,1,0,0,1,1,1,1,1,0,0,1,1,0,0,1,0,1,1,1,0,0,1,1,0,1,0,1,1,0,0,0,0
84223996,0,1,1,0,0,1,1,1,1,1,0,0,1,1,0,0,1,0,1,1,1,0,0,1,1,0,1,0,1,1,0,0,0,0
84727460,0,1,1,0,0,1,1,1,1,1,0,0,1,1,0,0,1,0,1,1,1,0,0,1,1,0,1,0,1,1,0,0,0,0
85229018,0,1,1,0,0,1,1,1,1,1,0,0,1,1,0,0,1,0,1,1,1,0,0,1,1,0,1,0,1,1,0,0,0,0
85737484,0,1,1,0,0,1,1,1,1,1,0,0,1,1,0,0,1,0,1,1,1,0,0,1,1,0,1,0,1,1,0,0,0,0
86242134,0,1,1,0,0,1,1,1,1,1,0,0,1,1,0,0,1,0,1,1,1,0,0,1,1,0,1,0,1,1,0,0,0,0
86742138,0,1,1,0,0,1,1,1,1,1,0,0,1,1,0,0,1,0,1,1,1,0,0,1,1,0,1,0,1,1,0,0,0,0
87242115,0,1,1,0,0,1,1,1,1,1,0,0,1,1,0,0,1,0,1,1,1,0,0,1,1,0,1,0,1,1,0,0,0,0
87751702,0,1,1,0,0,1,1,1,1,1,0,0,1,1,0,0,1,0,1,1,1,0,0,1,1,0,1,0,1,1,0,0,0,0
88029753,0,1,1,0,0,1,1,1,0,0,0,0,1,1,0,0,1,0,1,1,1,0,0,1,1,0,1,0,1,1,0,0,0,0
88531845,0,1,1,0,0,1,1,1,0,0,0,0,1,1,0,0,1,0,1,1,1,0,0,1,1,0,1,0,1,1,0,0,0,0
89033278,0,1,1,0,0,1,1,1,0,0,0,0,1,1,0,0,1,0,1,1,1,0,0,1,1,0,1,0,1,1,0,0,0,0
89542652,0,1,1,0,0,1,1,1,0,0,0,0,1,1,0,0,1,0,1,1,1,0,0,1,1,0,1,0,1,1,0,0,0,0
90053032,0,1,1,0,0,1,1,1,0,0,0,0,1,1,0,0,1,0,1,1,1,0,0,1,1,0,1,0,1,1,0,0,0,0
90560696,0,1,1,0,0,1,1,1,0,0,0,0,1,1,0,0,1,0,1,1,1,0,0,1,1,0,1,0,1,1,0,0,0,0
91062907,0,1,1,0,0,1,1,1,0,0,0,0,1,1,0,0,1,0,1,1,1,0,0,1,1,0,1,0,1,1,0,0,0,0
91573634,0,1,1,0,0,1,1,1,0,0,0,0,1,1,0,0,1,0,1,1,1,0,0,1,1,0,1,0,1,1,0,0,0,0
92083702,0,1,1,0,0,1,1,1,0,0,0,0,1,1,0,0,1,0,1,1,1,0,0,1,1,0,1,0,1,1,0,0,0,0
92585838,0,1,1,0,0,1,1,1,0,0,0,0,1,1,0,0,1,0,1,1,1,0,0,1,1,0,1,0,1,1,0,0,0,0
93095684,0,1,1,0,0,1,1,1,0,0,0,0,1,1,0,0,1,0,1,1,1,0,0,1,1,0,1,0,1,1,0,0,0,0
93597312,0,1,1,0,0,1,1,1,0,0,0,0,1,1,0,0,1,0,1,1,1,0,0,1,1,0,1,0,1,1,0,0,0,0
94096656,0,1,1,0,0,1,1,1,0,0,0,0,1,1,0,0,1,0,1,1,1,0,0,1,1,0,1,0,1,1,0,0,0,0
94606172,0,1,1,0,0,1,1,1,0,0,0,0,1,1,0,0,1,0,1,1,1,0,0,1,1,0,1,0,1,1,0,0,0,0
95108427,0,1,1,0,0,1,1,1,0,0,0,0,1,1,0,0,1,0,1,1,1,0,0,1,1,0,1,0,1,1,0,0,0,0
95610971,0,1,1,0,0,1,1,1,0,0,0,0,1,1,0,0,1,0,1,1,1,0,0,1,1,0,1,0,1,1,0,0,0,0
96113756,0,1,1,0,0,1,1,1,0,0,0,0,1,1,0,0,1,0,1,1,1,0,0,1,1,0,1,0,1,1,0,0,0,0
96618468,0,1,1,0,0,1,1,1,0,0,0,0,1,1,0,0,1,0,1,1,1,0,0,1,1,0,1,0,1,1,0,0,0,0
97121849,0,1,1,0,0,1,1,1,0,0,0,0,1,1,0,0,1,0,1,1,1,0,0,1,1,0,1,0,1,1,0,0,0,0
97616747,0,1,1,0,0,1,1,1,1,1,0,0,1,1,0,0,1,0,1,1,1,0,0,1,1,0,1,0,1,1,0,0,0,0
98121844,0,1,1,0,0,1,1,1,1,1,0,0,1,1,0,0,1,0,1,1,1,0,0,1,1,0,1,0,1,1,0,0,0,0
98625680,0,1,1,0,0,1,1,1,1,1,0,0,1,1,0,0,1,0,1,1,1,0,0,1,1,0,1,0,1,1,0,0,0,0
99130762,0,1,1,0,0,1,1,1,1,1,0,0,1,1,0,0,1,0,1,1,1,0,0,1,1,0,1,0,1,1,0,0,0,0
99639806,0,1,1,0,0,1,1,1,1,1,0,0,1,1,0,0,1,0,1,1,1,0,0,1,1,0,1,0,1,1,0,0,0,0
100149795,0,1,1,0,0,1,1,1,1,1,0,0,1,1,0,0,1,0,1,1,1,0,0,1,1,0,1,0,1,1,0,0,0,0
100653758,0,1,1,0,0,1,1,1,1,1,0,0,1,1,0,0,1,0,1,1,1,0,0,1,1,0,1,0,1,1,0,0,0,0
101161780,0,1,1,0,0,1,1,1,1,1,0,0,1,1,0,0,1,0,1,1,1,0,0,1,1,0,1,0,1,1,0,0,0,0
101661744,0,1,1,0,0,1,1,1,1,1,0,0,1,1,0,0,1,0,1,1,1,0,0,1,1,0,1,0,1,1,0,0,0,0
102163760,0,1,1,0,0,1,1,1,1,1,0,0,1,1,0,0,1,0,1,1,1,0,0,1,1,0,1,0,1,1,0,0,0,0
102665583,0,1,1,0,0,1,1,1,1,1,0,0,1,1,0,0,1,0,1,1,1,0,0,1,1,0,1,0,1,1,0,0,0,0
103168528,0,1,1,0,0,1,1,1,1,1,0,0,1,1,0,0,1,0,1,1,1,0,0,1,1,0,1,0,1,1,0,0,0,0
103674454,0,1,1,0,0,1,1,1,1,1,0,0,1,1,0,0,1,0,1,1,1,0,0,1,1,0,1,0,1,1,0,0,0,0
104180339,0,1,1,0,0,1,1,1,1,1,0,0,1,1,0,0,1,0,1,1,1,0,0,1,1,0,1,0,1,1,0,0,0,0
104687686,0,1,1,0,0,1,1,1,1,1,0,0,1,1,0,0,1,0,1,1,1,0,0,1,1,0,1,0,1,1,0,0,0,0
105197435,0,1,1,0,0,1,1,1,1,1,0,0,1,1,0,0,1,0,1,1,1,0,0,1,1,0,1,0,1,1,0,0,0,0
105699025,0,1,1,0,0,1,1,1,1,1,0,0,1,1,0,0,1,0,1,1,1,0,0,1,1,0,1,0,1,1,0,0,0,0
106200730,0,1,1,0,0,1,1,1,1,1,0,0,1,1,0,0,1,0,1,1,1,0,0,1,1,0,1,0,1,1,0,0,0,0
106708346,0,1,1,0,0,1,1,1,1,1,0,0,1,1,0,0,1,0,1,1,1,0,0,1,1,0,1,0,1,1,0,0,0,0
107208879,0,1,1,0,0,1,1,1,1,1,0,0,1,1,0,0,1,0,1,1,1,0,0,1,1,0,1,0,1,1,0,0,0,0
107709744,0,1,1,0,0,1,1,1,1,1,0,0,1,1,0,0,1,0,1,1,1,0,0,1,1,0,1,0,1,1,0,0,0,0
108218763,0,1,1,0,0,1,1,1,1,1,0,0,1,1,0,0,1,0,1,1,1,0,0,1,1,0,1,0,1,1,0,0,0,0
108720943,0,1,1,0,0,1,1,1,1,1,0,0,1,1,0,0,1,0,1,1,1,0,0,1,1,0,1,0,1,1,0,0,0,0
109220655,0,1,1,0,0,1,1,1,1,1,0,0,1,1,0,0,1,0,1,1,1,0,0,1,1,0,1,0,1,1,0,0,0,0
109730686,0,1,1,0,0,1,1,1,1,1,0,0,1,1,0,0,1,0,1,1,1,0,0,1,1,0,1,0,1,1,0,0,0,0
110233166,0,1,1,0,0,1,1,1,1,1,0,0,1,1,0,0,1,0,1,1,1,0,0,1,1,0,1,0,1,1,0,0,0,0
110733147,0,1,1,0,0,1,1,1,1,1,0,0,1,1,0,0,1,0,1,1,1,0,0,1,1,0,1,0,1,1,0,0,0,0
111241748,0,1,1,0,0,1,1,1,1,1,0,0,1,1,0,0,1,0,1,1,1,0,0,1,1,0,1,0,1,1,0,0,0,0
111746691,0,1,1,0,0,1,1,1,1,1,0,0,1,1,0,0,1,0,1,1,1,0,0,1,1,0,1,0,1,1,0,0,0,0
112252296,0,1,1,0,0,1,1,1,1,1,0,0,1,1,0,0,1,0,1,1,1,0,0,1,1,0,1,0,1,1,0,0,0,0
112756190,0,1,1,0,0,1,1,1,1,1,0,0,1,1,0,0,1,0,1,1,1,0,0,1,1,0,1,0,1,1,0,0,0,0
113264320,0,1,1,0,0,1,1,1,1,1,0,0,1,1,0,0,1,0,1,1,1,0,0,1,1,0,1,0,1,1,0,0,0,0
113771837,0,1,1,0,0,1,1,1,1,1,0,0,1,1,0,0,1,0,1,1,1,0,0,1,1,0,1,0,1,1,0,0,0,0
114275030,0,1,1,0,0,1,1,1,1,1,0,0,1,1,0,0,1,0,1,1,1,0,0,1,1,0,1,0,1,1,0,0,0,0
114776189,0,1,1,0,0,1,1,1,1,1,0,0,1,1,0,0,1,0,1,1,1,0,0,1,1,0,1,0,1,1,0,0,0,0
115285897,0,1,1,0,0,1,1,1,1,1,0,0,1,1,0,0,1,0,1,1,1,0,0,1,1,0,1,0,1,1,0,0,0,0
115788997,0,1,1,0,0,1,1,1,1,1,0,0,1,1,0,0,1,0,1,1,1,0,0,1,1,0,1,0,1,1,0,0,0,0
116290549,0,1,1,0,0,1,1,1,1,1,0,0,1,1,0,0,1,0,1,1,1,0,0,1,1,0,1,0,1,1,0,0,0,0
116796984,0,1,1,0,0,1,1,1,1,1,0,0,1,1,0,0,1,0,1,1,1,0,0,1,1,0,1,0,1,1,0,0,0,0
117298089,0,1,1,0,0,1,1,1,1,1,0,0,1,1,0,0,1,0,1,1,1,0,0,1,1,0,1,0,1,1,0,0,0,0
117802106,0,1,1,0,0,1,1,1,1,1,0,0,1,1,0,0,1,0,1,1,1,0,0,1,1,0,1,0,1,1,0,0,0,0
118304132,0,1,1,0,0,1,1,1,1,1,0,0,1,1,0,0,1,0,1,1,1,0,0,1,1,0,1,0,1,1,0,0,0,0
118806587,0,1,1,0,0,1,1,1,1,1,0,0,1,1,0,0,1,0,1,1,1,0,0,1,1,0,1,0,1,1,0,0,0,0
119312171,0,1,1,0,0,1,1,1,1,1,0,0,1,1,0,0,1,0,1,1,1,0,0,1,1,0,1,0,1,1,0,0,0,0
119819177,0,1,1,0,0,1,1,1,1,1,0,0,1,1,0,0,1,0,1,1,1,0,0,1,1,0,1,0,1,1,0,0,0,0
120320725,0,1,1,0,0,1,1,1,1,1,0,0,1,1,0,0,1,0,1,1,1,0,0,1,1,0,1,0,1,1,0,0,0,0
120827045,0,1,1,0,0,1,1,1,1,1,0,0,1,1,0,0,1,0,1,1,1,0,0,1,1,0,1,0,1,1,0,0,0,0
121332793,0,1,1,0,0,1,1,1,1,1,0,0,1,1,0,0,1,0,1,1,1,0,0,1,1,0,1,0,1,1,0,0,0,0
121839610,0,1,1,0,0,1,1,1,1,1,0,0,1,1,0,0,1,0,1,1,1,0,0,1,1,0,1,0,1,1,0,0,0,0
122342760,0,1,1,0,0,1,1,1,1,1,0,0,1,1,0,0,1,0,1,1,1,0,0,1,1,0,1,0,1,1,0,0,0,0
122853193,0,1,1,0,0,1,1,1,1,1,0,0,1,1,0,0,1,0,1,1,1,0,0,1,1,0,1,0,1,1,0,0,0,0
123356944,0,1,1,0,0,1,1,1,1,1,0,0,1,1,0,0,1,0,1,1,1,0,0,1,1,0,1,0,1,1,0,0,0,0
123863590,0,1,1,0,0,1,1,1,1,1,0,0,1,1,0,0,1,0,1,1,1,0,0,1,1,0,1,0,1,1,0,0,0,0
124363802,0,1,1,0,0,1,1,1,1,1,0,0,1,1,0,0,1,0,1,1,1,0,0,1,1,0,1,0,1,1,0,0,0,0
124865441,0,1,1,0,0,1,1,1,1,1,0,0,1,1,0,0,1,0,1,1,1,0,0,1,1,0,1,0,1,1,0,0,0,0
125371077,0,1,1,0,0,1,1,1,1,1,0,0,1,1,0,0,1,0,1,1,1,0,0,1,1,0,1,0,1,1,0,0,0,0
125873650,0,1,1,0,0,1,1,1,1,1,0,0,1,1,0,0,1,0,1,1,1,0,0,1,1,0,1,0,1,1,0,0,0,0
126378993,0,1,1,0,0,1,1,1,1,1,0,0,1,1,0,0,1,0,1,1,1,0,0,1,1,0,1,0,1,1,0,0,0,0
126885914,0,1,1,0,0,1,1,1,1,1,0,0,1,1,0,0,1,0,1,1,1,0,0,1,1,0,1,0,1,1,0,0,0,0
127388123,0,1,1,0,0,1,1,1,1,1,0,0,1,1,0,0,1,0,1,1,1,0,0,1,1,0,1,0,1,1,0,0,0,0
127891693,0,1,1,0,0,1,1,1,1,1,0,0,1,1,0,0,1,0,1,1,1,0,0,1,1,0,1,0,1,1,0,0,0,0
128396693,0,1,1,0,0,1,1,1,1,1,0,0,1,1,0,0,1,0,1,1,1,0,0,1,1,0,1,0,1,1,0,0,0,0
128902671,0,1,1,0,0,1,1,1,1,1,0,0,1,1,0,0,1,0,1,1,1,0,0,1,1,0,1,0,1,1,0,0,0,0
129406525,0,1,1,0,0,1,1,1,1,1,0,0,1,1,0,0,1,0,1,1,1,0,0,1,1,0,1,0,1,1,0,0,0,0
129910649,0,1,1,0,0,1,1,1,1,1,0,0,1,1,0,0,1,0,1,1,1,0,0,1,1,0,1,0,1,1,0,0,0,0
130417981,0,1,1,0,0,1,1,1,1,1,0,0,1,1,0,0,1,0,1,1,1,0,0,1,1,0,1,0,1,1,0,0,0,0
130927723,0,1,1,0,0,1,1,1,1,1,0,0,1,1,0,0,1,0,1,1,1,0,0,1,1,0,1,0,1,1,0,0,0,0
131430137,0,1,1,0,0,1,1,1,1,1,0,0,1,1,0,0,1,0,1,1,1,0,0,1,1,0,1,0,1,1,0,0,0,0
131931056,0,1,1,0,0,1,1,1,1,1,0,0,1,1,0,0,1,0,1,1,1,0,0,1,1,0,1,0,1,1,0,0,0,0
132435637,0,1,1,0,0,1,1,1,1,1,0,0,1,1,0,0,1,0,1,1,1,0,0,1,1,0,1,0,1,1,0,0,0,0
132941434,0,1,1,0,0,1,1,1,1,1,0,0,1,1,0,0,1,0,1,1,1,0,0,1,1,0,1,0,1,1,0,0,0,0
133446961,0,1,1,0,0,1,1,1,1,1,0,0,1,1,0,0,1,0,1,1,1,0,0,1,1,0,1,0,1,1,0,0,0,0
133950734,0,1,1,0,0,1,1,1,1,1,0,0,1,1,0,0,1,0,1,1,1,0,0,1,1,0,1,0,1,1,0,0,0,0
134451629,0,1,1,0,0,1,1,1,1,1,0,0,1,1,0,0,1,0,1,1,1,0,0,1,1,0,1,0,1,1,0,0,0,0
134958814,0,1,1,0,0,1,1,1,1,1,0,0,1,1,0,0,1,0,1,1,1,0,0,1,1,0,1,0,1,1,0,0,0,0
135464670,0,1,1,0,0,1,1,1,1,1,0,0,1,1,0,0,1,0,1,1,1,0,0,1,1,0,1,0,1,1,0,0,0,0
135973710,0,1,1,0,0,1,1,1,1,1,0,0,1,1,0,0,1,0,1,1,1,0,0,1,1,0,1,0,1,1,0,0,0,0
136480863,0,1,1,0,0,1,1,1,1,1,0,0,1,1,0,0,1,0,1,1,1,0,0,1,1,0,1,0,1,1,0,0,0,0
136983785,0,1,1,0,0,1,1,1,1,1,0,0,1,1,0,0,1,0,1,1,1,0,0,1,1,0,1,0,1,1,0,0,0,0
137485125,0,1,1,0,0,1,1,1,1,1,0,0,1,1,0,0,1,0,1,1,1,0,0,1,1,0,1,0,1,1,0,0,0,0
137992769,0,1,1,0,0,1,1,1,1,1,0,0,1,1,0,0,1,0,1,1,1,0,0,1,1,0,1,0,1,1,0,0,0,0
138497641,0,1,1,0,0,1,1,1,1,1,0,0,1,1,0,0,1,0,1,1,1,0,0,1,1,0,1,0,1,1,0,0,0,0
138999329,0,1,1,0,0,1,1,1,1,1,0,0,1,1,0,0,1,0,1,1,1,0,0,1,1,0,1,0,1,1,0,0,0,0
139506195,0,1,1,0,0,1,1,1,1,1,0,0,1,1,0,0,1,0,1,1,1,0,0,1,1,0,1,0,1,1,0,0,0,0
140008728,0,1,1,0,0,1,1,1,1,1,0,0,1,1,0,0,1,0,1,1,1,0,0,1,1,0,1,0,1,1,0,0,0,0
140510040,0,1,1,0,0,1,1,1,1,1,0,0,1,1,0,0,1,0,1,1,1,0,0,1,1,0,1,0,1,1,0,0,0,0
141016953,0,1,1,0,0,1,1,1,1,1,0,0,1,1,0,0,1,0,1,1,1,0,0,1,1,0,1,0,1,1,0,0,0,0
141527212,0,1,1,0,0,1,1,1,1,1,0,0,1,1,0,0,1,0,1,1,1,0,0,1,1,0,1,0,1,1,0,0,0,0
142032161,0,1,1,0,0,1,1,1,1,1,0,0,1,1,0,0,1,0,1,1,1,0,0,1,1,0,1,0,1,1,0,0,0,0
142539608,0,1,1,0,0,1,1,1,1,1,0,0,1,1,0,0,1,0,1,1,1,0,0,1,1,0,1,0,1,1,0,0,0,0
143041008,0,1,1,0,0,1,1,1,1,1,0,0,1,1,0,0,1,0,1,1,1,0,0,1,1,0,1,0,1,1,0,0,0,0
143540697,0,1,1,0,0,1,1,1,1,1,0,0,1,1,0,0,1,0,1,1,1,0,0,1,1,0,1,0,1,1,0,0,0,0
144043447,0,1,1,0,0,1,1,1,1,1,0,0,1,1,0,0,1,0,1,1,1,0,0,1,1,0,1,0,1,1,0,0,0,0
144552041,0,1,1,0,0,1,1,1,1,1,0,0,1,1,0,0,1,0,1,1,1,0,0,1,1,0,1,0,1,1,0,0,0,0
145051869,0,1,1,0,0,1,1,1,1,1,0,0,1,1,0,0,1,0,1,1,1,0,0,1,1,0,1,0,1,1,0,0,0,0
145557084,0,1,1,0,0,1,1,1,1,1,0,0,1,1,0,0,1,0,1,1,1,0,0,1,1,0,1,0,1,1,0,0,0,0
146063124,0,1,1,0,0,1,1,1,1,1,0,0,1,1,0,0,1,0,1,1,1,0,0,1,1,0,1,0,1,1,0,0,0,0
146568613,0,1,1,0,0,1,1,1,1,1,0,0,1,1,0,0,1,0,1,1,1,0,0,1,1,0,1,0,1,1,0,0,0,0
147069052,0,1,1,0,0,1,1,1,1,1,0,0,1,1,0,0,1,0,1,1,1,0,0,1,1,0,1,0,1,1,0,0,0,0
147573964,0,1,1,0,0,1,1,1,1,1,0,0,1,1,0,0,1,0,1,1,1,0,0,1,1,0,1,0,1,1,0,0,0,0
148085039,0,1,1,0,0,1,1,1,1,1,0,0,1,1,0,0,1,0,1,1,1,0,0,1,1,0,1,0,1,1,0,0,0,0
148593485,0,1,1,0,0,1,1,1,1,1,0,0,1,1,0,0,1,0,1,1,1,0,0,1,1,0,1,0,1,1,0,0,0,0
149100431,0,1,1,0,0,1,1,1,1,1,0,0,1,1,0,0,1,0,1,1,1,0,0,1,1,0,1,0,1,1,0,0,0,0
149602906,0,1,1,0,0,1,1,1,1,1,0,0,1,1,0,0,1,0,1,1,1,0,0,1,1,0,1,0,1,1,0,0,0,0
150106689,0,1,1,0,0,1,1,1,1,1,0,0,1,1,0,0,1,0,1,1,1,0,0,1,1,0,1,0,1,1,0,0,0,0
150607805,0,1,1,0,0,1,1,1,1,1,0,0,1,1,0,0,1,0,1,1,1,0,0,1,1,0,1,0,1,1,0,0,0,0
151110589,0,1,1,0,0,1,1,1,1,1,0,0,1,1,0,0,1,0,1,1,1,0,0,1,1,0,1,0,1,1,0,0,0,0
151619716,0,1,1,0,0,1,1,1,1,1,0,0,1,1,0,0,1,0,1,1,1,0,0,1,1,0,1,0,1,1,0,0,0,0
152121923,0,1,1,0,0,1,1,1,1,1,0,0,1,1,0,0,1,0,1,1,1,0,0,1,1,0,1,0,1,1,0,0,0,0
152632694,0,1,1,0,0,1,1,1,1,1,0,0,1,1,0,0,1,0,1,1,1,0,0,1,1,0,1,0,1,1,0,0,0,0
153142807,0,1,1,0,0,1,1,1,1,1,0,0,1,1,0,0,1,0,1,1,1,0,0,1,1,0,1,0,1,1,0,0,0,0
153649085,0,1,1,0,0,1,1,1,1,1,0,0,1,1,0,0,1,0,1,1,1,0,0,1,1,0,1,0,1,1,0,0,0,0
154151842,0,1,1,0,0,1,1,1,1,1,0,0,1,1,0,0,1,0,1,1,1,0,0,1,1,0,1,0,1,1,0,0,0,0
154658880,0,1,1,0,0,1,1,1,1,1,0,0,1,1,0,0,1,0,1,1,1,0,0,1,1,0,1,0,1,1,0,0,0,0
155162553,0,1,1,0,0,1,1,1,1,1,0,0,1,1,0,0,1,0,1,1,1,0,0,1,1,0,1,0,1,1,0,0,0,0
155664972,0,1,1,0,0,1,1,1,1,1,0,0,1,1,0,0,1,0,1,1,1,0,0,1,1,0,1,0,1,1,0,0,0,0
156173206,0,1,1,0,0,1,1,1,1,1,0,0,1,1,0,0,1,0,1,1,1,0,0,1,1,0,1,0,1,1,0,0,0,0
156683722,0,1,1,0,0,1,1,1,1,1,0,0,1,1,0,0,1,0,1,1,1,0,0,1,1,0,1,0,1,1,0,0,0,0
157186008,0,1,1,0,0,1,1,1,1,1,0,0,1,1,0,0,1,0,1,1,1,0,0,1,1,0,1,0,1,1,0,0,0,0
157687117,0,1,1,0,0,1,1,1,1,1,0,0,1,1,0,0,1,0,1,1,1,0,0,1,1,0,1,0,1,1,0,0,0,0
158197981,0,1,1,0,0,1,1,1,1,1,0,0,1,1,0,0,1,0,1,1,1,0,0,1,1,0,1,0,1,1,0,0,0,0
158702933,0,1,1,0,0,1,1,1,1,1,0,0,1,1,0,0,1,0,1,1,1,0,0,1,1,0,1,0,1,1,0,0,0,0
159205741,0,1,1,0,0,1,1,1,1,1,0,0,1,1,0,0,1,0,1,1,1,0,0,1,1,0,1,0,1,1,0,0,0,0
159708626,0,1,1,0,0,1,1,1,1,1,0,0,1,1,0,0,1,0,1,1,1,0,0,1,1,0,1,0,1,1,0,0,0,0
160209589,0,1,1,0,0,1,1,1,1,1,0,0,1,1,0,0,1,0,1,1,1,0,0,1,1,0,1,0,1,1,0,0,0,0
160712869,0,1,1,0,0,1,1,1,1,1,0,0,1,1,0,0,1,0,1,1,1,0,0,1,1,0,1,0,1,1,0,0,0,0
161219541,0,1,1,0,0,1,1,1,1,1,0,0,1,1,0,0,1,0,1,1,1,0,0,1,1,0,1,0,1,1,0,0,0,0
161719983,0,1,1,0,0,1,1,1,1,1,0,0,1,1,0,0,1,0,1,1,1,0,0,1,1,0,1,0,1,1,0,0,0,0
162222811,0,1,1,0,0,1,1,1,1,1,0,0,1,1,0,0,1,0,1,1,1,0,0,1,1,0,1,0,1,1,0,0,0,0
162733356,0,1,1,0,0,1,1,1,1,1,0,0,1,1,0,0,1,0,1,1,1,0,0,1,1,0,1,0,1,1,0,0,0,0
163236752,0,1,1,0,0,1,1,1,1,1,0,0,1,1,0,0,1,0,1,1,1,0,0,1,1,0,1,0,1,1,0,0,0,0
163738088,0,1,1,0,0,1,1,1,1,1,0,0,1,1,0,0,1,0,1,1,1,0,0,1,1,0,1,0,1,1,0,0,0,0
164242574,0,1,1,0,0,1,1,1,1,1,0,0,1,1,0,0,1,0,1,1,1,0,0,1,1,0,1,0,1,1,0,0,0,0
164749521,0,1,1,0,0,1,1,1,1,1,0,0,1,1,0,0,1,0,1,1,1,0,0,1,1,0,1,0,1,1,0,0,0,0
165251548,0,1,1,0,0,1,1,1,1,1,0,0,1,1,0,0,1,0,1,1,1,0,0,1,1,0,1,0,1,1,0,0,0,0
165754946,0,1,1,0,0,1,1,1,1,1,0,0,1,1,0,0,1,0,1,1,1,0,0,1,1,0,1,0,1,1,0,0,0,0
166265140,0,1,1,0,0,1,1,1,1,1,0,0,1,1,0,0,1,0,1,1,1,0,0,1,1,0,1,0,1,1,0,0,0,0
166764011,0,1,1,0,0,1,1,1,1,1,0,0,1,1,0,0,1,0,1,1,1,0,0,1,1,0,1,0,1,1,0,0,0,0
167265913,0,1,1,0,0,1,1,1,1,1,0,0,1,1,0,0,1,0,1,1,1,0,0,1,1,0,1,0,1,1,0,0,0,0
167776661,0,1,1,0,0,1,1,1,1,1,0,0,1,1,0,0,1,0,1,1,1,0,0,1,1,0,1,0,1,1,0,0,0,0
168281683,0,1,1,0,0,1,1,1,1,1,0,0,1,1,0,0,1,0,1,1,1,0,0,1,1,0,1,0,1,1,0,0,0,0
168793097,0,1,1,0,0,1,1,1,1,1,0,0,1,1,0,0,1,0,1,1,1,0,0,1,1,0,1,0,1,1,0,0,0,0
169299074,0,1,1,0,0,1,1,1,1,1,0,0,1,1,0,0,1,0,1,1,1,0,0,1,1,0,1,0,1,1,0,0,0,0
169804685,0,1,1,0,0,1,1,1,1,1,0,0,1,1,0,0,1,0,1,1,1,0,0,1,1,0,1,0,1,1,0,0,0,0
170308389,0,1,1,0,0,1,1,1,1,1,0,0,1,1,0,0,1,0,1,1,1,0,0,1,1,0,1,0,1,1,0,0,0,0
170809686,0,1,1,0,0,1,1,1,1,1,0,0,1,1,0,0,1,0,1,1,1,0,0,1,1,0,1,0,1,1,0,0,0,0
171311280,0,1,1,0,0,1,1,1,1,1,0,0,1,1,0,0,1,0,1,1,1,0,0,1,1,0,1,0,1,1,0,0,0,0
171821933,0,1,1,0,0,1,1,1,1,1,0,0,1,1,0,0,1,0,1,1,1,0,0,1,1,0,1,0,1,1,0,0,0,0
172327968,0,1,1,0,0,1,1,1,1,1,0,0,1,1,0,0,1,0,1,1,1,0,0,1,1,0,1,0,1,1,0,0,0,0
172830338,0,1,1,0,0,1,1,1,1,1,0,0,1,1,0,0,1,0,1,1,1,0,0,1,1,0,1,0,1,1,0,0,0,0
173336614,0,1,1,0,0,1,1,1,1,1,0,0,1,1,0,0,1,0,1,1,1,0,0,1,1,0,1,0,1,1,0,0,0,0
173846508,0,1,1,0,0,1,1,1,1,1,0,0,1,1,0,0,1,0,1,1,1,0,0,1,1,0,1,0,1,1,0,0,0,0
174358056,0,1,1,0,0,1,1,1,1,1,0,0,1,1,0,0,1,0,1,1,1,0,0,1,1,0,1,0,1,1,0,0,0,0
174862773,0,1,1,0,0,1,1,1,1,1,0,0,1,1,0,0,1,0,1,1,1,0,0,1,1,0,1,0,1,1,0,0,0,0
175366152,0,1,1,0,0,1,1,1,1,1,0,0,1,1,0,0,1,0,1,1,1,0,0,1,1,0,1,0,1,1,0,0,0,0
175868091,0,1,1,0,0,1,1,1,1,1,0,0,1,1,0,0,1,0,1,1,1,0,0,1,1,0,1,0,1,1,0,0,0,0
176371711,0,1,1,0,0,1,1,1,1,1,0,0,1,1,0,0,1,0,1,1,1,0,0,1,1,0,1,0,1,1,0,0,0,0
176882664,0,1,1,0,0,1,1,1,1,1,0,0,1,1,0,0,1,0,1,1,1,0,0,1,1,0,1,0,1,1,0,0,0,0
177385780,0,1,1,0,0,1,1,1,1,1,0,0,1,1,0,0,1,0,1,1,1,0,0,1,1,0,1,0,1,1,0,0,0,0
177888526,0,1,1,0,0,1,1,1,1,1,0,0,1,1,0,0,1,0,1,1,1,0,0,1,1,0,1,0,1,1,0,0,0,0
178395199,0,1,1,0,0,1,1,1,1,1,0,0,1,1,0,0,1,0,1,1,1,0,0,1,1,0,1,0,1,1,0,0,0,0
178897842,0,1,1,0,0,1,1,1,1,1,0,0,1,1,0,0,1,0,1,1,1,0,0,1,1,0,1,0,1,1,0,0,0,0
179403085,0,1,1,0,0,1,1,1,1,1,0,0,1,1,0,0,1,0,1,1,1,0,0,1,1,0,1,0,1,1,0,0,0,0
179906194,0,1,1,0,0,1,1,1,1,1,0,0,1,1,0,0,1,0,1,1,1,0,0,1,1,0,1,0,1,1,0,0,0,0
180416646,0,1,1,0,0,1,1,1,1,1,0,0,1,1,0,0,1,0,1,1,1,0,0,1,1,0,1,0,1,1,0,0,0,0
180922989,0,1,1,0,0,1,1,1,1,1,0,0,1,1,0,0,1,0,1,1,1,0,0,1,1,0,1,0,1,1,0,0,0,0
181431291,0,1,1,0,0,1,1,1,1,1,0,0,1,1,0,0,1,0,1,1,1,0,0,1,1,0,1,0,1,1,0,0,0,0
181935741,0,1,1,0,0,1,1,1,1,1,0,0,1,1,0,0,1,0,1,1,1,0,0,1,1,0,1,0,1,1,0,0,0,0
182437857,0,1,1,0,0,1,1,1,1,1,0,0,1,1,0,0,1,0,1,1,1,0,0,1,1,0,1,0,1,1,0,0,0,0
182940665,0,1,1,0,0,1,1,1,1,1,0,0,1,1,0,0,1,0,1,1,1,0,0,1,1,0,1,0,1,1,0,0,0,0
183450862,0,1,1,0,0,1,1,1,1,1,0,0,1,1,0,0,1,0,1,1,1,0,0,1,1,0,1,0,1,1,0,0,0,0
183954980,0,1,1,0,0,1,1,1,1,1,0,0,1,1,0,0,1,0,1,1,1,0,0,1,1,0,1,0,1,1,0,0,0,0
184461396,0,1,1,0,0,1,1,1,1,1,0,0,1,1,0,0,1,0,1,1,1,0,0,1,1,0,1,0,1,1,0,0,0,0
184963618,0,1,1,0,0,1,1,1,1,1,0,0,1,1,0,0,1,0,1,1,1,0,0,1,1,0,1,0,1,1,0,0,0,0
185470885,0,1,1,0,0,1,1,1,1,1,0,0,1,1,0,0,1,0,1,1,1,0,0,1,1,0,1,0,1,1,0,0,0,0
185977100,0,1,1,0,0,1,1,1,1,1,0,0,1,1,0,0,1,0,1,1,1,0,0,1,1,0,1,0,1,1,0,0,0,0
186481862,0,1,1,0,0,1,1,1,1,1,0,0,1,1,0,0,1,0,1,1,1,0,0,1,1,0,1,0,1,1,0,0,0,0
186984884,0,1,1,0,0,1,1,1,1,1,0,0,1,1,0,0,1,0,1,1,1,0,0,1,1,0,1,0,1,1,0,0,0,0
187487697,0,1,1,0,0,1,1,1,1,1,0,0,1,1,0,0,1,0,1,1,1,0,0,1,1,0,1,0,1,1,0,0,0,0
187997345,0,1,1,0,0,1,1,1,1,1,0,0,1,1,0,0,1,0,1,1,1,0,0,1,1,0,1,0,1,1,0,0,0,0
188498896,0,1,1,0,0,1,1,1,1,1,0,0,1,1,0,0,1,0,1,1,1,0,0,1,1,0,1,0,1,1,0,0,0,0
189001683,0,1,1,0,0,1,1,1,1,1,0,0,1,1,0,0,1,0,1,1,1,0,0,1,1,0,1,0,1,1,0,0,0,0
189511744,0,1,1,0,0,1,1,1,1,1,0,0,1,1,0,0,1,0,1,1,1,0,0,1,1,0,1,0,1,1,0,0,0,0
190020813,0,1,1,0,0,1,1,1,1,1,0,0,1,1,0,0,1,0,1,1,1,0,0,1,1,0,1,0,1,1,0,0,0,0
190526358,0,1,1,0,0,1,1,1,1,1,0,0,1,1,0,0,1,0,1,1,1,0,0,1,1,0,1,0,1,1,0,0,0,0
191030890,0,1,1,0,0,1,1,1,1,1,0,0,1,1,0,0,1,0,1,1,1,0,0,1,1,0,1,0,1,1,0,0,0,0
191534669,0,1,1,0,0,1,1,1,1,1,0,0,1,1,0,0,1,0,1,1,1,0,0,1,1,0,1,0,1,1,0,0,0,0
192035814,0,1,1,0,0,1,1,1,1,1,0,0,1,1,0,0,1,0,1,1,1,0,0,1,1,0,1,0,1,1,0,0,0,0
192542032,0,1,1,0,0,1,1,1,1,1,0,0,1,1,0,0,1,0,1,1,1,0,0,1,1,0,1,0,1,1,0,0,0,0
193051312,0,1,1,0,0,1,1,1,1,1,0,0,1,1,0,0,1,0,1,1,1,0,0,1,1,0,1,0,1,1,0,0,0,0
193562144,0,1,1,0,0,1,1,1,1,1,0,0,1,1,0,0,1,0,1,1,1,0,0,1,1,0,1,0,1,1,0,0,0,0
194071583,0,1,1,0,0,1,1,1,1,1,0,0,1,1,0,0,1,0,1,1,1,0,0,1,1,0,1,0,1,1,0,0,0,0
194577866,0,1,1,0,0,1,1,1,1,1,0,0,1,1,0,0,1,0,1,1,1,0,0,1,1,0,1,0,1,1,0,0,0,0
195084982,0,1,1,0,0,1,1,1,1,1,0,0,1,1,0,0,1,0,1,1,1,0,0,1,1,0,1,0,1,1,0,0,0,0
195592818,0,1,1,0,0,1,1,1,1,1,0,0,1,1,0,0,1,0,1,1,1,0,0,1,1,0,1,0,1,1,0,0,0,0
196098171,0,1,1,0,0,1,1,1,1,1,0,0,1,1,0,0,1,0,1,1,1,0,0,1,1,0,1,0,1,1,0,0,0,0
196602895,0,1,1,0,0,1,1,1,1,1,0,0,1,1,0,0,1,0,1,1,1,0,0,1,1,0,1,0,1,1,0,0,0,0
197107417,0,1,1,0,0,1,1,1,1,1,0,0,1,1,0,0,1,0,1,1,1,0,0,1,1,0,1,0,1,1,0,0,0,0
197608863,0,1,1,0,0,1,1,1,1,1,0,0,1,1,0,0,1,0,1,1,1,0,0,1,1,0,1,0,1,1,0,0,0,0
198119699,0,1,1,0,0,1,1,1,1,1,0,0,1,1,0,0,1,0,1,1,1,0,0,1,1,0,1,0,1,1,0,0,0,0
198620133,0,1,1,0,0,1,1,1,1,1,0,0,1,1,0,0,1,0,1,1,1,0,0,1,1,0,1,0,1,1,0,0,0,0
199127116,0,1,1,0,0,1,1,1,1,1,0,0,1,1,0,0,1,0,1,1,1,0,0,1,1,0,1,0,1,1,0,0,0,0
199632215,0,1,1,0,0,1,1,1,1,1,0,0,1,1,0,0,1,0,1,1,1,0,0,1,1,0,1,0,1,1,0,0,0,0
200138247,0,1,1,0,0,1,1,1,1,1,0,0,1,1,0,0,1,0,1,1,1,0,0,1,1,0,1,0,1,1,0,0,0,0
200641467,0,1,1,0,0,1,1,1,1,1,0,0,1,1,0,0,1,0,1,1,1,0,0,1,1,0,1,0,1,1,0,0,0,0
201142632,0,1,1,0,0,1,1,1,1,1,0,0,1,1,0,0,1,0,1,1,1,0,0,1,1,0,1,0,1,1,0,0,0,0
201653509,0,1,1,0,0,1,1,1,1,1,0,0,1,1,0,0,1,0,1,1,1,0,0,1,1,0,1,0,1,1,0,0,0,0
202160468,0,1,1,0,0,1,1,1,1,1,0,0,1,1,0,0,1,0,1,1,1,0,0,1,1,0,1,0,1,1,0,0,0,0
202660101,0,1,1,0,0,1,1,1,1,1,0,0,1,1,0,0,1,0,1,1,1,0,0,1,1,0,1,0,1,1,0,0,0,0
203165182,0,1,1,0,0,1,1,1,1,1,0,0,1,1,0,0,1,0,1,1,1,0,0,1,1,0,1,0,1,1,0,0,0,0
203674619,0,1,1,0,0,1,1,1,1,1,0,0,1,1,0,0,1,0,1,1,1,0,0,1,1,0,1,0,1,1,0,0,0,0
204180363,0,1,1,0,0,1,1,1,1,1,0,0,1,1,0,0,1,0,1,1,1,0,0,1,1,0,1,0,1,1,0,0,0,0
204683018,0,1,1,0,0,1,1,1,1,1,0,0,1,1,0,0,1,0,1,1,1,0,0,1,1,0,1,0,1,1,0,0,0,0
205185587,0,1,1,0,0,1,1,1,1,1,0,0,1,1,0,0,1,0,1,1,1,0,0,1,1,0,1,0,1,1,0,0,0,0
205685764,0,1,1,0,0,1,1,1,1,1,0,0,1,1,0,0,1,0,1,1,1,0,0,1,1,0,1,0,1,1,0,0,0,0
206186910,0,1,1,0,0,1,1,1,1,1,0,0,1,1,0,0,1,0,1,1,1,0,0,1,1,0,1,0,1,1,0,0,0,0
206693339,0,1,1,0,0,1,1,1,1,1,0,0,1,1,0,0,1,0,1,1,1,0,0,1,1,0,1,0,1,1,0,0,0,0
207017551,0,1,1,0,0,1,1,1,1,1,0,0,1,1,0,0,1,0,1,1,1,0,0,1,1,0,1,0,1,1,0,0,0,0
207527833,0,1,1,0,0,1,1,1,1,1,0,0,1,1,0,0,1,0,1,1,1,0,0,1,1,0,1,0,1,1,0,0,0,0
208028361,0,1,1,0,0,1,1,1,1,1,0,0,1,1,0,0,1,0,1,1,1,0,0,1,1,0,1,0,1,1,0,0,0,0
208530552,0,1,1,0,0,1,1,1,1,1,0,0,1,1,0,0,1,0,1,1,1,0,0,1,1,0,1,0,1,1,0,0,0,0
209030843,0,1,1,0,0,1,1,1,1,1,0,0,1,1,0,0,1,0,1,1,1,0,0,1,1,0,1,0,1,1,0,0,0,0
209540807,0,1,1,0,0,1,1,1,1,1,0,0,1,1,0,0,1,0,1,1,1,0,0,1,1,0,1,0,1,1,0,0,0,0
210046074,0,1,1,0,0,1,1,1,1,1,0,0,1,1,0,0,1,0,1,1,1,0,0,1,1,0,1,0,1,1,0,0,0,0
210555809,0,1,1,0,0,1,1,1,1,1,0,0,1,1,0,0,1,0,1,1,1,0,0,1,1,0,1,0,1,1,0,0,0,0
211061375,0,1,1,0,0,1,1,1,1,1,0,0,1,1,0,0,1,0,1,1,1,0,0,1,1,0,1,0,1,1,0,0,0,0
211572204,0,1,1,0,0,1,1,1,1,1,0,0,1,1,0,0,1,0,1,1,1,0,0,1,1,0,1,0,1,1,0,0,0,0
211922352,0,1,1,0,0,1,1,1,1,1,0,0,1,1,0,0,1,0,1,1,1,0,0,1,1,0,1,0,1,1,0,0,0,0
212327813,0,1,1,0,0,1,1,1,1,1,0,0,1,1,0,0,1,0,1,1,1,0,0,1,1,0,1,0,1,1,0,0,0,0
212827923,0,1,1,0,0,1,1,1,1,1,0,0,1,1,0,0,1,0,1,1,1,0,0,1,1,0,1,0,1,1,0,0,0,0
213328021,0,1,1,0,0,1,1,1,1,1,0,0,1,1,0,0,1,0,1,1,1,0,0,1,1,0,1,0,1,1,0,0,0,0
213829934,0,1,1,0,0,1,1,1,1,1,0,0,1,1,0,0,1,0,1,1,1,0,0,1,1,0,1,0,1,1,0,0,0,0
214336668,0,1,1,0,0,1,1,1,1,1,0,0,1,1,0,0,1,0,1,1,1,0,0,1,1,0,1,0,1,1,0,0,0,0
214839803,0,1,1,0,0,1,1,1,1,1,0,0,1,1,0,0,1,0,1,1,1,0,0,1,1,0,1,0,1,1,0,0,0,0
215341982,0,1,1,0,0,1,1,1,1,1,0,0,1,1,0,0,1,0,1,1,1,0,0,1,1,0,1,0,1,1,0,0,0,0
215848809,0,1,1,0,0,1,1,1,1,1,0,0,1,1,0,0,1,0,1,1,1,0,0,1,1,0,1,0,1,1,0,0,0,0
216350833,0,1,1,0,0,1,1,1,1,1,0,0,1,1,0,0,1,0,1,1,1,0,0,1,1,0,1,0,1,1,0,0,0,0
216851327,0,1,1,0,0,1,1,1,1,1,0,0,1,1,0,0,1,0,1,1,1,0,0,1,1,0,1,0,1,1,0,0,0,0
217361879,0,1,1,0,0,1,1,1,1,1,0,0,1,1,0,0,1,0,1,1,1,0,0,1,1,0,1,0,1,1,0,0,0,0
217872807,0,1,1,0,0,1,1,1,1,1,0,0,1,1,0,0,1,0,1,1,1,0,0,1,1,0,1,0,1,1,0,0,0,0
218372849,0,1,1,0,0,1,1,1,1,1,0,0,1,1,0,0,1,0,1,1,1,0,0,1,1,0,1,0,1,1,0,0,0,0
218873844,0,1,1,0,0,1,1,1,1,1,0,0,1,1,0,0,1,0,1,1,1,0,0,1,1,0,1,0,1,1,0,0,0,0
219385049,0,1,1,0,0,1,1,1,1,1,0,0,1,1,0,0,1,0,1,1,1,0,0,1,1,0,1,0,1,1,0,0,0,0
219885577,0,1,1,0,0,1,1,1,1,1,0,0,1,1,0,0,1,0,1,1,1,0,0,1,1,0,1,0,1,1,0,0,0,0
220394098,0,1,1,0,0,1,1,1,1,1,0,0,1,1,0,0,1,0,1,1,1,0,0,1,1,0,1,0,1,1,0,0,0,0
220907576,0,1,1,0,0,1,1,1,1,1,0,0,1,1,0,0,1,0,1,1,1,0,0,1,1,0,1,0,1,1,0,0,0,0
221416914,0,1,1,0,0,1,1,1,1,1,0,0,1,1,0,0,1,0,1,1,1,0,0,1,1,0,1,0,1,1,0,0,0,0
221918836,0,1,1,0,0,1,1,1,1,1,0,0,1,1,0,0,1,0,1,1,1,0,0,1,1,0,1,0,1,1,0,0,0,0
222428939,0,1,1,0,0,1,1,1,1,1,0,0,1,1,0,0,1,0,1,1,1,0,0,1,1,0,1,0,1,1,0,0,0,0
222931403,0,1,1,0,0,1,1,1,1,1,0,0,1,1,0,0,1,0,1,1,1,0,0,1,1,0,1,0,1,1,0,0,0,0
223440810,0,1,1,0,0,1,1,1,1,1,0,0,1,1,0,0,1,0,1,1,1,0,0,1,1,0,1,0,1,1,0,0,0,0
223940823,0,1,1,0,0,1,1,1,1,1,0,0,1,1,0,0,1,0,1,1,1,0,0,1,1,0,1,0,1,1,0,0,0,0
224441213,0,1,1,0,0,1,1,1,1,1,0,0,1,1,0,0,1,0,1,1,1,0,0,1,1,0,1,0,1,1,0,0,0,0
224950951,0,1,1,0,0,1,1,1,1,1,0,0,1,1,0,0,1,0,1,1,1,0,0,1,1,0,1,0,1,1,0,0,0,0
225457916,0,1,1,0,0,1,1,1,1,1,0,0,1,1,0,0,1,0,1,1,1,0,0,1,1,0,1,0,1,1,0,0,0,0
225961895,0,1,1,0,0,1,1,1,1,1,0,0,1,1,0,0,1,0,1,1,1,0,0,1,1,0,1,0,1,1,0,0,0,0
226471805,0,1,1,0,0,1,1,1,1,1,0,0,1,1,0,0,1,0,1,1,1,0,0,1,1,0,1,0,1,1,0,0,0,0
226973909,0,1,1,0,0,1,1,1,1,1,0,0,1,1,0,0,1,0,1,1,1,0,0,1,1,0,1,0,1,1,0,0,0,0
227474957,0,1,1,0,0,1,1,1,1,1,0,0,1,1,0,0,1,0,1,1,1,0,0,1,1,0,1,0,1,1,0,0,0,0
227985073,0,1,1,0,0,1,1,1,1,1,0,0,1,1,0,0,1,0,1,1,1,0,0,1,1,0,1,0,1,1,0,0,0,0
228494949,0,1,1,0,0,1,1,1,1,1,0,0,1,1,0,0,1,0,1,1,1,0,0,1,1,0,1,0,1,1,0,0,0,0
229005847,0,1,1,0,0,1,1,1,1,1,0,0,1,1,0,0,1,0,1,1,1,0,0,1,1,0,1,0,1,1,0,0,0,0
229507349,0,1,1,0,0,1,1,1,1,1,0,0,1,1,0,0,1,0,1,1,1,0,0,1,1,0,1,0,1,1,0,0,0,0
230017781,0,1,1,0,0,1,1,1,1,1,0,0,1,1,0,0,1,0,1,1,1,0,0,1,1,0,1,0,1,1,0,0,0,0
230517806,0,1,1,0,0,1,1,1,1,1,0,0,1,1,0,0,1,0,1,1,1,0,0,1,1,0,1,0,1,1,0,0,0,0
231025947,0,1,1,0,0,1,1,1,1,1,0,0,1,1,0,0,1,0,1,1,1,0,0,1,1,0,1,0,1,1,0,0,0,0
231529837,0,1,1,0,0,1,1,1,1,1,0,0,1,1,0,0,1,0,1,1,1,0,0,1,1,0,1,0,1,1,0,0,0,0
232038809,0,1,1,0,0,1,1,1,1,1,0,0,1,1,0,0,1,0,1,1,1,0,0,1,1,0,1,0,1,1,0,0,0,0
232538864,0,1,1,0,0,1,1,1,1,1,0,0,1,1,0,0,1,0,1,1,1,0,0,1,1,0,1,0,1,1,0,0,0,0
233038870,0,1,1,0,0,1,1,1,1,1,0,0,1,1,0,0,1,0,1,1,1,0,0,1,1,0,1,0,1,1,0,0,0,0
233541855,0,1,1,0,0,1,1,1,1,1,0,0,1,1,0,0,1,0,1,1,1,0,0,1,1,0,1,0,1,1,0,0,0,0
234043373,0,1,1,0,0,1,1,1,1,1,0,0,1,1,0,0,1,0,1,1,1,0,0,1,1,0,1,0,1,1,0,0,0,0
234550838,0,1,1,0,0,1,1,1,1,1,0,0,1,1,0,0,1,0,1,1,1,0,0,1,1,0,1,0,1,1,0,0,0,0
235051407,0,1,1,0,0,1,1,1,1,1,0,0,1,1,0,0,1,0,1,1,1,0,0,1,1,0,1,0,1,1,0,0,0,0
235561754,0,1,1,0,0,1,1,1,1,1,0,0,1,1,0,0,1,0,1,1,1,0,0,1,1,0,1,0,1,1,0,0,0,0
236063849,0,1,1,0,0,1,1,1,1,1,0,0,1,1,0,0,1,0,1,1,1,0,0,1,1,0,1,0,1,1,0,0,0,0
236563875,0,1,1,0,0,1,1,1,1,1,0,0,1,1,0,0,1,0,1,1,1,0,0,1,1,0,1,0,1,1,0,0,0,0
237073809,0,1,1,0,0,1,1,1,1,1,0,0,1,1,0,0,1,0,1,1,1,0,0,1,1,0,1,0,1,1,0,0,0,0
237575032,0,1,1,0,0,1,1,1,1,1,0,0,1,1,0,0,1,0,1,1,1,0,0,1,1,0,1,0,1,1,0,0,0,0
238077682,0,1,1,0,0,1,1,1,1,1,0,0,1,1,0,0,1,0,1,1,1,0,0,1,1,0,1,0,1,1,0,0,0,0
238586942,0,1,1,0,0,1,1,1,1,1,0,0,1,1,0,0,1,0,1,1,1,0,0,1,1,0,1,0,1,1,0,0,0,0
239087870,0,1,1,0,0,1,1,1,1,1,0,0,1,1,0,0,1,0,1,1,1,0,0,1,1,0,1,0,1,1,0,0,0,0
239597847,0,1,1,0,0,1,1,1,1,1,0,0,1,1,0,0,1,0,1,1,1,0,0,1,1,0,1,0,1,1,0,0,0,0
240105900,0,1,1,0,0,1,1,1,1,1,0,0,1,1,0,0,1,0,1,1,1,0,0,1,1,0,1,0,1,1,0,0,0,0
240607781,0,1,1,0,0,1,1,1,1,1,0,0,1,1,0,0,1,0,1,1,1,0,0,1,1,0,1,0,1,1,0,0,0,0
241117808,0,1,1,0,0,1,1,1,1,1,0,0,1,1,0,0,1,0,1,1,1,0,0,1,1,0,1,0,1,1,0,0,0,0
241620375,0,1,1,0,0,1,1,1,1,1,0,0,1,1,0,0,1,0,1,1,1,0,0,1,1,0,1,0,1,1,0,0,0,0
242122384,0,1,1,0,0,1,1,1,1,1,0,0,1,1,0,0,1,0,1,1,1,0,0,1,1,0,1,0,1,1,0,0,0,0
242625141,0,1,1,0,0,1,1,1,1,1,0,0,1,1,0,0,1,0,1,1,1,0,0,1,1,0,1,0,1,1,0,0,0,0
243135870,0,1,1,0,0,1,1,1,1,1,0,0,1,1,0,0,1,0,1,1,1,0,0,1,1,0,1,0,1,1,0,0,0,0
243639938,0,1,1,0,0,1,1,1,1,1,0,0,1,1,0,0,1,0,1,1,1,0,0,1,1,0,1,0,1,1,0,0,0,0
244151351,0,1,1,0,0,1,1,1,1,1,0,0,1,1,0,0,1,0,1,1,1,0,0,1,1,0,1,0,1,1,0,0,0,0
244658831,0,1,1,0,0,1,1,1,1,1,0,0,1,1,0,0,1,0,1,1,1,0,0,1,1,0,1,0,1,1,0,0,0,0
245161808,0,1,1,0,0,1,1,1,1,1,0,0,1,1,0,0,1,0,1,1,1,0,0,1,1,0,1,0,1,1,0,0,0,0
245661977,0,1,1,0,0,1,1,1,1,1,0,0,1,1,0,0,1,0,1,1,1,0,0,1,1,0,1,0,1,1,0,0,0,0
246166844,0,1,1,0,0,1,1,1,1,1,0,0,1,1,0,0,1,0,1,1,1,0,0,1,1,0,1,0,1,1,0,0,0,0
246667115,0,1,1,0,0,1,1,1,1,1,0,0,1,1,0,0,1,0,1,1,1,0,0,1,1,0,1,0,1,1,0,0,0,0
247170825,0,1,1,0,0,1,1,1,1,1,0,0,1,1,0,0,1,0,1,1,1,0,0,1,1,0,1,0,1,1,0,0,0,0
247672808,0,1,1,0,0,1,1,1,1,1,0,0,1,1,0,0,1,0,1,1,1,0,0,1,1,0,1,0,1,1,0,0,0,0
248172938,0,1,1,0,0,1,1,1,1,1,0,0,1,1,0,0,1,0,1,1,1,0,0,1,1,0,1,0,1,1,0,0,0,0
248681945,0,1,1,0,0,1,1,1,1,1,0,0,1,1,0,0,1,0,1,1,1,0,0,1,1,0,1,0,1,1,0,0,0,0
249183820,0,1,1,0,0,1,1,1,1,1,0,0,1,1,0,0,1,0,1,1,1,0,0,1,1,0,1,0,1,1,0,0,0,0
249683850,0,1,1,0,0,1,1,1,1,1,0,0,1,1,0,0,1,0,1,1,1,0,0,1,1,0,1,0,1,1,0,0,0,0
250186401,0,1,1,0,0,1,1,1,1,1,0,0,1,1,0,0,1,0,1,1,1,0,0,1,1,0,1,0,1,1,0,0,0,0
250694859,0,1,1,0,0,1,1,1,1,1,0,0,1,1,0,0,1,0,1,1,1,0,0,1,1,0,1,0,1,1,0,0,0,0
251196882,0,1,1,0,0,1,1,1,1,1,0,0,1,1,0,0,1,0,1,1,1,0,0,1,1,0,1,0,1,1,0,0,0,0
251697240,0,1,1,0,0,1,1,1,1,1,0,0,1,1,0,0,1,0,1,1,1,0,0,1,1,0,1,0,1,1,0,0,0,0
252198405,0,1,1,0,0,1,1,1,1,1,0,0,1,1,0,0,1,0,1,1,1,0,0,1,1,0,1,0,1,1,0,0,0,0
252702058,0,1,1,0,0,1,1,1,1,1,0,0,1,1,0,0,1,0,1,1,1,0,0,1,1,0,1,0,1,1,0,0,0,0
253202916,0,1,1,0,0,1,1,1,1,1,0,0,1,1,0,0,1,0,1,1,1,0,0,1,1,0,1,0,1,1,0,0,0,0
253705819,0,1,1,0,0,1,1,1,1,1,0,0,1,1,0,0,1,0,1,1,1,0,0,1,1,0,1,0,1,1,0,0,0,0
254216166,0,1,1,0,0,1,1,1,1,1,0,0,1,1,0,0,1,0,1,1,1,0,0,1,1,0,1,0,1,1,0,0,0,0
254717814,0,1,1,0,0,1,1,1,1,1,0,0,1,1,0,0,1,0,1,1,1,0,0,1,1,0,1,0,1,1,0,0,0,0
255227379,0,1,1,0,0,1,1,1,1,1,0,0,1,1,0,0,1,0,1,1,1,0,0,1,1,0,1,0,1,1,0,0,0,0
255738343,0,1,1,0,0,1,1,1,1,1,0,0,1,1,0,0,1,0,1,1,1,0,0,1,1,0,1,0,1,1,0,0,0,0
256238864,0,1,1,0,0,1,1,1,1,1,0,0,1,1,0,0,1,0,1,1,1,0,0,1,1,0,1,0,1,1,0,0,0,0
256740826,0,1,1,0,0,1,1,1,1,1,0,0,1,1,0,0,1,0,1,1,1,0,0,1,1,0,1,0,1,1,0,0,0,0
257249983,0,1,1,0,0,1,1,1,1,1,0,0,1,1,0,0,1,0,1,1,1,0,0,1,1,0,1,0,1,1,0,0,0,0
257750364,0,1,1,0,0,1,1,1,1,1,0,0,1,1,0,0,1,0,1,1,1,0,0,1,1,0,1,0,1,1,0,0,0,0
258260823,0,1,1,0,0,1,1,1,1,1,0,0,1,1,0,0,1,0,1,1,1,0,0,1,1,0,1,0,1,1,0,0,0,0
258760850,0,1,1,0,0,1,1,1,1,1,0,0,1,1,0,0,1,0,1,1,1,0,0,1,1,0,1,0,1,1,0,0,0,0
259263932,0,1,1,0,0,1,1,1,1,1,0,0,1,1,0,0,1,0,1,1,1,0,0,1,1,0,1,0,1,1,0,0,0,0
259763944,0,1,1,0,0,1,1,1,1,1,0,0,1,1,0,0,1,0,1,1,1,0,0,1,1,0,1,0,1,1,0,0,0,0
260273870,0,1,1,0,0,1,1,1,1,1,0,0,1,1,0,0,1,0,1,1,1,0,0,1,1,0,1,0,1,1,0,0,0,0
260784202,0,1,1,0,0,1,1,1,1,1,0,0,1,1,0,0,1,0,1,1,1,0,0,1,1,0,1,0,1,1,0,0,0,0
261288891,0,1,1,0,0,1,1,1,1,1,0,0,1,1,0,0,1,0,1,1,1,0,0,1,1,0,1,0,1,1,0,0,0,0
261789899,0,1,1,0,0,1,1,1,1,1,0,0,1,1,0,0,1,0,1,1,1,0,0,1,1,0,1,0,1,1,0,0,0,0
262295847,0,1,1,0,0,1,1,1,1,1,0,0,1,1,0,0,1,0,1,1,1,0,0,1,1,0,1,0,1,1,0,0,0,0
262804893,0,1,1,0,0,1,1,1,1,1,0,0,1,1,0,0,1,0,1,1,1,0,0,1,1,0,1,0,1,1,0,0,0,0
263307824,0,1,1,0,0,1,1,1,1,1,0,0,1,1,0,0,1,0,1,1,1,0,0,1,1,0,1,0,1,1,0,0,0,0
263809860,0,1,1,0,0,1,1,1,1,1,0,0,1,1,0,0,1,0,1,1,1,0,0,1,1,0,1,0,1,1,0,0,0,0
264319027,0,1,1,0,0,1,1,1,1,1,0,0,1,1,0,0,1,0,1,1,1,0,0,1,1,0,1,0,1,1,0,0,0,0
264829959,0,1,1,0,0,1,1,1,1,1,0,0,1,1,0,0,1,0,1,1,1,0,0,1,1,0,1,0,1,1,0,0,0,0
265332233,0,1,1,0,0,1,1,1,1,1,0,0,1,1,0,0,1,0,1,1,1,0,0,1,1,0,1,0,1,1,0,0,0,0
265838209,0,1,1,0,0,1,1,1,1,1,0,0,1,1,0,0,1,0,1,1,1,0,0,1,1,0,1,0,1,1,0,0,0,0
266344295,0,1,1,0,0,1,1,1,1,1,0,0,1,1,0,0,1,0,1,1,1,0,0,1,1,0,1,0,1,1,0,0,0,0
266846227,0,1,1,0,0,1,1,1,1,1,0,0,1,1,0,0,1,0,1,1,1,0,0,1,1,0,1,0,1,1,0,0,0,0
267350916,0,1,1,0,0,1,1,1,1,1,0,0,1,1,0,0,1,0,1,1,1,0,0,1,1,0,1,0,1,1,0,0,0,0
267855289,0,1,1,0,0,1,1,1,1,1,0,0,1,1,0,0,1,0,1,1,1,0,0,1,1,0,1,0,1,1,0,0,0,0
268358909,0,1,1,0,0,1,1,1,1,1,0,0,1,1,0,0,1,0,1,1,1,0,0,1,1,0,1,0,1,1,0,0,0,0
268859957,0,1,1,0,0,1,1,1,1,1,0,0,1,1,0,0,1,0,1,1,1,0,0,1,1,0,1,0,1,1,0,0,0,0
269361839,0,1,1,0,0,1,1,1,1,1,0,0,1,1,0,0,1,0,1,1,1,0,0,1,1,0,1,0,1,1,0,0,0,0
269871327,0,1,1,0,0,1,1,1,1,1,0,0,1,1,0,0,1,0,1,1,1,0,0,1,1,0,1,0,1,1,0,0,0,0
270382014,0,1,1,0,0,1,1,1,1,1,0,0,1,1,0,0,1,0,1,1,1,0,0,1,1,0,1,0,1,1,0,0,0,0
270884856,0,1,1,0,0,1,1,1,1,1,0,0,1,1,0,0,1,0,1,1,1,0,0,1,1,0,1,0,1,1,0,0,0,0
271387810,0,1,1,0,0,1,1,1,1,1,0,0,1,1,0,0,1,0,1,1,1,0,0,1,1,0,1,0,1,1,0,0,0,0
271896371,0,1,1,0,0,1,1,1,1,1,0,0,1,1,0,0,1,0,1,1,1,0,0,1,1,0,1,0,1,1,0,0,0,0
272398042,0,1,1,0,0,1,1,1,1,1,0,0,1,1,0,0,1,0,1,1,1,0,0,1,1,0,1,0,1,1,0,0,0,0
272902810,0,1,1,0,0,1,1,1,1,1,0,0,1,1,0,0,1,0,1,1,1,0,0,1,1,0,1,0,1,1,0,0,0,0
273407846,0,1,1,0,0,1,1,1,1,1,0,0,1,1,0,0,1,0,1,1,1,0,0,1,1,0,1,0,1,1,0,0,0,0
273907871,0,1,1,0,0,1,1,1,1,1,0,0,1,1,0,0,1,0,1,1,1,0,0,1,1,0,1,0,1,1,0,0,0,0
274408808,0,1,1,0,0,1,1,1,1,1,0,0,1,1,0,0,1,0,1,1,1,0,0,1,1,0,1,0,1,1,0,0,0,0
274911176,0,1,1,0,0,1,1,1,1,1,0,0,1,1,0,0,1,0,1,1,1,0,0,1,1,0,1,0,1,1,0,0,0,0
275411807,0,1,1,0,0,1,1,1,1,1,0,0,1,1,0,0,1,0,1,1,1,0,0,1,1,0,1,0,1,1,0,0,0,0
275914916,0,1,1,0,0,1,1,1,1,1,0,0,1,1,0,0,1,0,1,1,1,0,0,1,1,0,1,0,1,1,0,0,0,0
276417848,0,1,1,0,0,1,1,1,1,1,0,0,1,1,0,0,1,0,1,1,1,0,0,1,1,0,1,0,1,1,0,0,0,0
276929039,0,1,1,0,0,1,1,1,1,1,0,0,1,1,0,0,1,0,1,1,1,0,0,1,1,0,1,0,1,1,0,0,0,0
277432834,0,1,1,0,0,1,1,1,1,1,0,0,1,1,0,0,1,0,1,1,1,0,0,1,1,0,1,0,1,1,0,0,0,0
277937699,0,1,1,0,0,1,1,1,1,1,0,0,1,1,0,0,1,0,1,1,1,0,0,1,1,0,1,0,1,1,0,0,0,0
278439791,0,1,1,0,0,1,1,1,1,1,0,0,1,1,0,0,1,0,1,1,1,0,0,1,1,0,1,0,1,1,0,0,0,0
278940266,0,1,1,0,0,1,1,1,1,1,0,0,1,1,0,0,1,0,1,1,1,0,0,1,1,0,1,0,1,1,0,0,0,0
279444450,0,1,1,0,0,1,1,1,1,1,0,0,1,1,0,0,1,0,1,1,1,0,0,1,1,0,1,0,1,1,0,0,0,0
279947069,0,1,1,0,0,1,1,1,1,1,0,0,1,1,0,0,1,0,1,1,1,0,0,1,1,0,1,0,1,1,0,0,0,0
280457350,0,1,1,0,0,1,1,1,1,1,0,0,1,1,0,0,1,0,1,1,1,0,0,1,1,0,1,0,1,1,0,0,0,0
280967203,0,1,1,0,0,1,1,1,1,1,0,0,1,1,0,0,1,0,1,1,1,0,0,1,1,0,1,0,1,1,0,0,0,0
281468811,0,1,1,0,0,1,1,1,1,1,0,0,1,1,0,0,1,0,1,1,1,0,0,1,1,0,1,0,1,1,0,0,0,0
281971474,0,1,1,0,0,1,1,1,1,1,0,0,1,1,0,0,1,0,1,1,1,0,0,1,1,0,1,0,1,1,0,0,0,0
282473809,0,1,1,0,0,1,1,1,1,1,0,0,1,1,0,0,1,0,1,1,1,0,0,1,1,0,1,0,1,1,0,0,0,0
282976517,0,1,1,0,0,1,1,1,1,1,0,0,1,1,0,0,1,0,1,1,1,0,0,1,1,0,1,0,1,1,0,0,0,0
283477811,0,1,1,0,0,1,1,1,1,1,0,0,1,1,0,0,1,0,1,1,1,0,0,1,1,0,1,0,1,1,0,0,0,0
283980849,0,1,1,0,0,1,1,1,1,1,0,0,1,1,0,0,1,0,1,1,1,0,0,1,1,0,1,0,1,1,0,0,0,0
284480876,0,1,1,0,0,1,1,1,1,1,0,0,1,1,0,0,1,0,1,1,1,0,0,1,1,0,1,0,1,1,0,0,0,0
284988559,0,1,1,0,0,1,1,1,1,1,0,0,1,1,0,0,1,0,1,1,1,0,0,1,1,0,1,0,1,1,0,0,0,0
285498798,0,1,1,0,0,1,1,1,1,1,0,0,1,1,0,0,1,0,1,1,1,0,0,1,1,0,1,0,1,1,0,0,0,0
286008111,0,1,1,0,0,1,1,1,1,1,0,0,1,1,0,0,1,0,1,1,1,0,0,1,1,0,1,0,1,1,0,0,0,0
286514687,0,1,1,0,0,1,1,1,1,1,0,0,1,1,0,0,1,0,1,1,1,0,0,1,1,0,1,0,1,1,0,0,0,0
287025528,0,1,1,0,0,1,1,1,1,1,0,0,1,1,0,0,1,0,1,1,1,0,0,1,1,0,1,0,1,1,0,0,0,0
287535808,0,1,1,0,0,1,1,1,1,1,0,0,1,1,0,0,1,0,1,1,1,0,0,1,1,0,1,0,1,1,0,0,0,0
288045837,0,1,1,0,0,1,1,1,1,1,0,0,1,1,0,0,1,0,1,1,1,0,0,1,1,0,1,0,1,1,0,0,0,0
288548883,0,1,1,0,0,1,1,1,1,1,0,0,1,1,0,0,1,0,1,1,1,0,0,1,1,0,1,0,1,1,0,0,0,0
289058808,0,1,1,0,0,1,1,1,1,1,0,0,1,1,0,0,1,0,1,1,1,0,0,1,1,0,1,0,1,1,0,0,0,0
289568952,0,1,1,0,0,1,1,1,1,1,0,0,1,1,0,0,1,0,1,1,1,0,0,1,1,0,1,0,1,1,0,0,0,0
290077423,0,1,1,0,0,1,1,1,1,1,0,0,1,1,0,0,1,0,1,1,1,0,0,1,1,0,1,0,1,1,0,0,0,0
290583668,0,1,1,0,0,1,1,1,1,1,0,0,1,1,0,0,1,0,1,1,1,0,0,1,1,0,1,0,1,1,0,0,0,0
291086168,0,1,1,0,0,1,1,1,1,1,0,0,1,1,0,0,1,0,1,1,1,0,0,1,1,0,1,0,1,1,0,0,0,0
291586850,0,1,1,0,0,1,1,1,1,1,0,0,1,1,0,0,1,0,1,1,1,0,0,1,1,0,1,0,1,1,0,0,0,0
292090954,0,1,1,0,0,1,1,1,1,1,0,0,1,1,0,0,1,0,1,1,1,0,0,1,1,0,1,0,1,1,0,0,0,0
292595868,0,1,1,0,0,1,1,1,1,1,0,0,1,1,0,0,1,0,1,1,1,0,0,1,1,0,1,0,1,1,0,0,0,0
293102115,0,1,1,0,0,1,1,1,1,1,0,0,1,1,0,0,1,0,1,1,1,0,0,1,1,0,1,0,1,1,0,0,0,0
293602871,0,1,1,0,0,1,1,1,1,1,0,0,1,1,0,0,1,0,1,1,1,0,0,1,1,0,1,0,1,1,0,0,0,0
294104962,0,1,1,0,0,1,1,1,1,1,0,0,1,1,0,0,1,0,1,1,1,0,0,1,1,0,1,0,1,1,0,0,0,0
294613810,0,1,1,0,0,1,1,1,1,1,0,0,1,1,0,0,1,0,1,1,1,0,0,1,1,0,1,0,1,1,0,0,0,0
295118868,0,1,1,0,0,1,1,1,1,1,0,0,1,1,0,0,1,0,1,1,1,0,0,1,1,0,1,0,1,1,0,0,0,0
295627880,0,1,1,0,0,1,1,1,1,1,0,0,1,1,0,0,1,0,1,1,1,0,0,1,1,0,1,0,1,1,0,0,0,0
296128034,0,1,1,0,0,1,1,1,1,1,0,0,1,1,0,0,1,0,1,1,1,0,0,1,1,0,1,0,1,1,0,0,0,0
296629084,0,1,1,0,0,1,1,1,1,1,0,0,1,1,0,0,1,0,1,1,1,0,0,1,1,0,1,0,1,1,0,0,0,0
297131840,0,1,1,0,0,1,1,1,1,1,0,0,1,1,0,0,1,0,1,1,1,0,0,1,1,0,1,0,1,1,0,0,0,0
297639913,0,1,1,0,0,1,1,1,1,1,0,0,1,1,0,0,1,0,1,1,1,0,0,1,1,0,1,0,1,1,0,0,0,0
298140805,0,1,1,0,0,1,1,1,1,1,0,0,1,1,0,0,1,0,1,1,1,0,0,1,1,0,1,0,1,1,0,0,0,0
298651014,0,1,1,0,0,1,1,1,1,1,0,0,1,1,0,0,1,0,1,1,1,0,0,1,1,0,1,0,1,1,0,0,0,0
299159856,0,1,1,0,0,1,1,1,1,1,0,0,1,1,0,0,1,0,1,1,1,0,0,1,1,0,1,0,1,1,0,0,0,0
299666823,0,1,1,0,0,1,1,1,1,1,0,0,1,1,0,0,1,0,1,1,1,0,0,1,1,0,1,0,1,1,0,0,0,0
300169115,0,1,1,0,0,1,1,1,1,1,0,0,1,1,0,0,1,0,1,1,1,0,0,1,1,0,1,0,1,1,0,0,0,0
300675807,0,1,1,0,0,1,1,1,1,1,0,0,1,1,0,0,1,0,1,1,1,0,0,1,1,0,1,0,1,1,0,0,0,0
301181972,0,1,1,0,0,1,1,1,1,1,0,0,1,1,0,0,1,0,1,1,1,0,0,1,1,0,1,0,1,1,0,0,0,0
301693038,0,1,1,0,0,1,1,1,1,1,0,0,1,1,0,0,1,0,1,1,1,0,0,1,1,0,1,0,1,1,0,0,0,0
302193622,0,1,1,0,0,1,1,1,1,1,0,0,1,1,0,0,1,0,1,1,1,0,0,1,1,0,1,0,1,1,0,0,0,0
302699340,0,1,1,0,0,1,1,1,1,1,0,0,1,1,0,0,1,0,1,1,1,0,0,1,1,0,1,0,1,1,0,0,0,0
303201060,0,1,1,0,0,1,1,1,1,1,0,0,1,1,0,0,1,0,1,1,1,0,0,1,1,0,1,0,1,1,0,0,0,0
303704909,0,1,1,0,0,1,1,1,1,1,0,0,1,1,0,0,1,0,1,1,1,0,0,1,1,0,1,0,1,1,0,0,0,0
304206496,0,1,1,0,0,1,1,1,1,1,0,0,1,1,0,0,1,0,1,1,1,0,0,1,1,0,1,0,1,1,0,0,0,0
304709948,0,1,1,0,0,1,1,1,1,1,0,0,1,1,0,0,1,0,1,1,1,0,0,1,1,0,1,0,1,1,0,0,0,0
305210845,0,1,1,0,0,1,1,1,1,1,0,0,1,1,0,0,1,0,1,1,1,0,0,1,1,0,1,0,1,1,0,0,0,0
305716807,0,1,1,0,0,1,1,1,1,1,0,0,1,1,0,0,1,0,1,1,1,0,0,1,1,0,1,0,1,1,0,0,0,0
306218579,0,1,1,0,0,1,1,1,1,1,0,0,1,1,0,0,1,0,1,1,1,0,0,1,1,0,1,0,1,1,0,0,0,0
306722829,0,1,1,0,0,1,1,1,1,1,0,0,1,1,0,0,1,0,1,1,1,0,0,1,1,0,1,0,1,1,0,0,0,0
307223956,0,1,1,0,0,1,1,1,1,1,0,0,1,1,0,0,1,0,1,1,1,0,0,1,1,0,1,0,1,1,0,0,0,0
307734896,0,1,1,0,0,1,1,1,1,1,0,0,1,1,0,0,1,0,1,1,1,0,0,1,1,0,1,0,1,1,0,0,0,0
307983248,0,1,1,0,0,1,1,1,1,1,0,0,1,1,0,0,1,0,1,1,1,0,0,1,1,0,1,0,1,1,0,0,0,0
308485400,0,1,1,0,0,1,1,1,1,1,0,0,1,1,0,0,1,0,1,1,1,0,0,1,1,0,1,0,1,1,0,0,0,0
